turma_id,semestre,codigo,turma,dia,inicio,fim,sala,valor_original,sala_fonte
2025-1-TCC00284-A1,2025-1,TCC00284,A1,sexta,09:00,13:00,206,"9/13
206",original
2025-1-TCC00285-A1,2025-1,TCC00285,A1,terca,11:00,13:00,215,"11/13
215",original
2025-1-TCC00285-A1,2025-1,TCC00285,A1,quinta,11:00,13:00,215,"11/13
215",original
2025-1-TCC00286-A1,2025-1,TCC00286,A1,terca,09:00,11:00,302,09/11 302,original
2025-1-TCC00286-A1,2025-1,TCC00286,A1,quinta,09:00,11:00,302,09/11 302,original
2025-1-TCC00286-B1,2025-1,TCC00286,B1,terca,09:00,11:00,308,09/11 308,original
2025-1-TCC00286-B1,2025-1,TCC00286,B1,quinta,09:00,11:00,308,09/11 308,original
2025-1-TCC00349-A1,2025-1,TCC00349,A1,terca,09:00,11:00,404B,09/11 404B,original
2025-1-TCC00349-A1,2025-1,TCC00349,A1,quinta,09:00,11:00,404B,09/11 404B,original
2025-1-TCC00336-A1,2025-1,TCC00336,A1,segunda,20:00,22:00,321,"20/22
321",original
2025-1-TCC00336-A1,2025-1,TCC00336,A1,quarta,20:00,22:00,321,"20/22
321",original
2025-1-TCC00287-A1,2025-1,TCC00287,A1,segunda,09:00,11:00,321,"09/11
321",original
2025-1-TCC00287-A1,2025-1,TCC00287,A1,quarta,09:00,11:00,321,"09/11
321",original
2025-1-TCC00288-A1,2025-1,TCC00288,A1,segunda,07:00,09:00,L302,"07/09
L302",original
2025-1-TCC00288-A1,2025-1,TCC00288,A1,quarta,07:00,09:00,L302,"07/09
L302",original
2025-1-TCC00289-A1,2025-1,TCC00289,A1,segunda,09:00,11:00,215,"09/11
215",original
2025-1-TCC00289-A1,2025-1,TCC00289,A1,quarta,09:00,11:00,215,"09/11
215",original
2025-1-TCC00290-A1,2025-1,TCC00290,A1,quinta,11:00,13:00,217,"11/13
217",original
2025-1-TCC00222-A1,2025-1,TCC00222,A1,quinta,18:00,22:00,213,"18/22
213",original
2025-1-TCC00291-A1,2025-1,TCC00291,A1,segunda,11:00,13:00,319,"11/13
319",original
2025-1-TCC00291-A1,2025-1,TCC00291,A1,quarta,11:00,13:00,319,"11/13
319",original
2025-1-TCC00226-A1,2025-1,TCC00226,A1,segunda,09:00,11:00,L302,09/11 L302,original
2025-1-TCC00226-A1,2025-1,TCC00226,A1,quarta,09:00,11:00,L302,09/11 L302,original
2025-1-TCC00226-X1,2025-1,TCC00226,X1,segunda,11:00,13:00,L302,11/13 L302,original
2025-1-TCC00226-X1,2025-1,TCC00226,X1,quarta,11:00,13:00,L302,11/13 L302,original
2025-1-TCC00368-A1,2025-1,TCC00368,A1,sexta,18:00,22:00,217,"18/22
217",original
2025-1-TCC00225-A1,2025-1,TCC00225,A1,terca,18:00,20:00,217,"18/20
217",original
2025-1-TCC00225-A1,2025-1,TCC00225,A1,quinta,18:00,20:00,217,"18/20
217",original
2025-1-TCC00292-A1,2025-1,TCC00292,A1,sexta,09:00,13:00,404B,"09/13
404B",original
2025-1-TCC00293-A1,2025-1,TCC00293,A1,segunda,09:00,11:00,217,09/11 217,original
2025-1-TCC00293-A1,2025-1,TCC00293,A1,quarta,09:00,11:00,217,09/11 217,original
2025-1-TCC00348-A1,2025-1,TCC00348,A1,terca,11:00,13:00,204,"11/13
204",original
2025-1-TCC00348-A1,2025-1,TCC00348,A1,quinta,11:00,13:00,204,"11/13
204",original
2025-1-TCC00348-B1,2025-1,TCC00348,B1,terca,11:00,13:00,319,"11/13
319",original
2025-1-TCC00348-B1,2025-1,TCC00348,B1,quinta,11:00,13:00,319,"11/13
319",original
2025-1-TCC00331-A1,2025-1,TCC00331,A1,segunda,18:00,20:00,404B,"18/20
404B",original
2025-1-TCC00331-A1,2025-1,TCC00331,A1,quarta,18:00,20:00,L306,"18/20
L306",original
2025-1-TCC00331-X1,2025-1,TCC00331,X1,terca,20:00,22:00,308,"20/22
308",original
2025-1-TCC00331-X1,2025-1,TCC00331,X1,quinta,20:00,22:00,L306,"20/22
L306",original
2025-1-TCC00296-A1,2025-1,TCC00296,A1,terca,14:00,16:00,302,"14/16
302",original
2025-1-TCC00296-A1,2025-1,TCC00296,A1,quinta,14:00,16:00,302,"14/16
302",original
2025-1-TCC00296-B1,2025-1,TCC00296,B1,terca,14:00,16:00,321,"14/16
321",original
2025-1-TCC00296-B1,2025-1,TCC00296,B1,quinta,14:00,16:00,321,"14/16
321",original
2025-1-TCC00332-A1,2025-1,TCC00332,A1,terca,18:00,20:00,319,"18/20
319",original
2025-1-TCC00332-A1,2025-1,TCC00332,A1,quinta,18:00,20:00,319,"18/20
319",original
2025-1-TCC00332-B1,2025-1,TCC00332,B1,terca,20:00,22:00,317,"20/22
317",original
2025-1-TCC00332-B1,2025-1,TCC00332,B1,quinta,20:00,22:00,317,"20/22
317",original
2025-1-TCC00354-A1,2025-1,TCC00354,A1,terca,18:00,20:00,202,"18/20
202",original
2025-1-TCC00354-A1,2025-1,TCC00354,A1,quinta,18:00,20:00,202,"18/20
202",original
2025-1-TCC00354-B1,2025-1,TCC00354,B1,terca,20:00,22:00,202,"20/22
202",original
2025-1-TCC00354-B1,2025-1,TCC00354,B1,quinta,20:00,22:00,202,"20/22
202",original
2025-1-TCC00363-A1,2025-1,TCC00363,A1,terca,20:00,22:00,206,"20/22
206",original
2025-1-TCC00363-A1,2025-1,TCC00363,A1,quinta,20:00,22:00,206,"20/22
206",original
2025-1-TCC00324-A1,2025-1,TCC00324,A1,segunda,20:00,22:00,206,"20/22
206",original
2025-1-TCC00324-A1,2025-1,TCC00324,A1,quarta,20:00,22:00,206,"20/22
206",original
2025-1-TCC00297-A1,2025-1,TCC00297,A1,terca,11:00,13:00,202,"11/13
202",original
2025-1-TCC00297-A1,2025-1,TCC00297,A1,quinta,11:00,13:00,202,"11/13
202",original
2025-1-TCC00298-A1,2025-1,TCC00298,A1,segunda,11:00,13:00,202,"11/13
202",original
2025-1-TCC00298-A1,2025-1,TCC00298,A1,quarta,11:00,13:00,202,"11/13
202",original
2025-1-TCC00337-A1,2025-1,TCC00337,A1,segunda,18:00,20:00,206,"18/20
206",original
2025-1-TCC00337-A1,2025-1,TCC00337,A1,quarta,18:00,20:00,206,"18/20
206",original
2025-1-TCC00361-A1,2025-1,TCC00361,A1,sexta,18:00,22:00,L306,"18/22
L306",original
2025-1-TCC00301-A-A/B-A,2025-1,TCC00301,A-A/B-A,terca,11:00,13:00,L305,"11/13
L305",original
2025-1-TCC00301-A-A/B-A,2025-1,TCC00301,A-A/B-A,quinta,11:00,13:00,L305,"11/13
L305",original
2025-1-TCC00344-A1,2025-1,TCC00344,A1,segunda,07:00,09:00,L305,"07/09
L305",original
2025-1-TCC00344-A1,2025-1,TCC00344,A1,quarta,07:00,09:00,L305,"07/09
L305",original
2025-1-TCC00346-A-A/C-A,2025-1,TCC00346,A-A/C-A,terca,16:00,18:00,L305,"16/18
L305",original
2025-1-TCC00346-A-A/C-A,2025-1,TCC00346,A-A/C-A,quinta,16:00,18:00,L305,"16/18
L305",original
2025-1-TCC00346-B-A/D-A,2025-1,TCC00346,B-A/D-A,terca,16:00,18:00,L306,"16/18
L306",original
2025-1-TCC00346-B-A/D-A,2025-1,TCC00346,B-A/D-A,quinta,16:00,18:00,L306,"16/18
L306",original
2025-1-TCC00355-E-A,2025-1,TCC00355,E-A,segunda,20:00,22:00,L303,"20/22
L303",original
2025-1-TCC00355-E-A,2025-1,TCC00355,E-A,quarta,20:00,22:00,L303,"20/22
L303",original
2025-1-TCC00355-F-A,2025-1,TCC00355,F-A,segunda,20:00,22:00,L306,"20/22
L306",original
2025-1-TCC00355-F-A,2025-1,TCC00355,F-A,quarta,20:00,22:00,L306,"20/22
L306",original
2025-1-TCC00304-A1,2025-1,TCC00304,A1,segunda,11:00,13:00,215,"11/13
215",original
2025-1-TCC00304-A1,2025-1,TCC00304,A1,quarta,11:00,13:00,215,"11/13
215",original
2025-1-TCC00305-A1,2025-1,TCC00305,A1,segunda,07:00,09:00,206,"07/09
206",original
2025-1-TCC00305-A1,2025-1,TCC00305,A1,quarta,07:00,09:00,206,"07/09
206",original
2025-1-TCC00306-A1,2025-1,TCC00306,A1,terca,09:00,11:00,213,09/11 213,original
2025-1-TCC00306-A1,2025-1,TCC00306,A1,quinta,09:00,11:00,213,09/11 213,original
2025-1-TCC00330-A1,2025-1,TCC00330,A1,segunda,18:00,20:00,215,"18/20
215",original
2025-1-TCC00330-A1,2025-1,TCC00330,A1,quarta,18:00,20:00,215,"18/20
215",original
2025-1-TCC00318-A1,2025-1,TCC00318,A1,terca,09:00,11:00,217,09/11 217,original
2025-1-TCC00318-A1,2025-1,TCC00318,A1,quinta,09:00,11:00,217,"09/11
217",original
2025-1-TCC00334-A1,2025-1,TCC00334,A1,segunda,18:00,20:00,321,"18/20
321",original
2025-1-TCC00334-A1,2025-1,TCC00334,A1,quarta,18:00,20:00,321,"18/20
321",original
2025-1-TCC00307-A1,2025-1,TCC00307,A1,terca,09:00,11:00,215,09/11 215,original
2025-1-TCC00307-A1,2025-1,TCC00307,A1,quinta,09:00,11:00,215,09/11 215,original
2025-1-TCC00366-A1,2025-1,TCC00366,A1,segunda,18:00,20:00,302,"18/20
302",original
2025-1-TCC00366-A1,2025-1,TCC00366,A1,quarta,18:00,20:00,302,"18/20
302",original
2025-1-TCC00366-B1,2025-1,TCC00366,B1,segunda,18:00,20:00,204,"18/20
204",original
2025-1-TCC00366-B1,2025-1,TCC00366,B1,quarta,18:00,20:00,L305,"18/20
L305",original
2025-1-TCC00308-A1,2025-1,TCC00308,A1,segunda,16:00,18:00,313,"16/18
313",original
2025-1-TCC00308-A1,2025-1,TCC00308,A1,quarta,16:00,18:00,L306,"16/18
L306",original
2025-1-TCC00308-B1,2025-1,TCC00308,B1,segunda,16:00,18:00,L306,"16/18
L306",original
2025-1-TCC00308-B1,2025-1,TCC00308,B1,quarta,16:00,18:00,308,"16/18
308",original
2025-1-TCC00356-A1,2025-1,TCC00356,A1,segunda,18:00,20:00,L302,"18/20
L302",original
2025-1-TCC00356-A1,2025-1,TCC00356,A1,quarta,18:00,20:00,319,"18/20
319",original
2025-1-TCC00356-B1,2025-1,TCC00356,B1,segunda,20:00,22:00,L302,"20/22
L302",original
2025-1-TCC00356-B1,2025-1,TCC00356,B1,quarta,20:00,22:00,319,"20/22
319",original
2025-1-TCC00347-A1,2025-1,TCC00347,A1,terca,09:00,11:00,L304,09/11 L304,original
2025-1-TCC00347-A1,2025-1,TCC00347,A1,quinta,09:00,11:00,204,09/11 204,original
2025-1-TCC00347-B1,2025-1,TCC00347,B1,terca,09:00,11:00,L306,09/11 L306,original
2025-1-TCC00347-B1,2025-1,TCC00347,B1,quinta,09:00,11:00,202,09/11 202,original
2025-1-TCC00328-B1,2025-1,TCC00328,B1,segunda,16:00,18:00,204,"16/18
204",original
2025-1-TCC00328-B1,2025-1,TCC00328,B1,quarta,16:00,18:00,L304,"16/18
L304",original
2025-1-TCC00357-A1,2025-1,TCC00357,A1,sexta,18:00,22:00,215,"18/22
215",original
2025-1-TCC00357-X1,2025-1,TCC00357,X1,terca,18:00,20:00,308,"18/20
308",original
2025-1-TCC00357-X1,2025-1,TCC00357,X1,quinta,18:00,20:00,L306,"18/20
L306",original
2025-1-TCC00335-A1,2025-1,TCC00335,A1,terca,20:00,22:00,215,"20/22
215",original
2025-1-TCC00335-A1,2025-1,TCC00335,A1,quinta,20:00,22:00,L302,"20/22
L302",original
2025-1-TCC00312-A1,2025-1,TCC00312,A1,segunda,11:00,13:00,217,"11/13
217",original
2025-1-TCC00312-A1,2025-1,TCC00312,A1,quarta,11:00,13:00,217,"11/13
217",original
2025-1-TCC00338-A1,2025-1,TCC00338,A1,terca,18:00,20:00,206,"18/20
206",original
2025-1-TCC00338-A1,2025-1,TCC00338,A1,quinta,18:00,20:00,206,"18/20
206",original
2025-1-TCC00311-B1,2025-1,TCC00311,B1,sabado,14:00,18:00,,14/18,nao_informada
2025-1-TCC00365-A1,2025-1,TCC00365,A1,segunda,18:00,20:00,217,"18/20
217",original
2025-1-TCC00365-A1,2025-1,TCC00365,A1,quarta,18:00,20:00,L304,"18/20
L304",original
2025-1-TCC00359-A1,2025-1,TCC00359,A1,segunda,20:00,22:00,215,"20/22
215",original
2025-1-TCC00359-A1,2025-1,TCC00359,A1,quarta,20:00,22:00,215,"20/22
215",original
2025-1-TCC00313-A1,2025-1,TCC00313,A1,terca,07:00,09:00,213,07/09 213,original
2025-1-TCC00313-A1,2025-1,TCC00313,A1,quinta,07:00,09:00,213,07/09 213,original
2025-1-TCC00314-A1,2025-1,TCC00314,A1,terca,11:00,13:00,306,11/13 306,original
2025-1-TCC00314-A1,2025-1,TCC00314,A1,quinta,11:00,13:00,306,11/13 306,original
2025-1-TCC00341-A1,2025-1,TCC00341,A1,segunda,20:00,22:00,213,"20/22
213",original
2025-1-TCC00341-A1,2025-1,TCC00341,A1,quarta,20:00,22:00,213,"20/22
213",original
2025-1-TCC00358-A1,2025-1,TCC00358,A1,quinta,18:00,22:00,321,"18/22
321",original
2025-1-TCC00358-B1,2025-1,TCC00358,B1,quinta,18:00,22:00,308,"18/22
308",original
2025-1-TCC00315-A1,2025-1,TCC00315,A1,terca,07:00,09:00,317,07/09 317,original
2025-1-TCC00315-A1,2025-1,TCC00315,A1,quinta,07:00,09:00,317,07/09 317,original
2025-1-TCC00362-A1,2025-1,TCC00362,A1,segunda,20:00,22:00,204,"20/22
204",original
2025-1-TCC00362-A1,2025-1,TCC00362,A1,quarta,20:00,22:00,204,"20/22
204",original
2025-1-TCC00316-A1,2025-1,TCC00316,A1,terca,11:00,13:00,302,11/13 302,original
2025-1-TCC00316-A1,2025-1,TCC00316,A1,quinta,11:00,13:00,302,11/13 302,original
2025-1-TCC00360-A1,2025-1,TCC00360,A1,segunda,18:00,20:00,317,"18/20
317",original
2025-1-TCC00360-A1,2025-1,TCC00360,A1,quarta,18:00,20:00,317,"18/20
317",original
2025-1-TCC00242-A1,2025-1,TCC00242,A1,terca,20:00,22:00,306,20/22 306,original
2025-1-TCC00242-A1,2025-1,TCC00242,A1,quinta,20:00,22:00,306,20/22 306,original
2025-1-TCC00212-A1,2025-1,TCC00212,A1,terca,18:00,20:00,313,18/20 313,original
2025-1-TCC00212-A1,2025-1,TCC00212,A1,quinta,18:00,20:00,313,18/20 313,original
2025-1-GCI00126-,2025-1,GCI00126,,sexta,18:00,22:00,302,"18/22
302",original
2025-1-GCI00116-,2025-1,GCI00116,,quinta,18:00,22:00,302,"18/22
302",original
2025-2-TCC00284-A1,2025-2,TCC00284,A1,terca,09:00,11:00,308,"9/11
308",original
2025-2-TCC00284-A1,2025-2,TCC00284,A1,quinta,09:00,11:00,308,"9/11
308",original
2025-2-TCC00285-A1,2025-2,TCC00285,A1,terca,11:00,13:00,215,"11/13
215",original
2025-2-TCC00285-A1,2025-2,TCC00285,A1,quinta,11:00,13:00,215,"11/13
215",original
2025-2-TCC00286-A1,2025-2,TCC00286,A1,terca,09:00,11:00,302,"09/11
302",original
2025-2-TCC00286-A1,2025-2,TCC00286,A1,quinta,09:00,11:00,302,"09/11
302",original
2025-2-TCC00286-B1,2025-2,TCC00286,B1,terca,09:00,11:00,308,"09/11
308",original
2025-2-TCC00286-B1,2025-2,TCC00286,B1,quinta,09:00,11:00,308,"09/11
308",original
2025-2-TCC00349-A1,2025-2,TCC00349,A1,terca,07:00,09:00,204,"07/09
204",original
2025-2-TCC00349-A1,2025-2,TCC00349,A1,quinta,07:00,09:00,204,"07/09
204",original
2025-2-TCC00336-A1,2025-2,TCC00336,A1,segunda,20:00,22:00,321,20/22,provisoria
2025-2-TCC00336-A1,2025-2,TCC00336,A1,quarta,20:00,22:00,321,20/22,provisoria
2025-2-TCC00287-A1,2025-2,TCC00287,A1,segunda,07:00,09:00,215,"07/09
215",original
2025-2-TCC00287-A1,2025-2,TCC00287,A1,quarta,07:00,09:00,215,"07/09
215",original
2025-2-TCC00288-A1,2025-2,TCC00288,A1,segunda,11:00,13:00,215,"11/13
215",original
2025-2-TCC00288-A1,2025-2,TCC00288,A1,quarta,11:00,13:00,215,"11/13
215",original
2025-2-TCC00289-A1,2025-2,TCC00289,A1,segunda,07:00,09:00,308,"7/9
308",original
2025-2-TCC00289-A1,2025-2,TCC00289,A1,quarta,07:00,09:00,308,"7/9
308",original
2025-2-TCC00290-A1,2025-2,TCC00290,A1,quinta,11:00,13:00,217,"11/13
217",original
2025-2-TCC00222-A1,2025-2,TCC00222,A1,quinta,18:00,22:00,215,"18/22
215",original
2025-2-TCC00291-A1,2025-2,TCC00291,A1,segunda,11:00,13:00,319,"11/13
319",original
2025-2-TCC00291-A1,2025-2,TCC00291,A1,quarta,11:00,13:00,319,"11/13
319",original
2025-2-TCC00226-A1,2025-2,TCC00226,A1,segunda,09:00,11:00,L302,"09/11
L302",original
2025-2-TCC00226-A1,2025-2,TCC00226,A1,quarta,09:00,11:00,L302,"09/11
L302",original
2025-2-TCC00368-A1,2025-2,TCC00368,A1,terca,20:00,22:00,313,"20/22
313",original
2025-2-TCC00368-A1,2025-2,TCC00368,A1,quinta,20:00,22:00,313,"20/22
313",original
2025-2-TCC00225-A1,2025-2,TCC00225,A1,segunda,18:00,20:00,217,18/20,provisoria
2025-2-TCC00225-A1,2025-2,TCC00225,A1,quarta,18:00,20:00,217,18/20,provisoria
2025-2-TCC00292-A1,2025-2,TCC00292,A1,segunda,09:00,11:00,213,"09/11
213",original
2025-2-TCC00292-A1,2025-2,TCC00292,A1,quarta,09:00,11:00,213,"09/11
213",original
2025-2-TCC00293-A1,2025-2,TCC00293,A1,segunda,07:00,09:00,213,"07/09
213",original
2025-2-TCC00293-A1,2025-2,TCC00293,A1,quarta,07:00,09:00,213,"07/09
213",original
2025-2-TCC00348-A1,2025-2,TCC00348,A1,terca,11:00,13:00,204,"11/13
204",original
2025-2-TCC00348-A1,2025-2,TCC00348,A1,quinta,11:00,13:00,204,"11/13
204",original
2025-2-TCC00331-A1,2025-2,TCC00331,A1,segunda,18:00,20:00,215,"18/20
215",original
2025-2-TCC00331-A1,2025-2,TCC00331,A1,quarta,18:00,20:00,L302,"18/20
L302",original
2025-2-TCC00296-A1,2025-2,TCC00296,A1,terca,14:00,16:00,302,"14/16
302",original
2025-2-TCC00296-A1,2025-2,TCC00296,A1,quinta,14:00,16:00,302,"14/16
302",original
2025-2-TCC00296-B1,2025-2,TCC00296,B1,terca,14:00,16:00,215,"14/16
215",original
2025-2-TCC00296-B1,2025-2,TCC00296,B1,quinta,14:00,16:00,215,"14/16
215",original
2025-2-TCC00332-A1,2025-2,TCC00332,A1,terca,18:00,20:00,319,"18/20
319",original
2025-2-TCC00332-A1,2025-2,TCC00332,A1,quinta,18:00,20:00,319,"18/20
319",original
2025-2-TCC00332-B1,2025-2,TCC00332,B1,terca,20:00,22:00,204,"20/22
204",original
2025-2-TCC00332-B1,2025-2,TCC00332,B1,quinta,20:00,22:00,204,"20/22
204",original
2025-2-TCC00354-A1,2025-2,TCC00354,A1,terca,18:00,20:00,308,"18/20
308",original
2025-2-TCC00354-A1,2025-2,TCC00354,A1,quinta,18:00,20:00,308,"18/20
308",original
2025-2-TCC00354-B1,2025-2,TCC00354,B1,terca,20:00,22:00,308,"20/22
308",original
2025-2-TCC00354-B1,2025-2,TCC00354,B1,quinta,20:00,22:00,308,"20/22
308",original
2025-2-TCC00363-A1,2025-2,TCC00363,A1,terca,18:00,20:00,202,"18/20
202",original
2025-2-TCC00363-A1,2025-2,TCC00363,A1,quinta,18:00,20:00,202,"18/20
202",original
2025-2-TCC00324-A1,2025-2,TCC00324,A1,sexta,18:00,22:00,404B,"18/22
404B",original
2025-2-TCC00297-A1,2025-2,TCC00297,A1,terca,11:00,13:00,302,"11/13
302",original
2025-2-TCC00297-A1,2025-2,TCC00297,A1,quinta,11:00,13:00,302,"11/13
302",original
2025-2-TCC00298-A1,2025-2,TCC00298,A1,segunda,11:00,13:00,206,"11/13
206",original
2025-2-TCC00298-A1,2025-2,TCC00298,A1,quarta,11:00,13:00,206,"11/13
206",original
2025-2-TCC00337-A1,2025-2,TCC00337,A1,quinta,18:00,22:00,206,18/22,provisoria
2025-2-TCC00361-A1,2025-2,TCC00361,A1,sabado,18:00,22:00,L306,18/22,provisoria
2025-2-TCC00300-A-A/B-A,2025-2,TCC00300,A-A/B-A,terca,14:00,18:00,L307,"14/18
L307",original
2025-2-TCC00301-A-A/B-A,2025-2,TCC00301,A-A/B-A,terca,11:00,13:00,L305,"11/13
L305",original
2025-2-TCC00301-A-A/B-A,2025-2,TCC00301,A-A/B-A,quinta,11:00,13:00,L305,"11/13
L305",original
2025-2-TCC00344-A1,2025-2,TCC00344,A1,segunda,09:00,11:00,L305,"09/11
L305",original
2025-2-TCC00344-A1,2025-2,TCC00344,A1,quarta,09:00,11:00,L305,"09/11
L305",original
2025-2-TCC00346-A-A/C-A,2025-2,TCC00346,A-A/C-A,terca,16:00,18:00,L303,"16/18
L303",original
2025-2-TCC00346-A-A/C-A,2025-2,TCC00346,A-A/C-A,quinta,16:00,18:00,L303,"16/18
L303",original
2025-2-TCC00346-B-A/D-A,2025-2,TCC00346,B-A/D-A,terca,16:00,18:00,L305,"16/18
L305",original
2025-2-TCC00346-B-A/D-A,2025-2,TCC00346,B-A/D-A,quinta,16:00,18:00,L305,"16/18
L305",original
2025-2-TCC00355-E-A,2025-2,TCC00355,E-A,segunda,20:00,22:00,L303,"20/22
L303",original
2025-2-TCC00355-E-A,2025-2,TCC00355,E-A,quarta,20:00,22:00,L303,"20/22
L303",original
2025-2-TCC00355-F-A,2025-2,TCC00355,F-A,segunda,20:00,22:00,L305,"20/22
L305",original
2025-2-TCC00355-F-A,2025-2,TCC00355,F-A,quarta,20:00,22:00,L305,"20/22
L305",original
2025-2-TCC00304-A1,2025-2,TCC00304,A1,segunda,11:00,13:00,302,"11/13
302",original
2025-2-TCC00304-A1,2025-2,TCC00304,A1,quarta,11:00,13:00,302,"11/13
302",original
2025-2-TCC00305-A1,2025-2,TCC00305,A1,segunda,09:00,11:00,204,"09/11
204",original
2025-2-TCC00305-A1,2025-2,TCC00305,A1,quarta,09:00,11:00,204,"09/11
204",original
2025-2-TCC00306-A1,2025-2,TCC00306,A1,terca,09:00,11:00,404B,"09/11
404B",original
2025-2-TCC00306-A1,2025-2,TCC00306,A1,quinta,09:00,11:00,404B,"09/11
404B",original
2025-2-TCC00330-A1,2025-2,TCC00330,A1,segunda,18:00,22:00,204,"18/22
204",original
2025-2-TCC00318-A1,2025-2,TCC00318,A1,sexta,09:00,13:00,217,09/13,provisoria
2025-2-TCC00334-A1,2025-2,TCC00334,A1,quarta,18:00,20:00,302,"18/20
302",original
2025-2-TCC00334-A1,2025-2,TCC00334,A1,sexta,18:00,20:00,302,"18/20
302",original
2025-2-TCC00307-A1,2025-2,TCC00307,A1,terca,07:00,09:00,217,"07/09
217",original
2025-2-TCC00307-A1,2025-2,TCC00307,A1,quinta,07:00,09:00,217,"07/09
217",original
2025-2-TCC00366-A1,2025-2,TCC00366,A1,segunda,18:00,20:00,308,"18/20
308",original
2025-2-TCC00366-A1,2025-2,TCC00366,A1,quarta,18:00,20:00,308,"18/20
308",original
2025-2-TCC00366-B1,2025-2,TCC00366,B1,segunda,18:00,20:00,302,"18/20
302",original
2025-2-TCC00366-B1,2025-2,TCC00366,B1,quarta,18:00,20:00,302,"18/20
302",original
2025-2-TCC00308-A1,2025-2,TCC00308,A1,segunda,16:00,18:00,313,"16/18
313",original
2025-2-TCC00308-A1,2025-2,TCC00308,A1,quarta,16:00,18:00,313,"16/18
313",original
2025-2-TCC00308-B1,2025-2,TCC00308,B1,segunda,16:00,18:00,308,"16/18
308",original
2025-2-TCC00308-B1,2025-2,TCC00308,B1,quarta,16:00,18:00,308,"16/18
308",original
2025-2-TCC00356-A1,2025-2,TCC00356,A1,segunda,18:00,20:00,L302,"18/20
L302",original
2025-2-TCC00356-A1,2025-2,TCC00356,A1,quarta,18:00,20:00,202,"18/20
202",original
2025-2-TCC00356-B1,2025-2,TCC00356,B1,segunda,20:00,22:00,L302,"20/22
L302",original
2025-2-TCC00356-B1,2025-2,TCC00356,B1,quarta,20:00,22:00,202,"20/22
202",original
2025-2-TCC00347-A1,2025-2,TCC00347,A1,terca,09:00,11:00,L304,"09/11
L304",original
2025-2-TCC00347-A1,2025-2,TCC00347,A1,quinta,09:00,11:00,202,"09/11
202",original
2025-2-TCC00347-B1,2025-2,TCC00347,B1,terca,09:00,11:00,L304,"09/11
L304",original
2025-2-TCC00347-B1,2025-2,TCC00347,B1,quinta,09:00,11:00,202,"09/11
202",original
2025-2-TCC00347-X1,2025-2,TCC00347,X1,terca,16:00,18:00,L304,"16/18
L304",original
2025-2-TCC00347-X1,2025-2,TCC00347,X1,quinta,16:00,18:00,202,"16/18
202",original
2025-2-TCC00328-A1,2025-2,TCC00328,A1,segunda,11:00,13:00,L307,"11/13
L307",original
2025-2-TCC00328-A1,2025-2,TCC00328,A1,quarta,11:00,13:00,202,"11/13
202",original
2025-2-TCC00328-B1,2025-2,TCC00328,B1,segunda,16:00,18:00,202,"16/18
202",original
2025-2-TCC00328-B1,2025-2,TCC00328,B1,quarta,16:00,18:00,202,"16/18
202",original
2025-2-TCC00328-X1,2025-2,TCC00328,X1,segunda,11:00,13:00,202,"11/13
202",original
2025-2-TCC00328-X1,2025-2,TCC00328,X1,quarta,11:00,13:00,202,"11/13
202",original
2025-2-TCC00357-A1,2025-2,TCC00357,A1,segunda,18:00,22:00,213,"18/22
213",original
2025-2-TCC00335-A1,2025-2,TCC00335,A1,segunda,20:00,22:00,215,20/22,provisoria
2025-2-TCC00335-A1,2025-2,TCC00335,A1,quarta,20:00,22:00,215,20/22,provisoria
2025-2-TCC00312-A1,2025-2,TCC00312,A1,segunda,07:00,09:00,215,"07/09
215",original
2025-2-TCC00312-A1,2025-2,TCC00312,A1,quarta,07:00,09:00,215,"07/09
215",original
2025-2-TCC00338-A1,2025-2,TCC00338,A1,terca,20:00,22:00,215,"20/22
215",original
2025-2-TCC00338-A1,2025-2,TCC00338,A1,quinta,20:00,22:00,215,"20/22
215",original
2025-2-TCC00311-B1,2025-2,TCC00311,B1,sabado,14:00,18:00,,14/18,nao_informada
2025-2-TCC00365-A1,2025-2,TCC00365,A1,segunda,18:00,20:00,L306,"18/20
L306",original
2025-2-TCC00365-A1,2025-2,TCC00365,A1,quarta,18:00,20:00,202,"18/20
202",original
2025-2-TCC00359-A1,2025-2,TCC00359,A1,quarta,20:00,22:00,202,"20/22
202",original
2025-2-TCC00359-A1,2025-2,TCC00359,A1,sexta,20:00,22:00,202,"20/22
202",original
2025-2-TCC00313-A1,2025-2,TCC00313,A1,terca,09:00,11:00,319,"09/11
319",original
2025-2-TCC00313-A1,2025-2,TCC00313,A1,quinta,09:00,11:00,319,"09/11
319",original
2025-2-TCC00314-A1,2025-2,TCC00314,A1,terca,11:00,13:00,L307,"11/13
L307",original
2025-2-TCC00314-A1,2025-2,TCC00314,A1,quinta,11:00,13:00,L307,"11/13
L307",original
2025-2-TCC00341-A1,2025-2,TCC00341,A1,quarta,18:00,22:00,213,"18/22
213",original
2025-2-TCC00358-A1,2025-2,TCC00358,A1,quinta,18:00,22:00,321,"18/22
321",original
2025-2-TCC00358-B1,2025-2,TCC00358,B1,quinta,18:00,22:00,306,"18/22
306",original
2025-2-TCC00315-A1,2025-2,TCC00315,A1,terca,09:00,11:00,202,"09/11
202",original
2025-2-TCC00315-A1,2025-2,TCC00315,A1,quinta,09:00,11:00,202,"09/11
202",original
2025-2-TCC00362-A1,2025-2,TCC00362,A1,terca,18:00,22:00,204,18/22,provisoria
2025-2-TCC00316-A1,2025-2,TCC00316,A1,terca,11:00,13:00,215,"11/13
215",original
2025-2-TCC00316-A1,2025-2,TCC00316,A1,quinta,11:00,13:00,215,"11/13
215",original
2025-2-TCC00360-A1,2025-2,TCC00360,A1,segunda,18:00,20:00,319,"18/20
319",original
2025-2-TCC00360-A1,2025-2,TCC00360,A1,quarta,18:00,20:00,319,"18/20
319",original
2025-2-TCC00241-A1,2025-2,TCC00241,A1,terca,18:00,20:00,204,18/20,provisoria
2025-2-TCC00241-A1,2025-2,TCC00241,A1,quinta,18:00,20:00,204,18/20,provisoria
2025-2-TCC00230-A1,2025-2,TCC00230,A1,sexta,18:00,22:00,L303,"18/22
L303",original
2025-2-GCI00126-,2025-2,GCI00126,,sexta,18:00,22:00,,18/22,nao_informada
2025-2-GCI00116-,2025-2,GCI00116,,quinta,18:00,22:00,,18/22,nao_informada
