setor,semestre,encontros,duracoes_min,dias,turmas_observadas,codigos,fonte
ALG.CPX.,2025-1,1,240,sexta,2,TCC00284;TCC00368,padroes observados na planilha QH 2025; proxy nao oficial
ALG.CPX.,2025-1,2,120;120,terca;quinta,5,TCC00285;TCC00318;TCC00354;TCC00357,padroes observados na planilha QH 2025; proxy nao oficial
ALG.CPX.,2025-2,1,240,sexta,1,TCC00318,padroes observados na planilha QH 2025; proxy nao oficial
ALG.CPX.,2025-2,2,120;120,terca;quinta,5,TCC00284;TCC00285;TCC00354;TCC00368,padroes observados na planilha QH 2025; proxy nao oficial
ARQ.SO.,2025-1,1,240,quinta,2,TCC00358,padroes observados na planilha QH 2025; proxy nao oficial
ARQ.SO.,2025-1,2,120;120,segunda;quarta,2,TCC00344;TCC00362,padroes observados na planilha QH 2025; proxy nao oficial
ARQ.SO.,2025-1,2,120;120,terca;quinta,6,TCC00286;TCC00296;TCC00315;TCC00316,padroes observados na planilha QH 2025; proxy nao oficial
ARQ.SO.,2025-2,1,240,quinta,2,TCC00358,padroes observados na planilha QH 2025; proxy nao oficial
ARQ.SO.,2025-2,2,120;120,segunda;quarta,1,TCC00344,padroes observados na planilha QH 2025; proxy nao oficial
ARQ.SO.,2025-2,1,240,terca,2,TCC00300;TCC00362,padroes observados na planilha QH 2025; proxy nao oficial
ARQ.SO.,2025-2,2,120;120,terca;quinta,6,TCC00286;TCC00296;TCC00315;TCC00316,padroes observados na planilha QH 2025; proxy nao oficial
B.D.,2025-1,2,120;120,segunda;quarta,4,TCC00287;TCC00288;TCC00334;TCC00336,padroes observados na planilha QH 2025; proxy nao oficial
B.D.,2025-1,2,120;120,terca;quinta,1,TCC00335,padroes observados na planilha QH 2025; proxy nao oficial
B.D.,2025-2,2,120;120,quarta;sexta,1,TCC00334,padroes observados na planilha QH 2025; proxy nao oficial
B.D.,2025-2,2,120;120,segunda;quarta,4,TCC00287;TCC00288;TCC00335;TCC00336,padroes observados na planilha QH 2025; proxy nao oficial
COMP.NUM.,2025-1,2,120;120,terca;quinta,2,TCC00306;TCC00307,padroes observados na planilha QH 2025; proxy nao oficial
COMP.NUM.,2025-2,2,120;120,terca;quinta,2,TCC00306;TCC00307,padroes observados na planilha QH 2025; proxy nao oficial
COMP.VIS.JOGOS,2025-1,2,120;120,segunda;quarta,2,TCC00291;TCC00360,padroes observados na planilha QH 2025; proxy nao oficial
COMP.VIS.JOGOS,2025-1,2,120;120,terca;quinta,1,TCC00301,padroes observados na planilha QH 2025; proxy nao oficial
COMP.VIS.JOGOS,2025-2,2,120;120,segunda;quarta,2,TCC00291;TCC00360,padroes observados na planilha QH 2025; proxy nao oficial
COMP.VIS.JOGOS,2025-2,2,120;120,terca;quinta,1,TCC00301,padroes observados na planilha QH 2025; proxy nao oficial
ENG.SOFT.,2025-1,2,120;120,segunda;quarta,6,TCC00226;TCC00293;TCC00312;TCC00328;TCC00365,padroes observados na planilha QH 2025; proxy nao oficial
ENG.SOFT.,2025-1,1,240,sexta,3,TCC00292;TCC00357;TCC00361,padroes observados na planilha QH 2025; proxy nao oficial
ENG.SOFT.,2025-1,2,120;120,terca;quinta,3,TCC00225;TCC00338;TCC00363,padroes observados na planilha QH 2025; proxy nao oficial
ENG.SOFT.,2025-2,1,240,sabado,1,TCC00361,padroes observados na planilha QH 2025; proxy nao oficial
ENG.SOFT.,2025-2,1,240,segunda,1,TCC00357,padroes observados na planilha QH 2025; proxy nao oficial
ENG.SOFT.,2025-2,2,120;120,segunda;quarta,9,TCC00225;TCC00226;TCC00292;TCC00293;TCC00312;TCC00328;TCC00365,padroes observados na planilha QH 2025; proxy nao oficial
ENG.SOFT.,2025-2,2,120;120,terca;quinta,2,TCC00338;TCC00363,padroes observados na planilha QH 2025; proxy nao oficial
ESTR.PROG.,2025-1,2,120;120,segunda;quarta,9,TCC00308;TCC00331;TCC00355;TCC00356;TCC00366,padroes observados na planilha QH 2025; proxy nao oficial
ESTR.PROG.,2025-1,2,120;120,terca;quinta,7,TCC00331;TCC00346;TCC00347;TCC00348,padroes observados na planilha QH 2025; proxy nao oficial
ESTR.PROG.,2025-2,2,120;120,segunda;quarta,9,TCC00308;TCC00331;TCC00355;TCC00356;TCC00366,padroes observados na planilha QH 2025; proxy nao oficial
ESTR.PROG.,2025-2,2,120;120,terca;quinta,6,TCC00346;TCC00347;TCC00348,padroes observados na planilha QH 2025; proxy nao oficial
GER.SIST.TI,2025-1,1,120,quinta,1,TCC00290,padroes observados na planilha QH 2025; proxy nao oficial
GER.SIST.TI,2025-1,1,240,quinta,1,TCC00222,padroes observados na planilha QH 2025; proxy nao oficial
GER.SIST.TI,2025-1,2,120;120,segunda;quarta,2,TCC00324;TCC00330,padroes observados na planilha QH 2025; proxy nao oficial
GER.SIST.TI,2025-1,2,120;120,terca;quinta,2,TCC00332,padroes observados na planilha QH 2025; proxy nao oficial
GER.SIST.TI,2025-2,1,120,quinta,1,TCC00290,padroes observados na planilha QH 2025; proxy nao oficial
GER.SIST.TI,2025-2,1,240,quinta,1,TCC00222,padroes observados na planilha QH 2025; proxy nao oficial
GER.SIST.TI,2025-2,1,240,segunda,1,TCC00330,padroes observados na planilha QH 2025; proxy nao oficial
GER.SIST.TI,2025-2,1,240,sexta,1,TCC00324,padroes observados na planilha QH 2025; proxy nao oficial
GER.SIST.TI,2025-2,2,120;120,terca;quinta,2,TCC00332,padroes observados na planilha QH 2025; proxy nao oficial
IA,2025-1,2,120;120,terca;quinta,1,TCC00297,padroes observados na planilha QH 2025; proxy nao oficial
IA,2025-2,2,120;120,terca;quinta,1,TCC00297,padroes observados na planilha QH 2025; proxy nao oficial
IHC,2025-1,2,120;120,segunda;quarta,2,TCC00298;TCC00337,padroes observados na planilha QH 2025; proxy nao oficial
IHC,2025-2,1,240,quinta,1,TCC00337,padroes observados na planilha QH 2025; proxy nao oficial
IHC,2025-2,2,120;120,segunda;quarta,1,TCC00298,padroes observados na planilha QH 2025; proxy nao oficial
LING.TEOR.,2025-1,2,120;120,segunda;quarta,3,TCC00289;TCC00304;TCC00305,padroes observados na planilha QH 2025; proxy nao oficial
LING.TEOR.,2025-2,2,120;120,segunda;quarta,3,TCC00289;TCC00304;TCC00305,padroes observados na planilha QH 2025; proxy nao oficial
PROJ.FINAL,2025-1,1,240,sabado,1,TCC00311,padroes observados na planilha QH 2025; proxy nao oficial
PROJ.FINAL.II,2025-2,1,240,sabado,1,TCC00311,padroes observados na planilha QH 2025; proxy nao oficial
REDES,2025-1,2,120;120,segunda;quarta,2,TCC00341;TCC00359,padroes observados na planilha QH 2025; proxy nao oficial
REDES,2025-1,2,120;120,terca;quinta,3,TCC00313;TCC00314;TCC00349,padroes observados na planilha QH 2025; proxy nao oficial
REDES,2025-2,1,240,quarta,1,TCC00341,padroes observados na planilha QH 2025; proxy nao oficial
REDES,2025-2,2,120;120,quarta;sexta,1,TCC00359,padroes observados na planilha QH 2025; proxy nao oficial
REDES,2025-2,2,120;120,terca;quinta,3,TCC00313;TCC00314;TCC00349,padroes observados na planilha QH 2025; proxy nao oficial
