turma_id,semestre,codigo,turma,encontro,dia,inicio,fim,sala,valor_original,requer_laboratorio
2026-1-CGI00004-A1,2026-1,CGI00004,A1,1,sexta,18:00,22:00,215,18:00-22:00 SALA 215,
2026-1-TCC00195-A1,2026-1,TCC00195,A1,1,terca,11:00,13:00,315,11:00-13:00 SALA 315,
2026-1-TCC00195-A1,2026-1,TCC00195,A1,2,quinta,11:00,13:00,315,11:00-13:00 SALA 315,
2026-1-TCC00205-A1,2026-1,TCC00205,A1,1,quarta,16:00,20:00,306,16:00-20:00 SALA 306,
2026-1-TCC00222-A1,2026-1,TCC00222,A1,1,quinta,18:00,22:00,213,18:00-22:00 SALA 213,
2026-1-TCC00225-A1,2026-1,TCC00225,A1,1,terca,18:00,20:00,302,18:00-20:00 SALA 302,
2026-1-TCC00225-A1,2026-1,TCC00225,A1,2,quinta,18:00,20:00,302,18:00-20:00 SALA 302,
2026-1-TCC00226-A1,2026-1,TCC00226,A1,1,segunda,09:00,11:00,L302,09:00-11:00 LAB. 302,
2026-1-TCC00226-A1,2026-1,TCC00226,A1,2,quarta,09:00,11:00,L302,09:00-11:00 LAB. 302,
2026-1-TCC00230-A1,2026-1,TCC00230,A1,1,sexta,09:00,13:00,217,09:00-13:00 SALA 217,
2026-1-TCC00241-A1,2026-1,TCC00241,A1,1,terca,14:00,16:00,313,14:00-16:00 SALA 313,
2026-1-TCC00241-A1,2026-1,TCC00241,A1,2,quinta,14:00,16:00,313,14:00-16:00 SALA 313,
2026-1-TCC00242-A1,2026-1,TCC00242,A1,1,terca,18:00,20:00,308,18:00-20:00 SALA 308,
2026-1-TCC00242-A1,2026-1,TCC00242,A1,2,quinta,18:00,20:00,308,18:00-20:00 SALA 308,
2026-1-TCC00244-A1,2026-1,TCC00244,A1,1,terca,07:00,09:00,204,07:00-09:00 SALA 204,
2026-1-TCC00244-A1,2026-1,TCC00244,A1,2,quinta,07:00,09:00,204,07:00-09:00 SALA 204,
2026-1-TCC00250-A1,2026-1,TCC00250,A1,1,terca,11:00,13:00,302,11:00-13:00 SALA 302,
2026-1-TCC00250-A1,2026-1,TCC00250,A1,2,quinta,11:00,13:00,302,11:00-13:00 SALA 302,
2026-1-TCC00251-A1,2026-1,TCC00251,A1,1,segunda,07:00,09:00,215,07:00-09:00 SALA 215,
2026-1-TCC00251-A1,2026-1,TCC00251,A1,2,quarta,07:00,09:00,215,07:00-09:00 SALA 215,
2026-1-TCC00253-A1,2026-1,TCC00253,A1,1,sexta,18:00,22:00,204,18:00-22:00 SALA 204,
2026-1-TCC00259-A1,2026-1,TCC00259,A1,1,terca,14:00,16:00,306,14:00-16:00 SALA 306,
2026-1-TCC00259-A1,2026-1,TCC00259,A1,2,quinta,14:00,16:00,306,14:00-16:00 SALA 306,
2026-1-TCC00260-A1,2026-1,TCC00260,A1,1,terca,09:00,11:00,304,09:00-11:00 SALA 304,
2026-1-TCC00260-A1,2026-1,TCC00260,A1,2,quinta,09:00,11:00,304,09:00-11:00 SALA 304,
2026-1-TCC00271-A1,2026-1,TCC00271,A1,1,segunda,16:00,18:00,L303,16:00-18:00 LAB. 303,
2026-1-TCC00271-A1,2026-1,TCC00271,A1,2,quarta,16:00,18:00,317,16:00-18:00 SALA 317,
2026-1-TCC00280-A1,2026-1,TCC00280,A1,1,segunda,14:00,18:00,215,14:00-18:00 SALA 215,
2026-1-TCC00284-A1,2026-1,TCC00284,A1,1,terca,07:00,09:00,206,07:00-09:00 SALA 206,
2026-1-TCC00284-A1,2026-1,TCC00284,A1,2,quinta,07:00,09:00,206,07:00-09:00 SALA 206,
2026-1-TCC00285-A1,2026-1,TCC00285,A1,1,terca,11:00,13:00,213,11:00-13:00 SALA 213,
2026-1-TCC00285-A1,2026-1,TCC00285,A1,2,quinta,11:00,13:00,213,11:00-13:00 SALA 213,
2026-1-TCC00285-B1,2026-1,TCC00285,B1,1,terca,11:00,13:00,217,11:00-13:00 SALA 217,
2026-1-TCC00285-B1,2026-1,TCC00285,B1,2,quinta,11:00,13:00,217,11:00-13:00 SALA 217,
2026-1-TCC00286-A1,2026-1,TCC00286,A1,1,terca,09:00,11:00,206,09:00-11:00 SALA 206,
2026-1-TCC00286-A1,2026-1,TCC00286,A1,2,quinta,09:00,11:00,206,09:00-11:00 SALA 206,
2026-1-TCC00287-A1,2026-1,TCC00287,A1,1,terca,07:00,09:00,217,07:00-09:00 SALA 217,
2026-1-TCC00287-A1,2026-1,TCC00287,A1,2,quinta,07:00,09:00,217,07:00-09:00 SALA 217,
2026-1-TCC00288-A1,2026-1,TCC00288,A1,1,segunda,07:00,09:00,404B,07:00-09:00 SALA 404B,
2026-1-TCC00288-A1,2026-1,TCC00288,A1,2,quarta,07:00,09:00,404B,07:00-09:00 SALA 404B,
2026-1-TCC00289-A1,2026-1,TCC00289,A1,1,segunda,09:00,11:00,206,09:00-11:00 SALA 206,
2026-1-TCC00289-A1,2026-1,TCC00289,A1,2,quarta,09:00,11:00,206,09:00-11:00 SALA 206,
2026-1-TCC00290-A1,2026-1,TCC00290,A1,1,quinta,11:00,13:00,215,11:00-13:00 SALA 215,
2026-1-TCC00291-A1,2026-1,TCC00291,A1,1,segunda,11:00,13:00,202,11:00-13:00 SALA 202,
2026-1-TCC00291-A1,2026-1,TCC00291,A1,2,quarta,11:00,13:00,202,11:00-13:00 SALA 202,
2026-1-TCC00292-A1,2026-1,TCC00292,A1,1,segunda,09:00,11:00,215,09:00-11:00 SALA 215,
2026-1-TCC00292-A1,2026-1,TCC00292,A1,2,quarta,09:00,11:00,215,09:00-11:00 SALA 215,
2026-1-TCC00293-A1,2026-1,TCC00293,A1,1,segunda,09:00,11:00,213,09:00-11:00 SALA 213,
2026-1-TCC00293-A1,2026-1,TCC00293,A1,2,quarta,09:00,11:00,213,09:00-11:00 SALA 213,
2026-1-TCC00296-A1,2026-1,TCC00296,A1,1,terca,14:00,16:00,213,14:00-16:00 SALA 213,
2026-1-TCC00296-A1,2026-1,TCC00296,A1,2,quinta,14:00,16:00,213,14:00-16:00 SALA 213,
2026-1-TCC00296-B1,2026-1,TCC00296,B1,1,terca,07:00,09:00,202,07:00-09:00 SALA 202,
2026-1-TCC00296-B1,2026-1,TCC00296,B1,2,quinta,07:00,09:00,202,07:00-09:00 SALA 202,
2026-1-TCC00297-A1,2026-1,TCC00297,A1,1,terca,07:00,09:00,213,07:00-09:00 SALA 213,
2026-1-TCC00297-A1,2026-1,TCC00297,A1,2,quinta,07:00,09:00,213,07:00-09:00 SALA 213,
2026-1-TCC00298-A1,2026-1,TCC00298,A1,1,segunda,11:00,13:00,217,11:00-13:00 SALA 217,
2026-1-TCC00298-A1,2026-1,TCC00298,A1,2,quarta,11:00,13:00,217,11:00-13:00 SALA 217,
2026-1-TCC00301-AA,2026-1,TCC00301,AA,1,terca,11:00,13:00,L305,11:00-13:00 LAB. 305,
2026-1-TCC00301-BA,2026-1,TCC00301,BA,1,quinta,11:00,13:00,L305,11:00-13:00 LAB. 305,
2026-1-TCC00304-A1,2026-1,TCC00304,A1,1,segunda,11:00,13:00,206,11:00-13:00 SALA 206,
2026-1-TCC00304-A1,2026-1,TCC00304,A1,2,quarta,11:00,13:00,206,11:00-13:00 SALA 206,
2026-1-TCC00305-A1,2026-1,TCC00305,A1,1,segunda,07:00,09:00,206,07:00-09:00 SALA 206,
2026-1-TCC00305-A1,2026-1,TCC00305,A1,2,quarta,07:00,09:00,206,07:00-09:00 SALA 206,
2026-1-TCC00306-A1,2026-1,TCC00306,A1,1,terca,09:00,11:00,302,09:00-11:00 SALA 302,
2026-1-TCC00306-A1,2026-1,TCC00306,A1,2,quinta,09:00,11:00,302,09:00-11:00 SALA 302,
2026-1-TCC00307-B1A1,2026-1,TCC00307,A1,1,terca,11:00,13:00,404B,11:00-13:00 SALA 404B,
2026-1-TCC00307-B1A1,2026-1,TCC00307,A1,2,quinta,11:00,13:00,404B,11:00-13:00 SALA 404B,
2026-1-TCC00308-A1,2026-1,TCC00308,A1,1,segunda,16:00,18:00,308,16:00-18:00 SALA 308,
2026-1-TCC00308-A1,2026-1,TCC00308,A1,2,quarta,16:00,18:00,L306,16:00-18:00 LAB. 306,
2026-1-TCC00308-B1,2026-1,TCC00308,B1,1,segunda,16:00,18:00,202,16:00-18:00 SALA 202,
2026-1-TCC00308-B1,2026-1,TCC00308,B1,2,quarta,16:00,18:00,L307,16:00-18:00 LAB. 307,
2026-1-TCC00312-A1,2026-1,TCC00312,A1,1,segunda,11:00,13:00,213,11:00-13:00 SALA 213,
2026-1-TCC00312-A1,2026-1,TCC00312,A1,2,quarta,11:00,13:00,213,11:00-13:00 SALA 213,
2026-1-TCC00313-A1,2026-1,TCC00313,A1,1,terca,07:00,09:00,215,07:00-09:00 SALA 215,
2026-1-TCC00313-A1,2026-1,TCC00313,A1,2,quinta,07:00,09:00,215,07:00-09:00 SALA 215,
2026-1-TCC00314-A1,2026-1,TCC00314,A1,1,terca,09:00,11:00,215,09:00-11:00 SALA 215,
2026-1-TCC00314-A1,2026-1,TCC00314,A1,2,quinta,09:00,11:00,215,09:00-11:00 SALA 215,
2026-1-TCC00315-A1,2026-1,TCC00315,A1,1,terca,11:00,13:00,319,11:00-13:00 SALA 319,
2026-1-TCC00315-A1,2026-1,TCC00315,A1,2,quinta,11:00,13:00,319,11:00-13:00 SALA 319,
2026-1-TCC00316-A1,2026-1,TCC00316,A1,1,terca,11:00,13:00,204,11:00-13:00 SALA 204,
2026-1-TCC00316-A1,2026-1,TCC00316,A1,2,quinta,11:00,13:00,204,11:00-13:00 SALA 204,
2026-1-TCC00318-A1,2026-1,TCC00318,A1,1,terca,09:00,11:00,217,09:00-11:00 SALA 217,
2026-1-TCC00318-A1,2026-1,TCC00318,A1,2,quinta,09:00,11:00,217,09:00-11:00 SALA 217,
2026-1-TCC00324-A1,2026-1,TCC00324,A1,1,segunda,20:00,22:00,217,20:00-22:00 SALA 217,
2026-1-TCC00324-A1,2026-1,TCC00324,A1,2,quarta,20:00,22:00,217,20:00-22:00 SALA 217,
2026-1-TCC00328-A1,2026-1,TCC00328,A1,1,segunda,11:00,13:00,302,11:00-13:00 SALA 302,
2026-1-TCC00328-A1,2026-1,TCC00328,A1,2,quarta,11:00,13:00,L304,11:00-13:00 LAB. 304,
2026-1-TCC00328-B1,2026-1,TCC00328,B1,1,segunda,16:00,18:00,302,16:00-18:00 SALA 302,
2026-1-TCC00328-B1,2026-1,TCC00328,B1,2,quarta,16:00,18:00,L304,16:00-18:00 LAB. 304,
2026-1-TCC00328-C1,2026-1,TCC00328,C1,1,segunda,11:00,13:00,L302,11:00-13:00 LAB. 302,
2026-1-TCC00328-C1,2026-1,TCC00328,C1,2,quarta,11:00,13:00,L302,11:00-13:00 LAB. 302,
2026-1-TCC00330-A1,2026-1,TCC00330,A1,1,segunda,18:00,20:00,215,18:00-20:00 SALA 215,
2026-1-TCC00330-A1,2026-1,TCC00330,A1,2,quarta,18:00,20:00,215,18:00-20:00 SALA 215,
2026-1-TCC00331-A1,2026-1,TCC00331,A1,1,segunda,18:00,20:00,202,18:00-20:00 SALA 202,
2026-1-TCC00331-A1,2026-1,TCC00331,A1,2,quarta,18:00,20:00,202,18:00-20:00 SALA 202,
2026-1-TCC00331-B1,2026-1,TCC00331,B1,1,segunda,18:00,20:00,204,18:00-20:00 SALA 204,
2026-1-TCC00331-B1,2026-1,TCC00331,B1,2,quarta,18:00,20:00,204,18:00-20:00 SALA 204,
2026-1-TCC00332-A1,2026-1,TCC00332,A1,1,terca,18:00,20:00,317,18:00-20:00 SALA 317,
2026-1-TCC00332-A1,2026-1,TCC00332,A1,2,quinta,18:00,20:00,317,18:00-20:00 SALA 317,
2026-1-TCC00332-B1,2026-1,TCC00332,B1,1,terca,20:00,22:00,317,20:00-22:00 SALA 317,
2026-1-TCC00332-B1,2026-1,TCC00332,B1,2,quinta,20:00,22:00,317,20:00-22:00 SALA 317,
2026-1-TCC00334-A1,2026-1,TCC00334,A1,1,segunda,18:00,20:00,321,18:00-20:00 SALA 321,
2026-1-TCC00334-A1,2026-1,TCC00334,A1,2,quarta,18:00,20:00,321,18:00-20:00 SALA 321,
2026-1-TCC00335-A1,2026-1,TCC00335,A1,1,terca,20:00,22:00,204,20:00-22:00 SALA 204,
2026-1-TCC00335-A1,2026-1,TCC00335,A1,2,quinta,20:00,22:00,204,20:00-22:00 SALA 204,
2026-1-TCC00336-A1,2026-1,TCC00336,A1,1,segunda,20:00,22:00,L302,20:00-22:00 LAB. 302,
2026-1-TCC00336-A1,2026-1,TCC00336,A1,2,quarta,20:00,22:00,L302,20:00-22:00 LAB. 302,
2026-1-TCC00336-Z1,2026-1,TCC00336,Z1,1,terca,18:00,20:00,204,18:00-20:00 SALA 204,
2026-1-TCC00336-Z1,2026-1,TCC00336,Z1,2,quinta,18:00,20:00,204,18:00-20:00 SALA 204,
2026-1-TCC00337-A1,2026-1,TCC00337,A1,1,segunda,18:00,20:00,217,18:00-20:00 SALA 217,
2026-1-TCC00337-A1,2026-1,TCC00337,A1,2,quarta,18:00,20:00,217,18:00-20:00 SALA 217,
2026-1-TCC00338-A1,2026-1,TCC00338,A1,1,terca,18:00,20:00,202,18:00-20:00 SALA 202,
2026-1-TCC00338-A1,2026-1,TCC00338,A1,2,quinta,18:00,20:00,202,18:00-20:00 SALA 202,
2026-1-TCC00341-A1,2026-1,TCC00341,A1,1,segunda,20:00,22:00,204,20:00-22:00 SALA 204,
2026-1-TCC00341-A1,2026-1,TCC00341,A1,2,quarta,20:00,22:00,204,20:00-22:00 SALA 204,
2026-1-TCC00344-AA,2026-1,TCC00344,AA,1,segunda,07:00,09:00,L306,07:00-09:00 LAB. 306,
2026-1-TCC00344-AA,2026-1,TCC00344,AA,2,quarta,07:00,09:00,L306,07:00-09:00 LAB. 306,
2026-1-TCC00346-AA,2026-1,TCC00346,AA,1,terca,16:00,18:00,L305,16:00-18:00 LAB. 305,
2026-1-TCC00346-BA,2026-1,TCC00346,BA,1,quinta,16:00,18:00,L305,16:00-18:00 LAB. 305,
2026-1-TCC00347-A1,2026-1,TCC00347,A1,1,terca,09:00,11:00,L306,09:00-11:00 LAB. 306,
2026-1-TCC00347-A1,2026-1,TCC00347,A1,2,quinta,09:00,11:00,202,09:00-11:00 SALA 202,
2026-1-TCC00347-B1,2026-1,TCC00347,B1,1,terca,09:00,11:00,202,09:00-11:00 SALA 202,
2026-1-TCC00347-B1,2026-1,TCC00347,B1,2,quinta,09:00,11:00,L306,09:00-11:00 LAB. 306,
2026-1-TCC00347-X1,2026-1,TCC00347,X1,1,terca,09:00,11:00,204,09:00-11:00 SALA 204,
2026-1-TCC00347-X1,2026-1,TCC00347,X1,2,quinta,09:00,11:00,204,09:00-11:00 SALA 204,
2026-1-TCC00348-A1,2026-1,TCC00348,A1,1,terca,11:00,13:00,313,11:00-13:00 SALA 313,
2026-1-TCC00348-A1,2026-1,TCC00348,A1,2,quinta,11:00,13:00,313,11:00-13:00 SALA 313,
2026-1-TCC00348-B1,2026-1,TCC00348,B1,1,terca,11:00,13:00,202,11:00-13:00 SALA 202,
2026-1-TCC00348-B1,2026-1,TCC00348,B1,2,quinta,11:00,13:00,202,11:00-13:00 SALA 202,
2026-1-TCC00349-A1,2026-1,TCC00349,A1,1,terca,09:00,11:00,213,09:00-11:00 SALA 213,
2026-1-TCC00349-A1,2026-1,TCC00349,A1,2,quinta,09:00,11:00,213,09:00-11:00 SALA 213,
2026-1-TCC00354-A1,2026-1,TCC00354,A1,1,terca,18:00,20:00,313,18:00-20:00 SALA 313,
2026-1-TCC00354-A1,2026-1,TCC00354,A1,2,quinta,18:00,20:00,313,18:00-20:00 SALA 313,
2026-1-TCC00354-B1,2026-1,TCC00354,B1,1,terca,20:00,22:00,308,20:00-22:00 SALA 308,
2026-1-TCC00354-B1,2026-1,TCC00354,B1,2,quinta,20:00,22:00,308,20:00-22:00 SALA 308,
2026-1-TCC00355-EA,2026-1,TCC00355,EA,1,segunda,20:00,22:00,L306,20:00-22:00 LAB. 306,
2026-1-TCC00355-EA,2026-1,TCC00355,EA,2,quarta,20:00,22:00,L306,20:00-22:00 LAB. 306,
2026-1-TCC00355-FA,2026-1,TCC00355,FA,1,segunda,20:00,22:00,L307,20:00-22:00 LAB. 307,
2026-1-TCC00355-FA,2026-1,TCC00355,FA,2,quarta,20:00,22:00,L307,20:00-22:00 LAB. 307,
2026-1-TCC00356-A1,2026-1,TCC00356,A1,1,segunda,18:00,20:00,L303,18:00-20:00 LAB. 303,
2026-1-TCC00356-A1,2026-1,TCC00356,A1,2,quarta,18:00,20:00,317,18:00-20:00 SALA 317,
2026-1-TCC00356-B1,2026-1,TCC00356,B1,1,segunda,20:00,22:00,L303,20:00-22:00 LAB. 303,
2026-1-TCC00356-B1,2026-1,TCC00356,B1,2,quarta,20:00,22:00,317,20:00-22:00 SALA 317,
2026-1-TCC00357-A1,2026-1,TCC00357,A1,1,sexta,18:00,22:00,206,18:00-22:00 SALA 206,
2026-1-TCC00358-A1,2026-1,TCC00358,A1,1,quinta,18:00,22:00,306,18:00-22:00 SALA 306,
2026-1-TCC00358-B1,2026-1,TCC00358,B1,1,quinta,18:00,22:00,319,18:00-22:00 SALA 319,
2026-1-TCC00359-A1,2026-1,TCC00359,A1,1,segunda,20:00,22:00,215,20:00-22:00 SALA 215,
2026-1-TCC00359-A1,2026-1,TCC00359,A1,2,quarta,20:00,22:00,215,20:00-22:00 SALA 215,
2026-1-TCC00359-Z1,2026-1,TCC00359,Z1,1,terca,14:00,16:00,319,14:00-16:00 SALA 319,
2026-1-TCC00359-Z1,2026-1,TCC00359,Z1,2,quinta,14:00,16:00,319,14:00-16:00 SALA 319,
2026-1-TCC00360-A1,2026-1,TCC00360,A1,1,segunda,18:00,20:00,206,18:00-20:00 SALA 206,
2026-1-TCC00360-A1,2026-1,TCC00360,A1,2,quarta,18:00,20:00,206,18:00-20:00 SALA 206,
2026-1-TCC00361-A1,2026-1,TCC00361,A1,1,terca,20:00,22:00,302,20:00-22:00 SALA 302,
2026-1-TCC00361-A1,2026-1,TCC00361,A1,2,quinta,20:00,22:00,302,20:00-22:00 SALA 302,
2026-1-TCC00362-A1,2026-1,TCC00362,A1,1,segunda,20:00,22:00,321,20:00-22:00 SALA 321,
2026-1-TCC00362-A1,2026-1,TCC00362,A1,2,quarta,20:00,22:00,321,20:00-22:00 SALA 321,
2026-1-TCC00363-A1,2026-1,TCC00363,A1,1,terca,20:00,22:00,202,20:00-22:00 SALA 202,
2026-1-TCC00363-A1,2026-1,TCC00363,A1,2,quinta,20:00,22:00,202,20:00-22:00 SALA 202,
2026-1-TCC00365-A1,2026-1,TCC00365,A1,1,segunda,18:00,20:00,L304,18:00-20:00 LAB. 304,
2026-1-TCC00365-A1,2026-1,TCC00365,A1,2,quarta,18:00,20:00,302,18:00-20:00 SALA 302,
2026-1-TCC00366-A1,2026-1,TCC00366,A1,1,segunda,18:00,20:00,404B,18:00-20:00 SALA 404B,
2026-1-TCC00366-A1,2026-1,TCC00366,A1,2,quarta,18:00,20:00,L302,18:00-20:00 LAB. 302,
2026-1-TCC00366-B1,2026-1,TCC00366,B1,1,segunda,18:00,20:00,308,18:00-20:00 SALA 308,
2026-1-TCC00366-B1,2026-1,TCC00366,B1,2,quarta,18:00,20:00,308,18:00-20:00 SALA 308,
2026-1-TCC00368-A1,2026-1,TCC00368,A1,1,sexta,18:00,22:00,217,18:00-22:00 SALA 217,
2026-1-TCC00371-A1,2026-1,TCC00371,A1,1,terca,09:00,11:00,308,09:00-11:00 SALA 308,
2026-1-TCC00371-A1,2026-1,TCC00371,A1,2,quinta,09:00,11:00,308,09:00-11:00 SALA 308,
2026-2-TCC00194-SEM-TURMA,2026-2,TCC00194,A1,1,terca,16:00,18:00,206,16/18 206,
2026-2-TCC00194-SEM-TURMA,2026-2,TCC00194,A1,2,quinta,16:00,18:00,206,16/18 206,
2026-2-TCC00196-SEM-TURMA,2026-2,TCC00196,A1,1,sexta,14:00,18:00,206,14/18 206,
2026-2-TCC00200-SEM-TURMA,2026-2,TCC00200,A1,1,segunda,16:00,18:00,321,16/18 321,
2026-2-TCC00200-SEM-TURMA,2026-2,TCC00200,A1,2,quarta,16:00,18:00,321,16/18 321,
2026-2-TCC00203-SEM-TURMA,2026-2,TCC00203,A1,1,segunda,14:00,18:00,319,14/18 319,
2026-2-TCC00222-A1,2026-2,TCC00222,A1,1,quinta,18:00,22:00,213,18/22 213,
2026-2-TCC00225-A1,2026-2,TCC00225,A1,1,segunda,18:00,20:00,204,18/20 204,
2026-2-TCC00225-A1,2026-2,TCC00225,A1,2,quarta,18:00,20:00,204,18/20 204,
2026-2-TCC00226-A1,2026-2,TCC00226,A1,1,segunda,09:00,11:00,L306,09/11 L. 306,
2026-2-TCC00226-A1,2026-2,TCC00226,A1,2,quarta,09:00,11:00,L306,09/11 L. 306,
2026-2-TCC00234-SEM-TURMA,2026-2,TCC00234,A1,1,segunda,09:00,11:00,302,09/11 302,
2026-2-TCC00234-SEM-TURMA,2026-2,TCC00234,A1,2,quarta,09:00,11:00,302,09/11 302,
2026-2-TCC00237-A1,2026-2,TCC00237,A1,1,segunda,18:00,20:00,L305,18/20 L. 305,
2026-2-TCC00237-A1,2026-2,TCC00237,A1,2,quarta,18:00,20:00,L305,18/20 L. 305,
2026-2-TCC00241-A1,2026-2,TCC00241,A1,1,terca,18:00,20:00,217,18/20 217,
2026-2-TCC00241-A1,2026-2,TCC00241,A1,2,quinta,18:00,20:00,217,18/20 217,
2026-2-TCC00242-SEM-TURMA,2026-2,TCC00242,A1,1,segunda,11:00,13:00,313,11/13 313,
2026-2-TCC00242-SEM-TURMA,2026-2,TCC00242,A1,2,quarta,11:00,13:00,313,11/13 313,
2026-2-TCC00243-SEM-TURMA,2026-2,TCC00243,A1,1,terca,09:00,11:00,304,09/11 304,
2026-2-TCC00243-SEM-TURMA,2026-2,TCC00243,A1,2,quinta,09:00,11:00,304,09/11 304,
2026-2-TCC00245-SEM-TURMA,2026-2,TCC00245,A1,1,segunda,18:00,20:00,217,18/20 217,
2026-2-TCC00245-SEM-TURMA,2026-2,TCC00245,A1,2,sexta,20:00,22:00,217,20/22 217,
2026-2-TCC00252-SEM-TURMA,2026-2,TCC00252,A1,1,segunda,16:00,18:00,204,16/18 204,
2026-2-TCC00252-SEM-TURMA,2026-2,TCC00252,A1,2,quarta,16:00,18:00,302,16/18 302,
2026-2-TCC00259-SEM-TURMA,2026-2,TCC00259,A1,1,segunda,16:00,18:00,313,16/18 313,
2026-2-TCC00259-SEM-TURMA,2026-2,TCC00259,A1,2,quarta,16:00,18:00,313,16/18 313,
2026-2-TCC00265-SEM-TURMA,2026-2,TCC00265,A1,1,segunda,16:00,18:00,317,16/18 317,
2026-2-TCC00265-SEM-TURMA,2026-2,TCC00265,A1,2,quarta,16:00,18:00,317,16/18 317,
2026-2-TCC00271-SEM-TURMA,2026-2,TCC00271,A1,1,segunda,16:00,18:00,404B,16/18 404B,
2026-2-TCC00271-SEM-TURMA,2026-2,TCC00271,A1,2,quarta,16:00,18:00,404B,16/18 404B,
2026-2-TCC00284-A1,2026-2,TCC00284,A1,1,terca,09:00,11:00,321,09/11 321,
2026-2-TCC00284-A1,2026-2,TCC00284,A1,2,quinta,09:00,11:00,321,09/11 321,
2026-2-TCC00285-A1,2026-2,TCC00285,A1,1,terca,11:00,13:00,213,11/13 213,
2026-2-TCC00285-A1,2026-2,TCC00285,A1,2,quinta,11:00,13:00,213,11/13 213,
2026-2-TCC00285-X1,2026-2,TCC00285,X1,1,terca,11:00,13:00,313,11/13 313,
2026-2-TCC00285-X1,2026-2,TCC00285,X1,2,quinta,11:00,13:00,313,11/13 313,
2026-2-TCC00286-A1,2026-2,TCC00286,A1,1,terca,09:00,11:00,204,09/11 204,
2026-2-TCC00286-A1,2026-2,TCC00286,A1,2,quinta,09:00,11:00,204,09/11 204,
2026-2-TCC00286-B1,2026-2,TCC00286,B1,1,terca,09:00,11:00,319,09/11 319,
2026-2-TCC00286-B1,2026-2,TCC00286,B1,2,quinta,09:00,11:00,319,09/11 319,
2026-2-TCC00287-A1,2026-2,TCC00287,A1,1,terca,07:00,09:00,217,07/09 217,
2026-2-TCC00287-A1,2026-2,TCC00287,A1,2,quinta,07:00,09:00,217,07/09 217,
2026-2-TCC00288-A1,2026-2,TCC00288,A1,1,segunda,07:00,09:00,321,07/09 321,
2026-2-TCC00288-A1,2026-2,TCC00288,A1,2,quarta,07:00,09:00,321,07/09 321,
2026-2-TCC00289-A1,2026-2,TCC00289,A1,1,segunda,09:00,11:00,321,09/11 321,
2026-2-TCC00289-A1,2026-2,TCC00289,A1,2,quarta,09:00,11:00,321,09/11 321,
2026-2-TCC00290-A1,2026-2,TCC00290,A1,1,quinta,11:00,13:00,215,11/13 215,
2026-2-TCC00291-A1,2026-2,TCC00291,A1,1,segunda,11:00,13:00,321,11/13 321,
2026-2-TCC00291-A1,2026-2,TCC00291,A1,2,quarta,11:00,13:00,321,11/13 321,
2026-2-TCC00292-A1,2026-2,TCC00292,A1,1,segunda,09:00,11:00,215,09/11 215,
2026-2-TCC00292-A1,2026-2,TCC00292,A1,2,quarta,09:00,11:00,215,09/11 215,
2026-2-TCC00293-A1,2026-2,TCC00293,A1,1,segunda,07:00,09:00,215,07/09 215,
2026-2-TCC00293-A1,2026-2,TCC00293,A1,2,quarta,07:00,09:00,215,07/09 215,
2026-2-TCC00296-A1,2026-2,TCC00296,A1,1,terca,07:00,09:00,202,07/09 202,
2026-2-TCC00296-A1,2026-2,TCC00296,A1,2,quinta,07:00,09:00,202,07/09 202,
2026-2-TCC00296-B1,2026-2,TCC00296,B1,1,terca,14:00,16:00,204,14/16 204,
2026-2-TCC00296-B1,2026-2,TCC00296,B1,2,quinta,14:00,16:00,204,14/16 204,
2026-2-TCC00297-A1,2026-2,TCC00297,A1,1,terca,11:00,13:00,302,11/13 302,
2026-2-TCC00297-A1,2026-2,TCC00297,A1,2,quinta,11:00,13:00,302,11/13 302,
2026-2-TCC00298-A1,2026-2,TCC00298,A1,1,segunda,11:00,13:00,217,11/13 217,
2026-2-TCC00298-A1,2026-2,TCC00298,A1,2,quarta,11:00,13:00,217,11/13 217,
2026-2-TCC00301-AA,2026-2,TCC00301,AA,1,terca,11:00,13:00,L305,11/13 L. 305,
2026-2-TCC00301-BA,2026-2,TCC00301,BA,1,quinta,11:00,13:00,L305,11/13 L. 305,
2026-2-TCC00304-A1,2026-2,TCC00304,A1,1,segunda,11:00,13:00,206,11/13 206,
2026-2-TCC00304-A1,2026-2,TCC00304,A1,2,quarta,11:00,13:00,206,11/13 206,
2026-2-TCC00305-A1,2026-2,TCC00305,A1,1,segunda,09:00,11:00,217,09/11 217,
2026-2-TCC00305-A1,2026-2,TCC00305,A1,2,quarta,09:00,11:00,217,09/11 217,
2026-2-TCC00305-X1,2026-2,TCC00305,X1,1,segunda,09:00,11:00,217,09/11 217,
2026-2-TCC00305-X1,2026-2,TCC00305,X1,2,quarta,09:00,11:00,217,09/11 217,
2026-2-TCC00306-A1,2026-2,TCC00306,A1,1,terca,09:00,11:00,206,09/11 206,
2026-2-TCC00306-A1,2026-2,TCC00306,A1,2,quinta,09:00,11:00,206,09/11 206,
2026-2-TCC00307-A1,2026-2,TCC00307,A1,1,terca,07:00,09:00,206,07/09 206,
2026-2-TCC00307-A1,2026-2,TCC00307,A1,2,quinta,07:00,09:00,206,07/09 206,
2026-2-TCC00308-A1,2026-2,TCC00308,A1,1,segunda,16:00,18:00,302,16/18 302,
2026-2-TCC00308-A1,2026-2,TCC00308,A1,2,quarta,16:00,18:00,302,16/18 302,
2026-2-TCC00308-B1,2026-2,TCC00308,B1,1,segunda,16:00,18:00,308,16/18 308,
2026-2-TCC00308-B1,2026-2,TCC00308,B1,2,quarta,16:00,18:00,L306,16/18 L. 306,
2026-2-TCC00312-A1,2026-2,TCC00312,A1,1,segunda,11:00,13:00,213,11/13 213,
2026-2-TCC00312-A1,2026-2,TCC00312,A1,2,quarta,11:00,13:00,213,11/13 213,
2026-2-TCC00313-A1,2026-2,TCC00313,A1,1,terca,09:00,11:00,404B,09/11 404B,
2026-2-TCC00313-A1,2026-2,TCC00313,A1,2,quinta,09:00,11:00,404B,09/11 404B,
2026-2-TCC00314-A1,2026-2,TCC00314,A1,1,terca,11:00,13:00,404B,11/13 404B,
2026-2-TCC00314-A1,2026-2,TCC00314,A1,2,quinta,11:00,13:00,404B,11/13 404B,
2026-2-TCC00315-A1,2026-2,TCC00315,A1,1,terca,09:00,11:00,215,09/11 215,
2026-2-TCC00315-A1,2026-2,TCC00315,A1,2,quinta,09:00,11:00,215,09/11 215,
2026-2-TCC00316-A1,2026-2,TCC00316,A1,1,terca,11:00,13:00,321,11/13 321,
2026-2-TCC00316-A1,2026-2,TCC00316,A1,2,quinta,11:00,13:00,321,11/13 321,
2026-2-TCC00318-A1,2026-2,TCC00318,A1,1,terca,07:00,09:00,302,07/09 302,
2026-2-TCC00318-A1,2026-2,TCC00318,A1,2,quinta,07:00,09:00,302,07/09 302,
2026-2-TCC00324-A1,2026-2,TCC00324,A1,1,sexta,18:00,22:00,302,18/22 302,
2026-2-TCC00328-A1,2026-2,TCC00328,A1,1,segunda,11:00,13:00,306,11/13 306,
2026-2-TCC00328-A1,2026-2,TCC00328,A1,2,quarta,11:00,13:00,L305,11/13 L. 305,
2026-2-TCC00328-B1,2026-2,TCC00328,B1,1,segunda,11:00,13:00,L306,11/13 L. 306,
2026-2-TCC00328-B1,2026-2,TCC00328,B1,2,quarta,11:00,13:00,L306,11/13 L. 306,
2026-2-TCC00330-A1,2026-2,TCC00330,A1,1,sexta,18:00,22:00,321,18/22 321,
2026-2-TCC00331-A1,2026-2,TCC00331,A1,1,segunda,18:00,20:00,206,18/20 206,
2026-2-TCC00331-A1,2026-2,TCC00331,A1,2,quarta,18:00,20:00,206,18/20 206,
2026-2-TCC00331-B1,2026-2,TCC00331,B1,1,segunda,18:00,20:00,302,18/20 302,
2026-2-TCC00331-B1,2026-2,TCC00331,B1,2,quarta,18:00,20:00,L307,18/20 L. 307,
2026-2-TCC00332-A1,2026-2,TCC00332,A1,1,terca,20:00,22:00,317,20/22 317,
2026-2-TCC00332-A1,2026-2,TCC00332,A1,2,quinta,20:00,22:00,317,20/22 317,
2026-2-TCC00332-B1,2026-2,TCC00332,B1,1,terca,18:00,20:00,317,18/20 317,
2026-2-TCC00332-B1,2026-2,TCC00332,B1,2,quinta,18:00,20:00,317,18/20 317,
2026-2-TCC00334-A1,2026-2,TCC00334,A1,1,quarta,18:00,20:00,L302,18/20 L. 302,
2026-2-TCC00334-A1,2026-2,TCC00334,A1,2,sexta,18:00,20:00,L302,18/20 L. 302,
2026-2-TCC00335-A1,2026-2,TCC00335,A1,1,segunda,20:00,22:00,321,20/22 321,
2026-2-TCC00335-A1,2026-2,TCC00335,A1,2,quarta,20:00,22:00,321,20/22 321,
2026-2-TCC00336-A1,2026-2,TCC00336,A1,1,segunda,20:00,22:00,L302,20/22 L. 302,
2026-2-TCC00336-A1,2026-2,TCC00336,A1,2,quarta,20:00,22:00,L302,20/22 L. 302,
2026-2-TCC00337-A1,2026-2,TCC00337,A1,1,quinta,18:00,22:00,321,18/22 321,
2026-2-TCC00338-A1,2026-2,TCC00338,A1,1,terca,20:00,22:00,202,20/22 202,
2026-2-TCC00338-A1,2026-2,TCC00338,A1,2,quinta,20:00,22:00,202,20/22 202,
2026-2-TCC00341-A1,2026-2,TCC00341,A1,1,segunda,20:00,22:00,206,20/22 206,
2026-2-TCC00341-A1,2026-2,TCC00341,A1,2,quarta,20:00,22:00,206,20/22 206,
2026-2-TCC00344-A1,2026-2,TCC00344,AA,1,segunda,07:00,09:00,L306,07/09 L. 306,
2026-2-TCC00344-A1,2026-2,TCC00344,AA,2,quarta,07:00,09:00,L306,07/09 L. 306,
2026-2-TCC00346-AA,2026-2,TCC00346,AA,1,terca,16:00,18:00,L305,16/18 L. 305,
2026-2-TCC00346-BA,2026-2,TCC00346,BA,1,quinta,16:00,18:00,L305,16/18 L. 305,
2026-2-TCC00347-A1,2026-2,TCC00347,A1,1,terca,09:00,11:00,L306,09/11 L. 306,
2026-2-TCC00347-A1,2026-2,TCC00347,A1,2,quinta,09:00,11:00,202,09/11 202,
2026-2-TCC00347-B1,2026-2,TCC00347,B1,1,terca,14:00,16:00,L305,14/16 L. 305,
2026-2-TCC00347-B1,2026-2,TCC00347,B1,2,quinta,14:00,16:00,404B,14/16 404B,
2026-2-TCC00348-A1,2026-2,TCC00348,A1,1,terca,11:00,13:00,204,11/13 204,
2026-2-TCC00348-A1,2026-2,TCC00348,A1,2,quinta,11:00,13:00,204,11/13 204,
2026-2-TCC00348-B1,2026-2,TCC00348,B1,1,terca,11:00,13:00,217,11/13 217,
2026-2-TCC00348-B1,2026-2,TCC00348,B1,2,quinta,11:00,13:00,217,11/13 217,
2026-2-TCC00349-A1,2026-2,TCC00349,A1,1,terca,07:00,09:00,213,07/09 213,
2026-2-TCC00349-A1,2026-2,TCC00349,A1,2,quinta,07:00,09:00,213,07/09 213,
2026-2-TCC00354-A1,2026-2,TCC00354,A1,1,terca,18:00,20:00,308,18/20 308,
2026-2-TCC00354-A1,2026-2,TCC00354,A1,2,quinta,18:00,20:00,308,18/20 308,
2026-2-TCC00354-B1,2026-2,TCC00354,B1,1,terca,20:00,22:00,308,20/22 308,
2026-2-TCC00354-B1,2026-2,TCC00354,B1,2,quinta,20:00,22:00,308,20/22 308,
2026-2-TCC00355-E-A,2026-2,TCC00355,EA,1,segunda,20:00,22:00,L304,20/22 L. 304,
2026-2-TCC00355-E-A,2026-2,TCC00355,EA,2,quarta,20:00,22:00,L304,20/22 L. 304,
2026-2-TCC00355-F-A,2026-2,TCC00355,FA,1,segunda,20:00,22:00,L307,20/22 L. 307,
2026-2-TCC00355-F-A,2026-2,TCC00355,FA,2,quarta,20:00,22:00,L307,20/22 L. 307,
2026-2-TCC00356-A1,2026-2,TCC00356,A1,1,segunda,20:00,22:00,L303,20/22 L. 303,
2026-2-TCC00356-A1,2026-2,TCC00356,A1,2,quarta,20:00,22:00,317,20/22 317,
2026-2-TCC00356-B1,2026-2,TCC00356,B1,1,segunda,18:00,20:00,L303,18/20 L. 303,
2026-2-TCC00356-B1,2026-2,TCC00356,B1,2,quarta,18:00,20:00,317,18/20 317,
2026-2-TCC00357-A1,2026-2,TCC00357,A1,1,segunda,18:00,22:00,215,18/22 215,
2026-2-TCC00358-A1,2026-2,TCC00358,A1,1,quinta,18:00,22:00,319,18/22 319,
2026-2-TCC00358-B1,2026-2,TCC00358,B1,1,quinta,18:00,22:00,306,18/22 306,
2026-2-TCC00359-A1,2026-2,TCC00359,A1,1,quarta,20:00,22:00,215,20/22 215,
2026-2-TCC00359-A1,2026-2,TCC00359,A1,2,sexta,20:00,22:00,215,20/22 215,
2026-2-TCC00360-A1,2026-2,TCC00360,A1,1,segunda,18:00,20:00,319,18/20 319,
2026-2-TCC00360-A1,2026-2,TCC00360,A1,2,quarta,18:00,20:00,319,18/20 319,
2026-2-TCC00361-A1,2026-2,TCC00361,A1,1,sexta,18:00,22:00,404B,18/22 404B,
2026-2-TCC00362-A1,2026-2,TCC00362,A1,1,terca,18:00,22:00,204,18/22 204,
2026-2-TCC00363-A1,2026-2,TCC00363,A1,1,terca,18:00,20:00,302,18/20 302,
2026-2-TCC00363-A1,2026-2,TCC00363,A1,2,quinta,18:00,20:00,302,18/20 302,
2026-2-TCC00365-A1,2026-2,TCC00365,A1,1,segunda,18:00,20:00,L304,18/20 L. 304,
2026-2-TCC00365-A1,2026-2,TCC00365,A1,2,quarta,18:00,20:00,302,18/20 302,
2026-2-TCC00366-A1,2026-2,TCC00366,A1,1,segunda,18:00,20:00,306,18/20 306,
2026-2-TCC00366-A1,2026-2,TCC00366,A1,2,quarta,18:00,20:00,L306,18/20 L. 306,
2026-2-TCC00366-B1,2026-2,TCC00366,B1,1,segunda,18:00,20:00,308,18/20 308,
2026-2-TCC00366-B1,2026-2,TCC00366,B1,2,quarta,18:00,20:00,308,18/20 308,
2026-2-TCC00368-A1,2026-2,TCC00368,A1,1,terca,20:00,22:00,217,20/22 217,
2026-2-TCC00368-A1,2026-2,TCC00368,A1,2,quinta,20:00,22:00,217,20/22 217,
2026-2-TCC00371-A1,2026-2,TCC00371,A1,1,terca,09:00,11:00,308,09/11 308,
2026-2-TCC00371-A1,2026-2,TCC00371,A1,2,quinta,09:00,11:00,308,09/11 308,
