turma_id,semestre,codigo,turma,dia,inicio,fim,sala,valor_original
2025-1-TCC00284-A1,2025-1,TCC00284,A1,sexta,09:00,13:00,206,"9/13
206"
2025-1-TCC00285-A1,2025-1,TCC00285,A1,terca,11:00,13:00,215,"11/13
215"
2025-1-TCC00285-A1,2025-1,TCC00285,A1,quinta,11:00,13:00,215,"11/13
215"
2025-1-TCC00286-A1,2025-1,TCC00286,A1,terca,09:00,11:00,302,09/11 302
2025-1-TCC00286-A1,2025-1,TCC00286,A1,quinta,09:00,11:00,302,09/11 302
2025-1-TCC00286-B1,2025-1,TCC00286,B1,terca,09:00,11:00,308,09/11 308
2025-1-TCC00286-B1,2025-1,TCC00286,B1,quinta,09:00,11:00,308,09/11 308
2025-1-TCC00349-A1,2025-1,TCC00349,A1,terca,09:00,11:00,404B,09/11 404B
2025-1-TCC00349-A1,2025-1,TCC00349,A1,quinta,09:00,11:00,404B,09/11 404B
2025-1-TCC00336-A1,2025-1,TCC00336,A1,segunda,20:00,22:00,321,"20/22
321"
2025-1-TCC00336-A1,2025-1,TCC00336,A1,quarta,20:00,22:00,321,"20/22
321"
2025-1-TCC00287-A1,2025-1,TCC00287,A1,segunda,09:00,11:00,321,"09/11
321"
2025-1-TCC00287-A1,2025-1,TCC00287,A1,quarta,09:00,11:00,321,"09/11
321"
2025-1-TCC00288-A1,2025-1,TCC00288,A1,segunda,07:00,09:00,L302,"07/09
L302"
2025-1-TCC00288-A1,2025-1,TCC00288,A1,quarta,07:00,09:00,L302,"07/09
L302"
2025-1-TCC00289-A1,2025-1,TCC00289,A1,segunda,09:00,11:00,215,"09/11
215"
2025-1-TCC00289-A1,2025-1,TCC00289,A1,quarta,09:00,11:00,215,"09/11
215"
2025-1-TCC00290-A1,2025-1,TCC00290,A1,quinta,11:00,13:00,217,"11/13
217"
2025-1-TCC00222-A1,2025-1,TCC00222,A1,quinta,18:00,22:00,213,"18/22
213"
2025-1-TCC00291-A1,2025-1,TCC00291,A1,segunda,11:00,13:00,319,"11/13
319"
2025-1-TCC00291-A1,2025-1,TCC00291,A1,quarta,11:00,13:00,319,"11/13
319"
2025-1-TCC00226-A1,2025-1,TCC00226,A1,segunda,09:00,11:00,L302,09/11 L302
2025-1-TCC00226-A1,2025-1,TCC00226,A1,quarta,09:00,11:00,L302,09/11 L302
2025-1-TCC00226-X1,2025-1,TCC00226,X1,segunda,11:00,13:00,L302,11/13 L302
2025-1-TCC00226-X1,2025-1,TCC00226,X1,quarta,11:00,13:00,L302,11/13 L302
2025-1-TCC00368-A1,2025-1,TCC00368,A1,sexta,18:00,22:00,217,"18/22
217"
2025-1-TCC00225-A1,2025-1,TCC00225,A1,terca,18:00,20:00,217,"18/20
217"
2025-1-TCC00225-A1,2025-1,TCC00225,A1,quinta,18:00,20:00,217,"18/20
217"
2025-1-TCC00292-A1,2025-1,TCC00292,A1,sexta,09:00,13:00,404B,"09/13
404B"
2025-1-TCC00293-A1,2025-1,TCC00293,A1,segunda,09:00,11:00,217,09/11 217
2025-1-TCC00293-A1,2025-1,TCC00293,A1,quarta,09:00,11:00,217,09/11 217
2025-1-TCC00348-A1,2025-1,TCC00348,A1,terca,11:00,13:00,204,"11/13
204"
2025-1-TCC00348-A1,2025-1,TCC00348,A1,quinta,11:00,13:00,204,"11/13
204"
2025-1-TCC00348-B1,2025-1,TCC00348,B1,terca,11:00,13:00,319,"11/13
319"
2025-1-TCC00348-B1,2025-1,TCC00348,B1,quinta,11:00,13:00,319,"11/13
319"
2025-1-TCC00331-A1,2025-1,TCC00331,A1,segunda,18:00,20:00,404B,"18/20
404B"
2025-1-TCC00331-A1,2025-1,TCC00331,A1,quarta,18:00,20:00,L306,"18/20
L306"
2025-1-TCC00331-X1,2025-1,TCC00331,X1,terca,20:00,22:00,308,"20/22
308"
2025-1-TCC00331-X1,2025-1,TCC00331,X1,quinta,20:00,22:00,L306,"20/22
L306"
2025-1-TCC00296-A1,2025-1,TCC00296,A1,terca,14:00,16:00,302,"14/16
302"
2025-1-TCC00296-A1,2025-1,TCC00296,A1,quinta,14:00,16:00,302,"14/16
302"
2025-1-TCC00296-B1,2025-1,TCC00296,B1,terca,14:00,16:00,321,"14/16
321"
2025-1-TCC00296-B1,2025-1,TCC00296,B1,quinta,14:00,16:00,321,"14/16
321"
2025-1-TCC00332-A1,2025-1,TCC00332,A1,terca,18:00,20:00,319,"18/20
319"
2025-1-TCC00332-A1,2025-1,TCC00332,A1,quinta,18:00,20:00,319,"18/20
319"
2025-1-TCC00332-B1,2025-1,TCC00332,B1,terca,20:00,22:00,317,"20/22
317"
2025-1-TCC00332-B1,2025-1,TCC00332,B1,quinta,20:00,22:00,317,"20/22
317"
2025-1-TCC00354-A1,2025-1,TCC00354,A1,terca,18:00,20:00,202,"18/20
202"
2025-1-TCC00354-A1,2025-1,TCC00354,A1,quinta,18:00,20:00,202,"18/20
202"
2025-1-TCC00354-B1,2025-1,TCC00354,B1,terca,20:00,22:00,202,"20/22
202"
2025-1-TCC00354-B1,2025-1,TCC00354,B1,quinta,20:00,22:00,202,"20/22
202"
2025-1-TCC00363-A1,2025-1,TCC00363,A1,terca,20:00,22:00,206,"20/22
206"
2025-1-TCC00363-A1,2025-1,TCC00363,A1,quinta,20:00,22:00,206,"20/22
206"
2025-1-TCC00324-A1,2025-1,TCC00324,A1,segunda,20:00,22:00,206,"20/22
206"
2025-1-TCC00324-A1,2025-1,TCC00324,A1,quarta,20:00,22:00,206,"20/22
206"
2025-1-TCC00297-A1,2025-1,TCC00297,A1,terca,11:00,13:00,202,"11/13
202"
2025-1-TCC00297-A1,2025-1,TCC00297,A1,quinta,11:00,13:00,202,"11/13
202"
2025-1-TCC00298-A1,2025-1,TCC00298,A1,segunda,11:00,13:00,202,"11/13
202"
2025-1-TCC00298-A1,2025-1,TCC00298,A1,quarta,11:00,13:00,202,"11/13
202"
2025-1-TCC00337-A1,2025-1,TCC00337,A1,segunda,18:00,20:00,206,"18/20
206"
2025-1-TCC00337-A1,2025-1,TCC00337,A1,quarta,18:00,20:00,206,"18/20
206"
2025-1-TCC00361-A1,2025-1,TCC00361,A1,sexta,18:00,22:00,L306,"18/22
L306"
2025-1-TCC00301-A-A/B-A,2025-1,TCC00301,A-A/B-A,terca,11:00,13:00,L305,"11/13
L305"
2025-1-TCC00301-A-A/B-A,2025-1,TCC00301,A-A/B-A,quinta,11:00,13:00,L305,"11/13
L305"
2025-1-TCC00344-A1,2025-1,TCC00344,A1,segunda,07:00,09:00,L305,"07/09
L305"
2025-1-TCC00344-A1,2025-1,TCC00344,A1,quarta,07:00,09:00,L305,"07/09
L305"
2025-1-TCC00346-A-A/C-A,2025-1,TCC00346,A-A/C-A,terca,16:00,18:00,L305,"16/18
L305"
2025-1-TCC00346-A-A/C-A,2025-1,TCC00346,A-A/C-A,quinta,16:00,18:00,L305,"16/18
L305"
2025-1-TCC00346-B-A/D-A,2025-1,TCC00346,B-A/D-A,terca,16:00,18:00,L306,"16/18
L306"
2025-1-TCC00346-B-A/D-A,2025-1,TCC00346,B-A/D-A,quinta,16:00,18:00,L306,"16/18
L306"
2025-1-TCC00355-E-A,2025-1,TCC00355,E-A,segunda,20:00,22:00,L303,"20/22
L303"
2025-1-TCC00355-E-A,2025-1,TCC00355,E-A,quarta,20:00,22:00,L303,"20/22
L303"
2025-1-TCC00355-F-A,2025-1,TCC00355,F-A,segunda,20:00,22:00,L306,"20/22
L306"
2025-1-TCC00355-F-A,2025-1,TCC00355,F-A,quarta,20:00,22:00,L306,"20/22
L306"
2025-1-TCC00304-A1,2025-1,TCC00304,A1,segunda,11:00,13:00,215,"11/13
215"
2025-1-TCC00304-A1,2025-1,TCC00304,A1,quarta,11:00,13:00,215,"11/13
215"
2025-1-TCC00305-A1,2025-1,TCC00305,A1,segunda,07:00,09:00,206,"07/09
206"
2025-1-TCC00305-A1,2025-1,TCC00305,A1,quarta,07:00,09:00,206,"07/09
206"
2025-1-TCC00306-A1,2025-1,TCC00306,A1,terca,09:00,11:00,213,09/11 213
2025-1-TCC00306-A1,2025-1,TCC00306,A1,quinta,09:00,11:00,213,09/11 213
2025-1-TCC00330-A1,2025-1,TCC00330,A1,segunda,18:00,20:00,215,"18/20
215"
2025-1-TCC00330-A1,2025-1,TCC00330,A1,quarta,18:00,20:00,215,"18/20
215"
2025-1-TCC00318-A1,2025-1,TCC00318,A1,terca,09:00,11:00,217,09/11 217
2025-1-TCC00318-A1,2025-1,TCC00318,A1,quinta,09:00,11:00,217,"09/11
217"
2025-1-TCC00334-A1,2025-1,TCC00334,A1,segunda,18:00,20:00,321,"18/20
321"
2025-1-TCC00334-A1,2025-1,TCC00334,A1,quarta,18:00,20:00,321,"18/20
321"
2025-1-TCC00307-A1,2025-1,TCC00307,A1,terca,09:00,11:00,215,09/11 215
2025-1-TCC00307-A1,2025-1,TCC00307,A1,quinta,09:00,11:00,215,09/11 215
2025-1-TCC00366-A1,2025-1,TCC00366,A1,segunda,18:00,20:00,302,"18/20
302"
2025-1-TCC00366-A1,2025-1,TCC00366,A1,quarta,18:00,20:00,302,"18/20
302"
2025-1-TCC00366-B1,2025-1,TCC00366,B1,segunda,18:00,20:00,204,"18/20
204"
2025-1-TCC00366-B1,2025-1,TCC00366,B1,quarta,18:00,20:00,L305,"18/20
L305"
2025-1-TCC00308-A1,2025-1,TCC00308,A1,segunda,16:00,18:00,313,"16/18
313"
2025-1-TCC00308-A1,2025-1,TCC00308,A1,quarta,16:00,18:00,L306,"16/18
L306"
2025-1-TCC00308-B1,2025-1,TCC00308,B1,segunda,16:00,18:00,L306,"16/18
L306"
2025-1-TCC00308-B1,2025-1,TCC00308,B1,quarta,16:00,18:00,308,"16/18
308"
2025-1-TCC00356-A1,2025-1,TCC00356,A1,segunda,18:00,20:00,L302,"18/20
L302"
2025-1-TCC00356-A1,2025-1,TCC00356,A1,quarta,18:00,20:00,319,"18/20
319"
2025-1-TCC00356-B1,2025-1,TCC00356,B1,segunda,20:00,22:00,L302,"20/22
L302"
2025-1-TCC00356-B1,2025-1,TCC00356,B1,quarta,20:00,22:00,319,"20/22
319"
2025-1-TCC00347-A1,2025-1,TCC00347,A1,terca,09:00,11:00,L304,09/11 L304
2025-1-TCC00347-A1,2025-1,TCC00347,A1,quinta,09:00,11:00,204,09/11 204
2025-1-TCC00347-B1,2025-1,TCC00347,B1,terca,09:00,11:00,L306,09/11 L306
2025-1-TCC00347-B1,2025-1,TCC00347,B1,quinta,09:00,11:00,202,09/11 202
2025-1-TCC00328-A1,2025-1,TCC00328,A1,segunda,11:00,13:00,,11/13
2025-1-TCC00328-A1,2025-1,TCC00328,A1,quarta,11:00,13:00,,11/13
2025-1-TCC00328-B1,2025-1,TCC00328,B1,segunda,16:00,18:00,204,"16/18
204"
2025-1-TCC00328-B1,2025-1,TCC00328,B1,quarta,16:00,18:00,L304,"16/18
L304"
2025-1-TCC00357-A1,2025-1,TCC00357,A1,sexta,18:00,22:00,215,"18/22
215"
2025-1-TCC00357-X1,2025-1,TCC00357,X1,terca,18:00,20:00,308,"18/20
308"
2025-1-TCC00357-X1,2025-1,TCC00357,X1,quinta,18:00,20:00,L306,"18/20
L306"
2025-1-TCC00335-A1,2025-1,TCC00335,A1,terca,20:00,22:00,215,"20/22
215"
2025-1-TCC00335-A1,2025-1,TCC00335,A1,quinta,20:00,22:00,L302,"20/22
L302"
2025-1-TCC00312-A1,2025-1,TCC00312,A1,segunda,11:00,13:00,217,"11/13
217"
2025-1-TCC00312-A1,2025-1,TCC00312,A1,quarta,11:00,13:00,217,"11/13
217"
2025-1-TCC00338-A1,2025-1,TCC00338,A1,terca,18:00,20:00,206,"18/20
206"
2025-1-TCC00338-A1,2025-1,TCC00338,A1,quinta,18:00,20:00,206,"18/20
206"
2025-1-TCC00311-B1,2025-1,TCC00311,B1,sabado,14:00,18:00,,14/18
2025-1-TCC00365-A1,2025-1,TCC00365,A1,segunda,18:00,20:00,217,"18/20
217"
2025-1-TCC00365-A1,2025-1,TCC00365,A1,quarta,18:00,20:00,L304,"18/20
L304"
2025-1-TCC00359-A1,2025-1,TCC00359,A1,segunda,20:00,22:00,215,"20/22
215"
2025-1-TCC00359-A1,2025-1,TCC00359,A1,quarta,20:00,22:00,215,"20/22
215"
2025-1-TCC00313-A1,2025-1,TCC00313,A1,terca,07:00,09:00,213,07/09 213
2025-1-TCC00313-A1,2025-1,TCC00313,A1,quinta,07:00,09:00,213,07/09 213
2025-1-TCC00314-A1,2025-1,TCC00314,A1,terca,11:00,13:00,306,11/13 306
2025-1-TCC00314-A1,2025-1,TCC00314,A1,quinta,11:00,13:00,306,11/13 306
2025-1-TCC00341-A1,2025-1,TCC00341,A1,segunda,20:00,22:00,213,"20/22
213"
2025-1-TCC00341-A1,2025-1,TCC00341,A1,quarta,20:00,22:00,213,"20/22
213"
2025-1-TCC00358-A1,2025-1,TCC00358,A1,quinta,18:00,22:00,321,"18/22
321"
2025-1-TCC00358-B1,2025-1,TCC00358,B1,quinta,18:00,22:00,308,"18/22
308"
2025-1-TCC00315-A1,2025-1,TCC00315,A1,terca,07:00,09:00,317,07/09 317
2025-1-TCC00315-A1,2025-1,TCC00315,A1,quinta,07:00,09:00,317,07/09 317
2025-1-TCC00362-A1,2025-1,TCC00362,A1,segunda,20:00,22:00,204,"20/22
204"
2025-1-TCC00362-A1,2025-1,TCC00362,A1,quarta,20:00,22:00,204,"20/22
204"
2025-1-TCC00316-A1,2025-1,TCC00316,A1,terca,11:00,13:00,302,11/13 302
2025-1-TCC00316-A1,2025-1,TCC00316,A1,quinta,11:00,13:00,302,11/13 302
2025-1-TCC00360-A1,2025-1,TCC00360,A1,segunda,18:00,20:00,317,"18/20
317"
2025-1-TCC00360-A1,2025-1,TCC00360,A1,quarta,18:00,20:00,317,"18/20
317"
2025-1-TCC00242-A1,2025-1,TCC00242,A1,terca,20:00,22:00,306,20/22 306
2025-1-TCC00242-A1,2025-1,TCC00242,A1,quinta,20:00,22:00,306,20/22 306
2025-1-TCC00212-A1,2025-1,TCC00212,A1,terca,18:00,20:00,313,18/20 313
2025-1-TCC00212-A1,2025-1,TCC00212,A1,quinta,18:00,20:00,313,18/20 313
2025-1-TIC10001-,2025-1,TIC10001,,terca,07:00,09:00,215,07/09 215
2025-1-TIC10001-,2025-1,TIC10001,,quinta,07:00,09:00,215,07/09 215
2025-1-TIC10002-,2025-1,TIC10002,,segunda,11:00,13:00,206,"11/13
206"
2025-1-TIC10002-,2025-1,TIC10002,,quarta,11:00,13:00,206,"11/13
206"
2025-1-TIC10003-,2025-1,TIC10003,,segunda,09:00,11:00,308,09/11 308
2025-1-TIC10003-,2025-1,TIC10003,,quarta,09:00,11:00,308,09/11 308
2025-1-TIC10005-,2025-1,TIC10005,,terca,11:00,13:00,404B,11/13 404B
2025-1-TIC10005-,2025-1,TIC10005,,quinta,11:00,13:00,404B,11/13 404B
2025-1-TCC00319-A1,2025-1,TCC00319,A1,sexta,14:00,18:00,L302,"14/18
L302"
2025-1-TCC00319-B1,2025-1,TCC00319,B1,terca,16:00,18:00,202,16/18 202
2025-1-TCC00319-B1,2025-1,TCC00319,B1,quinta,16:00,18:00,202,16/18 202
2025-1-TCC00320-A1,2025-1,TCC00320,A1,terca,14:00,16:00,308,14/16 308
2025-1-TCC00320-A1,2025-1,TCC00320,A1,quinta,14:00,16:00,308,14/16 308
2025-1-TCC00320-B1,2025-1,TCC00320,B1,terca,14:00,16:00,217,14/16 217
2025-1-TCC00320-B1,2025-1,TCC00320,B1,quinta,14:00,16:00,217,14/16 217
2025-1-TCC00328-C1,2025-1,TCC00328,C1,segunda,11:00,13:00,L305,"11/13
L305"
2025-1-TCC00328-C1,2025-1,TCC00328,C1,quarta,11:00,13:00,302,"11/13
302"
2025-1-TCC00325-A1,2025-1,TCC00325,A1,segunda,09:00,11:00,319,"09/11
319"
2025-1-TCC00325-A1,2025-1,TCC00325,A1,quarta,09:00,11:00,319,"09/11
319"
2025-1-TCC00325-B1,2025-1,TCC00325,B1,segunda,11:00,13:00,204,"11/13
204"
2025-1-TCC00325-B1,2025-1,TCC00325,B1,quarta,11:00,13:00,204,"11/13
204"
2025-1-TCC00325-C1,2025-1,TCC00325,C1,segunda,16:00,18:00,202,"16/18
202"
2025-1-TCC00325-C1,2025-1,TCC00325,C1,quarta,16:00,18:00,202,"16/18
202"
2025-1-TCC00325-D1,2025-1,TCC00325,D1,segunda,18:00,20:00,306,"18/20
306"
2025-1-TCC00325-D1,2025-1,TCC00325,D1,quarta,18:00,20:00,306,"18/20
306"
2025-1-TCC00325-E1,2025-1,TCC00325,E1,terca,11:00,13:00,213,"11/13
213"
2025-1-TCC00325-E1,2025-1,TCC00325,E1,quinta,11:00,13:00,213,"11/13
213"
2025-1-TCC00325-F1,2025-1,TCC00325,F1,terca,14:00,16:00,213,"14/16
213"
2025-1-TCC00325-F1,2025-1,TCC00325,F1,quinta,14:00,16:00,213,"14/16
213"
2025-1-TCC00325-G1,2025-1,TCC00325,G1,terca,16:00,18:00,213,"16/18
213"
2025-1-TCC00325-G1,2025-1,TCC00325,G1,quinta,16:00,18:00,213,"16/18
213"
2025-1-TCC00326-E1,2025-1,TCC00326,E1,segunda,16:00,18:00,L304,"16/18
L304"
2025-1-TCC00326-E1,2025-1,TCC00326,E1,quarta,16:00,18:00,302,"16/18
302"
2025-1-TCC00326-E2,2025-1,TCC00326,E2,segunda,16:00,18:00,213,"16/18
213"
2025-1-TCC00326-E2,2025-1,TCC00326,E2,quarta,16:00,18:00,L302,"16/18
L302"
2025-1-TCC00326-F1,2025-1,TCC00326,F1,segunda,18:00,20:00,213,"18/20
213"
2025-1-TCC00326-F1,2025-1,TCC00326,F1,quarta,18:00,20:00,L302,"18/20
L302"
2025-1-TCC00326-I1,2025-1,TCC00326,I1,terca,09:00,11:00,L302,"09/11
L302"
2025-1-TCC00326-I1,2025-1,TCC00326,I1,quinta,09:00,11:00,321,"09/11
321"
2025-1-TCC00326-I2,2025-1,TCC00326,I2,terca,09:00,11:00,321,"09/11
321"
2025-1-TCC00326-I2,2025-1,TCC00326,I2,quinta,09:00,11:00,L306,"09/11
L306"
2025-1-TCC00326-X1,2025-1,TCC00326,X1,terca,09:00,11:00,L303,"09/11
L303"
2025-1-TCC00326-X1,2025-1,TCC00326,X1,quinta,09:00,11:00,206,"09/11
206"
2025-1-TCC00326-X2,2025-1,TCC00326,X2,terca,09:00,11:00,306,"09/11
306"
2025-1-TCC00326-X2,2025-1,TCC00326,X2,quinta,09:00,11:00,L302,"09/11
L302"
2025-1-TCC00326-J1,2025-1,TCC00326,J1,terca,11:00,13:00,L302,"11/13
L302"
2025-1-TCC00326-J1,2025-1,TCC00326,J1,quinta,11:00,13:00,321,"11/13
321"
2025-1-TCC00326-J2,2025-1,TCC00326,J2,terca,11:00,13:00,321,"11/13
321"
2025-1-TCC00326-J2,2025-1,TCC00326,J2,quinta,11:00,13:00,L302,"11/13
L302"
2025-1-TCC00326-J3,2025-1,TCC00326,J3,terca,11:00,13:00,308,"11/13
308"
2025-1-TCC00326-J3,2025-1,TCC00326,J3,quinta,11:00,13:00,L306,"11/13
L306"
2025-1-TCC00326-J4,2025-1,TCC00326,J4,terca,11:00,13:00,L303,"11/13
L303"
2025-1-TCC00326-J4,2025-1,TCC00326,J4,quinta,11:00,13:00,206,"11/13
206"
2025-1-TCC00326-K1,2025-1,TCC00326,K1,terca,14:00,16:00,204,"14/16
204"
2025-1-TCC00326-K1,2025-1,TCC00326,K1,quinta,14:00,16:00,L306,"14/16
L306"
2025-1-TCC00326-K2,2025-1,TCC00326,K2,terca,14:00,16:00,L302,"14/16
L302"
2025-1-TCC00326-K2,2025-1,TCC00326,K2,quinta,14:00,16:00,204,"14/16
204"
2025-1-TCC00326-K3,2025-1,TCC00326,K3,terca,14:00,16:00,202,"14/16
202"
2025-1-TCC00326-K3,2025-1,TCC00326,K3,quinta,14:00,16:00,L302,"14/16
L302"
2025-1-TCC00326-K4,2025-1,TCC00326,K4,terca,14:00,16:00,L305,"14/16
L305"
2025-1-TCC00326-K4,2025-1,TCC00326,K4,quinta,14:00,16:00,206,"14/16
206"
2025-1-TCC00326-L1,2025-1,TCC00326,L1,terca,16:00,18:00,L302,"16/18
L302"
2025-1-TCC00326-L1,2025-1,TCC00326,L1,quinta,16:00,18:00,204,"16/18
204"
2025-1-TCC00243-A1,2025-1,TCC00243,A1,segunda,16:00,18:00,306,"16/18
306"
2025-1-TCC00243-A1,2025-1,TCC00243,A1,quarta,16:00,18:00,306,"16/18
306"
2025-1-TCC00259-A1,2025-1,TCC00259,A1,terca,16:00,18:00,206,"16/18
206"
2025-1-TCC00259-A1,2025-1,TCC00259,A1,quinta,16:00,18:00,206,"16/18
206"
2025-1-TCC00244-A1,2025-1,TCC00244,A1,terca,18:00,20:00,215,"18/20
215"
2025-1-TCC00244-A1,2025-1,TCC00244,A1,quinta,18:00,20:00,215,"18/20
215"
2025-1-TCC00350-A1,2025-1,TCC00350,A1,sexta,09:00,13:00,319,"09/13
319"
2025-1-TCC00250-A1,2025-1,TCC00250,A1,quarta,07:00,09:00,404B,07/09 404B
2025-1-TCC00250-A1,2025-1,TCC00250,A1,sexta,07:00,09:00,404B,07/09 404B
2025-1-TCC00245-A1,2025-1,TCC00245,A1,terca,16:00,18:00,217,"16/18
217"
2025-1-TCC00245-A1,2025-1,TCC00245,A1,quinta,16:00,18:00,217,"16/18
217"
2025-1-TCC00202-A1,2025-1,TCC00202,A1,terca,09:00,11:00,L305,09/11 L305
2025-1-TCC00202-A1,2025-1,TCC00202,A1,quinta,09:00,11:00,L305,09/11 L305
2025-1-TCC00241-A1,2025-1,TCC00241,A1,segunda,18:00,20:00,304,"18/20
304"
2025-1-TCC00241-A1,2025-1,TCC00241,A1,quarta,18:00,20:00,304,"18/20
304"
2025-1-TCC00251-A1,2025-1,TCC00251,A1,terca,11:00,13:00,317,"11/13
317"
2025-1-TCC00251-A1,2025-1,TCC00251,A1,quinta,11:00,13:00,317,"11/13
317"
2025-1-TCC00260-A1,2025-1,TCC00260,A1,terca,14:00,16:00,313,"14/16
313"
2025-1-TCC00260-A1,2025-1,TCC00260,A1,quinta,14:00,16:00,313,"14/16
313"
2025-1-TCC00253-A1,2025-1,TCC00253,A1,segunda,16:00,18:00,L302,"16/18
L302"
2025-1-TCC00253-A1,2025-1,TCC00253,A1,quarta,16:00,18:00,319,"16/18
319"
2025-1-TCC00261-A1,2025-1,TCC00261,A1,segunda,09:00,11:00,302,09/11 302
2025-1-TCC00261-A1,2025-1,TCC00261,A1,quarta,09:00,11:00,302,09/11 302
2025-1-TCC00280-,2025-1,TCC00280,,segunda,14:00,18:00,217,"14/18
217"
2025-1-GCI00126-,2025-1,GCI00126,,sexta,18:00,22:00,302,"18/22
302"
2025-1-GCI00116-,2025-1,GCI00116,,quinta,18:00,22:00,302,"18/22
302"
2025-2-TCC00284-A1,2025-2,TCC00284,A1,terca,09:00,11:00,308,"9/11
308"
2025-2-TCC00284-A1,2025-2,TCC00284,A1,quinta,09:00,11:00,308,"9/11
308"
2025-2-TCC00285-A1,2025-2,TCC00285,A1,terca,11:00,13:00,215,"11/13
215"
2025-2-TCC00285-A1,2025-2,TCC00285,A1,quinta,11:00,13:00,215,"11/13
215"
2025-2-TCC00286-A1,2025-2,TCC00286,A1,terca,09:00,11:00,302,"09/11
302"
2025-2-TCC00286-A1,2025-2,TCC00286,A1,quinta,09:00,11:00,302,"09/11
302"
2025-2-TCC00286-B1,2025-2,TCC00286,B1,terca,09:00,11:00,308,"09/11
308"
2025-2-TCC00286-B1,2025-2,TCC00286,B1,quinta,09:00,11:00,308,"09/11
308"
2025-2-TCC00349-A1,2025-2,TCC00349,A1,terca,07:00,09:00,204,"07/09
204"
2025-2-TCC00349-A1,2025-2,TCC00349,A1,quinta,07:00,09:00,204,"07/09
204"
2025-2-TCC00336-A1,2025-2,TCC00336,A1,segunda,20:00,22:00,,20/22
2025-2-TCC00336-A1,2025-2,TCC00336,A1,quarta,20:00,22:00,,20/22
2025-2-TCC00287-A1,2025-2,TCC00287,A1,segunda,07:00,09:00,215,"07/09
215"
2025-2-TCC00287-A1,2025-2,TCC00287,A1,quarta,07:00,09:00,215,"07/09
215"
2025-2-TCC00288-A1,2025-2,TCC00288,A1,segunda,11:00,13:00,215,"11/13
215"
2025-2-TCC00288-A1,2025-2,TCC00288,A1,quarta,11:00,13:00,215,"11/13
215"
2025-2-TCC00289-A1,2025-2,TCC00289,A1,segunda,07:00,09:00,308,"7/9
308"
2025-2-TCC00289-A1,2025-2,TCC00289,A1,quarta,07:00,09:00,308,"7/9
308"
2025-2-TCC00290-A1,2025-2,TCC00290,A1,quinta,11:00,13:00,217,"11/13
217"
2025-2-TCC00222-A1,2025-2,TCC00222,A1,quinta,18:00,22:00,215,"18/22
215"
2025-2-TCC00291-A1,2025-2,TCC00291,A1,segunda,11:00,13:00,319,"11/13
319"
2025-2-TCC00291-A1,2025-2,TCC00291,A1,quarta,11:00,13:00,319,"11/13
319"
2025-2-TCC00226-A1,2025-2,TCC00226,A1,segunda,09:00,11:00,L302,"09/11
L302"
2025-2-TCC00226-A1,2025-2,TCC00226,A1,quarta,09:00,11:00,L302,"09/11
L302"
2025-2-TCC00368-A1,2025-2,TCC00368,A1,terca,20:00,22:00,313,"20/22
313"
2025-2-TCC00368-A1,2025-2,TCC00368,A1,quinta,20:00,22:00,313,"20/22
313"
2025-2-TCC00225-A1,2025-2,TCC00225,A1,segunda,18:00,20:00,,18/20
2025-2-TCC00225-A1,2025-2,TCC00225,A1,quarta,18:00,20:00,,18/20
2025-2-TCC00292-A1,2025-2,TCC00292,A1,segunda,09:00,11:00,213,"09/11
213"
2025-2-TCC00292-A1,2025-2,TCC00292,A1,quarta,09:00,11:00,213,"09/11
213"
2025-2-TCC00293-A1,2025-2,TCC00293,A1,segunda,07:00,09:00,213,"07/09
213"
2025-2-TCC00293-A1,2025-2,TCC00293,A1,quarta,07:00,09:00,213,"07/09
213"
2025-2-TCC00348-A1,2025-2,TCC00348,A1,terca,11:00,13:00,204,"11/13
204"
2025-2-TCC00348-A1,2025-2,TCC00348,A1,quinta,11:00,13:00,204,"11/13
204"
2025-2-TCC00348-B1,2025-2,TCC00348,B1,terca,07:00,09:00,202,"7/9
202"
2025-2-TCC00348-B1,2025-2,TCC00348,B1,quinta,07:00,09:00,202,"7/9
202"
2025-2-TCC00331-A1,2025-2,TCC00331,A1,segunda,18:00,20:00,215,"18/20
215"
2025-2-TCC00331-A1,2025-2,TCC00331,A1,quarta,18:00,20:00,L302,"18/20
L302"
2025-2-TCC00296-A1,2025-2,TCC00296,A1,terca,14:00,16:00,302,"14/16
302"
2025-2-TCC00296-A1,2025-2,TCC00296,A1,quinta,14:00,16:00,302,"14/16
302"
2025-2-TCC00296-B1,2025-2,TCC00296,B1,terca,14:00,16:00,215,"14/16
215"
2025-2-TCC00296-B1,2025-2,TCC00296,B1,quinta,14:00,16:00,215,"14/16
215"
2025-2-TCC00332-A1,2025-2,TCC00332,A1,terca,18:00,20:00,319,"18/20
319"
2025-2-TCC00332-A1,2025-2,TCC00332,A1,quinta,18:00,20:00,319,"18/20
319"
2025-2-TCC00332-B1,2025-2,TCC00332,B1,terca,20:00,22:00,204,"20/22
204"
2025-2-TCC00332-B1,2025-2,TCC00332,B1,quinta,20:00,22:00,204,"20/22
204"
2025-2-TCC00354-A1,2025-2,TCC00354,A1,terca,18:00,20:00,308,"18/20
308"
2025-2-TCC00354-A1,2025-2,TCC00354,A1,quinta,18:00,20:00,308,"18/20
308"
2025-2-TCC00354-B1,2025-2,TCC00354,B1,terca,20:00,22:00,308,"20/22
308"
2025-2-TCC00354-B1,2025-2,TCC00354,B1,quinta,20:00,22:00,308,"20/22
308"
2025-2-TCC00363-A1,2025-2,TCC00363,A1,terca,18:00,20:00,202,"18/20
202"
2025-2-TCC00363-A1,2025-2,TCC00363,A1,quinta,18:00,20:00,202,"18/20
202"
2025-2-TCC00324-A1,2025-2,TCC00324,A1,sexta,18:00,22:00,404B,"18/22
404B"
2025-2-TCC00297-A1,2025-2,TCC00297,A1,terca,11:00,13:00,302,"11/13
302"
2025-2-TCC00297-A1,2025-2,TCC00297,A1,quinta,11:00,13:00,302,"11/13
302"
2025-2-TCC00298-A1,2025-2,TCC00298,A1,segunda,11:00,13:00,206,"11/13
206"
2025-2-TCC00298-A1,2025-2,TCC00298,A1,quarta,11:00,13:00,206,"11/13
206"
2025-2-TCC00337-A1,2025-2,TCC00337,A1,quinta,18:00,22:00,,18/22
2025-2-TCC00361-A1,2025-2,TCC00361,A1,sabado,18:00,22:00,,18/22
2025-2-TCC00300-A-A/B-A,2025-2,TCC00300,A-A/B-A,terca,14:00,18:00,L307,"14/18
L307"
2025-2-TCC00301-A-A/B-A,2025-2,TCC00301,A-A/B-A,terca,11:00,13:00,L305,"11/13
L305"
2025-2-TCC00301-A-A/B-A,2025-2,TCC00301,A-A/B-A,quinta,11:00,13:00,L305,"11/13
L305"
2025-2-TCC00344-A1,2025-2,TCC00344,A1,segunda,09:00,11:00,L305,"09/11
L305"
2025-2-TCC00344-A1,2025-2,TCC00344,A1,quarta,09:00,11:00,L305,"09/11
L305"
2025-2-TCC00346-A-A/C-A,2025-2,TCC00346,A-A/C-A,terca,16:00,18:00,L303,"16/18
L303"
2025-2-TCC00346-A-A/C-A,2025-2,TCC00346,A-A/C-A,quinta,16:00,18:00,L303,"16/18
L303"
2025-2-TCC00346-B-A/D-A,2025-2,TCC00346,B-A/D-A,terca,16:00,18:00,L305,"16/18
L305"
2025-2-TCC00346-B-A/D-A,2025-2,TCC00346,B-A/D-A,quinta,16:00,18:00,L305,"16/18
L305"
2025-2-TCC00355-E-A,2025-2,TCC00355,E-A,segunda,20:00,22:00,L303,"20/22
L303"
2025-2-TCC00355-E-A,2025-2,TCC00355,E-A,quarta,20:00,22:00,L303,"20/22
L303"
2025-2-TCC00355-F-A,2025-2,TCC00355,F-A,segunda,20:00,22:00,L305,"20/22
L305"
2025-2-TCC00355-F-A,2025-2,TCC00355,F-A,quarta,20:00,22:00,L305,"20/22
L305"
2025-2-TCC00304-A1,2025-2,TCC00304,A1,segunda,11:00,13:00,302,"11/13
302"
2025-2-TCC00304-A1,2025-2,TCC00304,A1,quarta,11:00,13:00,302,"11/13
302"
2025-2-TCC00305-A1,2025-2,TCC00305,A1,segunda,09:00,11:00,204,"09/11
204"
2025-2-TCC00305-A1,2025-2,TCC00305,A1,quarta,09:00,11:00,204,"09/11
204"
2025-2-TCC00306-A1,2025-2,TCC00306,A1,terca,09:00,11:00,404B,"09/11
404B"
2025-2-TCC00306-A1,2025-2,TCC00306,A1,quinta,09:00,11:00,404B,"09/11
404B"
2025-2-TCC00330-A1,2025-2,TCC00330,A1,segunda,18:00,22:00,204,"18/22
204"
2025-2-TCC00318-A1,2025-2,TCC00318,A1,sexta,09:00,13:00,,09/13
2025-2-TCC00334-A1,2025-2,TCC00334,A1,quarta,18:00,20:00,302,"18/20
302"
2025-2-TCC00334-A1,2025-2,TCC00334,A1,sexta,18:00,20:00,302,"18/20
302"
2025-2-TCC00307-A1,2025-2,TCC00307,A1,terca,07:00,09:00,217,"07/09
217"
2025-2-TCC00307-A1,2025-2,TCC00307,A1,quinta,07:00,09:00,217,"07/09
217"
2025-2-TCC00366-A1,2025-2,TCC00366,A1,segunda,18:00,20:00,308,"18/20
308"
2025-2-TCC00366-A1,2025-2,TCC00366,A1,quarta,18:00,20:00,308,"18/20
308"
2025-2-TCC00366-B1,2025-2,TCC00366,B1,segunda,18:00,20:00,302,"18/20
302"
2025-2-TCC00366-B1,2025-2,TCC00366,B1,quarta,18:00,20:00,302,"18/20
302"
2025-2-TCC00308-A1,2025-2,TCC00308,A1,segunda,16:00,18:00,313,"16/18
313"
2025-2-TCC00308-A1,2025-2,TCC00308,A1,quarta,16:00,18:00,313,"16/18
313"
2025-2-TCC00308-B1,2025-2,TCC00308,B1,segunda,16:00,18:00,308,"16/18
308"
2025-2-TCC00308-B1,2025-2,TCC00308,B1,quarta,16:00,18:00,308,"16/18
308"
2025-2-TCC00356-A1,2025-2,TCC00356,A1,segunda,18:00,20:00,L302,"18/20
L302"
2025-2-TCC00356-A1,2025-2,TCC00356,A1,quarta,18:00,20:00,202,"18/20
202"
2025-2-TCC00356-B1,2025-2,TCC00356,B1,segunda,20:00,22:00,L302,"20/22
L302"
2025-2-TCC00356-B1,2025-2,TCC00356,B1,quarta,20:00,22:00,202,"20/22
202"
2025-2-TCC00347-A1,2025-2,TCC00347,A1,terca,09:00,11:00,L304,"09/11
L304"
2025-2-TCC00347-A1,2025-2,TCC00347,A1,quinta,09:00,11:00,202,"09/11
202"
2025-2-TCC00347-B1,2025-2,TCC00347,B1,terca,09:00,11:00,L304,"09/11
L304"
2025-2-TCC00347-B1,2025-2,TCC00347,B1,quinta,09:00,11:00,202,"09/11
202"
2025-2-TCC00347-X1,2025-2,TCC00347,X1,terca,16:00,18:00,L304,"16/18
L304"
2025-2-TCC00347-X1,2025-2,TCC00347,X1,quinta,16:00,18:00,202,"16/18
202"
2025-2-TCC00328-A1,2025-2,TCC00328,A1,segunda,11:00,13:00,L307,"11/13
L307"
2025-2-TCC00328-A1,2025-2,TCC00328,A1,quarta,11:00,13:00,202,"11/13
202"
2025-2-TCC00328-B1,2025-2,TCC00328,B1,segunda,16:00,18:00,202,"16/18
202"
2025-2-TCC00328-B1,2025-2,TCC00328,B1,quarta,16:00,18:00,202,"16/18
202"
2025-2-TCC00328-X1,2025-2,TCC00328,X1,segunda,11:00,13:00,202,"11/13
202"
2025-2-TCC00328-X1,2025-2,TCC00328,X1,quarta,11:00,13:00,202,"11/13
202"
2025-2-TCC00357-A1,2025-2,TCC00357,A1,segunda,18:00,22:00,213,"18/22
213"
2025-2-TCC00335-A1,2025-2,TCC00335,A1,segunda,20:00,22:00,,20/22
2025-2-TCC00335-A1,2025-2,TCC00335,A1,quarta,20:00,22:00,,20/22
2025-2-TCC00312-A1,2025-2,TCC00312,A1,segunda,07:00,09:00,215,"07/09
215"
2025-2-TCC00312-A1,2025-2,TCC00312,A1,quarta,07:00,09:00,215,"07/09
215"
2025-2-TCC00338-A1,2025-2,TCC00338,A1,terca,20:00,22:00,215,"20/22
215"
2025-2-TCC00338-A1,2025-2,TCC00338,A1,quinta,20:00,22:00,215,"20/22
215"
2025-2-TCC00311-B1,2025-2,TCC00311,B1,sabado,14:00,18:00,,14/18
2025-2-TCC00365-A1,2025-2,TCC00365,A1,segunda,18:00,20:00,L306,"18/20
L306"
2025-2-TCC00365-A1,2025-2,TCC00365,A1,quarta,18:00,20:00,202,"18/20
202"
2025-2-TCC00359-A1,2025-2,TCC00359,A1,quarta,20:00,22:00,202,"20/22
202"
2025-2-TCC00359-A1,2025-2,TCC00359,A1,sexta,20:00,22:00,202,"20/22
202"
2025-2-TCC00313-A1,2025-2,TCC00313,A1,terca,09:00,11:00,319,"09/11
319"
2025-2-TCC00313-A1,2025-2,TCC00313,A1,quinta,09:00,11:00,319,"09/11
319"
2025-2-TCC00314-A1,2025-2,TCC00314,A1,terca,11:00,13:00,L307,"11/13
L307"
2025-2-TCC00314-A1,2025-2,TCC00314,A1,quinta,11:00,13:00,L307,"11/13
L307"
2025-2-TCC00341-A1,2025-2,TCC00341,A1,quarta,18:00,22:00,213,"18/22
213"
2025-2-TCC00358-A1,2025-2,TCC00358,A1,quinta,18:00,22:00,321,"18/22
321"
2025-2-TCC00358-B1,2025-2,TCC00358,B1,quinta,18:00,22:00,306,"18/22
306"
2025-2-TCC00315-A1,2025-2,TCC00315,A1,terca,09:00,11:00,202,"09/11
202"
2025-2-TCC00315-A1,2025-2,TCC00315,A1,quinta,09:00,11:00,202,"09/11
202"
2025-2-TCC00362-A1,2025-2,TCC00362,A1,terca,18:00,22:00,,18/22
2025-2-TCC00316-A1,2025-2,TCC00316,A1,terca,11:00,13:00,215,"11/13
215"
2025-2-TCC00316-A1,2025-2,TCC00316,A1,quinta,11:00,13:00,215,"11/13
215"
2025-2-TCC00360-A1,2025-2,TCC00360,A1,segunda,18:00,20:00,319,"18/20
319"
2025-2-TCC00360-A1,2025-2,TCC00360,A1,quarta,18:00,20:00,319,"18/20
319"
2025-2-TCC00241-A1,2025-2,TCC00241,A1,terca,18:00,20:00,,18/20
2025-2-TCC00241-A1,2025-2,TCC00241,A1,quinta,18:00,20:00,,18/20
2025-2-TCC00230-A1,2025-2,TCC00230,A1,sexta,18:00,22:00,L303,"18/22
L303"
2025-2-TIC10005-,2025-2,TIC10005,,terca,09:00,11:00,,"09/11
sala"
2025-2-TIC10005-,2025-2,TIC10005,,quinta,09:00,11:00,,"09/11
sala"
2025-2-TCC00319-A1,2025-2,TCC00319,A1,sexta,14:00,18:00,404B,"14/18
404B"
2025-2-TCC00319-B1,2025-2,TCC00319,B1,terca,16:00,18:00,202,"16/18
202"
2025-2-TCC00319-B1,2025-2,TCC00319,B1,quinta,16:00,18:00,202,"16/18
202"
2025-2-TCC00320-A1,2025-2,TCC00320,A1,terca,14:00,16:00,321,"14/16
321"
2025-2-TCC00320-A1,2025-2,TCC00320,A1,quinta,14:00,16:00,321,"14/16
321"
2025-2-TCC00320-B1,2025-2,TCC00320,B1,terca,14:00,16:00,213,"14/16
213"
2025-2-TCC00320-B1,2025-2,TCC00320,B1,quinta,14:00,16:00,213,"14/16
213"
2025-2-TCC00328-C1,2025-2,TCC00328,C1,segunda,11:00,13:00,L302,"11/13
L302"
2025-2-TCC00328-C1,2025-2,TCC00328,C1,quarta,11:00,13:00,L302,"11/13
L302"
2025-2-TCC00325-A1,2025-2,TCC00325,A1,segunda,09:00,11:00,306,"09/11
306"
2025-2-TCC00325-A1,2025-2,TCC00325,A1,quarta,09:00,11:00,306,"09/11
306"
2025-2-TCC00325-B1,2025-2,TCC00325,B1,segunda,11:00,13:00,304,"11/13
304"
2025-2-TCC00325-B1,2025-2,TCC00325,B1,quarta,11:00,13:00,304,"11/13
304"
2025-2-TCC00325-C1,2025-2,TCC00325,C1,segunda,16:00,18:00,304,"16/18
304"
2025-2-TCC00325-C1,2025-2,TCC00325,C1,quarta,16:00,18:00,304,"16/18
304"
2025-2-TCC00325-D1,2025-2,TCC00325,D1,segunda,18:00,20:00,304,"18/20
304"
2025-2-TCC00325-D1,2025-2,TCC00325,D1,quarta,18:00,20:00,304,"18/20
304"
2025-2-TCC00325-E1,2025-2,TCC00325,E1,terca,11:00,13:00,313,"11/13
313"
2025-2-TCC00325-E1,2025-2,TCC00325,E1,quinta,11:00,13:00,313,"11/13
313"
2025-2-TCC00325-F1,2025-2,TCC00325,F1,terca,14:00,16:00,313,"14/16
313"
2025-2-TCC00325-F1,2025-2,TCC00325,F1,quinta,14:00,16:00,313,"14/16
313"
2025-2-TCC00325-G1,2025-2,TCC00325,G1,terca,16:00,18:00,304,"16/18
304"
2025-2-TCC00325-G1,2025-2,TCC00325,G1,quinta,16:00,18:00,304,"16/18
304"
2025-2-TCC00326-E1,2025-2,TCC00326,E1,segunda,16:00,18:00,L304,"16/18
L304"
2025-2-TCC00326-E1,2025-2,TCC00326,E1,quarta,16:00,18:00,302,"16/18
302"
2025-2-TCC00326-E2,2025-2,TCC00326,E2,segunda,16:00,18:00,213,"16/18
213"
2025-2-TCC00326-E2,2025-2,TCC00326,E2,quarta,16:00,18:00,L302,"16/18
L302"
2025-2-TCC00326-X1,2025-2,TCC00326,X1,segunda,16:00,18:00,213,"16/18
213"
2025-2-TCC00326-X1,2025-2,TCC00326,X1,quarta,16:00,18:00,L302,"16/18
L302"
2025-2-TCC00326-F1,2025-2,TCC00326,F1,segunda,18:00,20:00,213,"18/20
213"
2025-2-TCC00326-F1,2025-2,TCC00326,F1,quarta,18:00,20:00,L302,"18/20
L302"
2025-2-TCC00326-I1,2025-2,TCC00326,I1,terca,09:00,11:00,L302,"09/11
L302"
2025-2-TCC00326-I1,2025-2,TCC00326,I1,quinta,09:00,11:00,321,"09/11
321"
2025-2-TCC00326-I2,2025-2,TCC00326,I2,terca,09:00,11:00,321,"09/11
321"
2025-2-TCC00326-I2,2025-2,TCC00326,I2,quinta,09:00,11:00,L306,"09/11
L306"
2025-2-TCC00326-X2,2025-2,TCC00326,X2,terca,09:00,11:00,321,"09/11
321"
2025-2-TCC00326-X2,2025-2,TCC00326,X2,quinta,09:00,11:00,L306,"09/11
L306"
2025-2-TCC00326-J1,2025-2,TCC00326,J1,terca,11:00,13:00,L302,"11/13
L302"
2025-2-TCC00326-J1,2025-2,TCC00326,J1,quinta,11:00,13:00,321,"11/13
321"
2025-2-TCC00326-J2,2025-2,TCC00326,J2,terca,11:00,13:00,321,"11/13
321"
2025-2-TCC00326-J2,2025-2,TCC00326,J2,quinta,11:00,13:00,L302,"11/13
L302"
2025-2-TCC00326-J3,2025-2,TCC00326,J3,terca,11:00,13:00,308,"11/13
308"
2025-2-TCC00326-J3,2025-2,TCC00326,J3,quinta,11:00,13:00,L306,"11/13
L306"
2025-2-TCC00326-J4,2025-2,TCC00326,J4,terca,11:00,13:00,L303,"11/13
L303"
2025-2-TCC00326-J4,2025-2,TCC00326,J4,quinta,11:00,13:00,206,"11/13
206"
2025-2-TCC00326-K1,2025-2,TCC00326,K1,terca,14:00,16:00,204,"14/16
204"
2025-2-TCC00326-K1,2025-2,TCC00326,K1,quinta,14:00,16:00,L306,"14/16
L306"
2025-2-TCC00326-K2,2025-2,TCC00326,K2,terca,14:00,16:00,L302,"14/16
L302"
2025-2-TCC00326-K2,2025-2,TCC00326,K2,quinta,14:00,16:00,204,"14/16
204"
2025-2-TCC00326-K3,2025-2,TCC00326,K3,terca,14:00,16:00,202,"14/16
202"
2025-2-TCC00326-K3,2025-2,TCC00326,K3,quinta,14:00,16:00,L302,"14/16
L302"
2025-2-TCC00326-K4,2025-2,TCC00326,K4,terca,14:00,16:00,L305,"14/16
L305"
2025-2-TCC00326-K4,2025-2,TCC00326,K4,quinta,14:00,16:00,206,"14/16
206"
2025-2-TCC00326-L1,2025-2,TCC00326,L1,terca,16:00,18:00,L302,"16/18
L302"
2025-2-TCC00326-L1,2025-2,TCC00326,L1,quinta,16:00,18:00,204,"16/18
204"
2025-2-TCC00326-L2,2025-2,TCC00326,L2,terca,16:00,18:00,L302,"16/18
L302"
2025-2-TCC00326-L2,2025-2,TCC00326,L2,quinta,16:00,18:00,204,"16/18
204"
2025-2-GCI00126-,2025-2,GCI00126,,sexta,18:00,22:00,,18/22
2025-2-GCI00116-,2025-2,GCI00116,,quinta,18:00,22:00,,18/22
