turma_id,semestre,codigo,dia,inicio,fim,sala_observada,laboratorio_observado,recursos_observados,observacao_fonte,requer_laboratorio,recursos_requeridos,requisito_fonte
2026-1-TCC00284-A1,2026-1,TCC00284,terca,07:00,09:00,206,False,,tipo_da_sala_inferido_exclusivamente_do_prefixo_observado,,,não disponível nos PDFs
2026-1-TCC00284-A1,2026-1,TCC00284,quinta,07:00,09:00,206,False,,tipo_da_sala_inferido_exclusivamente_do_prefixo_observado,,,não disponível nos PDFs
2026-1-TCC00285-A1,2026-1,TCC00285,terca,11:00,13:00,213,False,,tipo_da_sala_inferido_exclusivamente_do_prefixo_observado,,,não disponível nos PDFs
2026-1-TCC00285-A1,2026-1,TCC00285,quinta,11:00,13:00,213,False,,tipo_da_sala_inferido_exclusivamente_do_prefixo_observado,,,não disponível nos PDFs
2026-1-TCC00285-B1,2026-1,TCC00285,terca,11:00,13:00,217,False,,tipo_da_sala_inferido_exclusivamente_do_prefixo_observado,,,não disponível nos PDFs
2026-1-TCC00285-B1,2026-1,TCC00285,quinta,11:00,13:00,217,False,,tipo_da_sala_inferido_exclusivamente_do_prefixo_observado,,,não disponível nos PDFs
2026-1-TCC00286-A1,2026-1,TCC00286,terca,09:00,11:00,206,False,,tipo_da_sala_inferido_exclusivamente_do_prefixo_observado,,,não disponível nos PDFs
2026-1-TCC00286-A1,2026-1,TCC00286,quinta,09:00,11:00,206,False,,tipo_da_sala_inferido_exclusivamente_do_prefixo_observado,,,não disponível nos PDFs
2026-1-TCC00349-A1,2026-1,TCC00349,terca,09:00,11:00,213,False,,tipo_da_sala_inferido_exclusivamente_do_prefixo_observado,,,não disponível nos PDFs
2026-1-TCC00349-A1,2026-1,TCC00349,quinta,09:00,11:00,213,False,,tipo_da_sala_inferido_exclusivamente_do_prefixo_observado,,,não disponível nos PDFs
2026-1-TCC00287-A1,2026-1,TCC00287,terca,07:00,09:00,217,False,,tipo_da_sala_inferido_exclusivamente_do_prefixo_observado,,,não disponível nos PDFs
2026-1-TCC00287-A1,2026-1,TCC00287,quinta,07:00,09:00,217,False,,tipo_da_sala_inferido_exclusivamente_do_prefixo_observado,,,não disponível nos PDFs
2026-1-TCC00288-A1,2026-1,TCC00288,segunda,07:00,09:00,404B,False,,tipo_da_sala_inferido_exclusivamente_do_prefixo_observado,,,não disponível nos PDFs
2026-1-TCC00288-A1,2026-1,TCC00288,quarta,07:00,09:00,404B,False,,tipo_da_sala_inferido_exclusivamente_do_prefixo_observado,,,não disponível nos PDFs
2026-1-TCC00336-A1,2026-1,TCC00336,segunda,20:00,22:00,L302,True,laboratorio,tipo_da_sala_inferido_exclusivamente_do_prefixo_observado,,,não disponível nos PDFs
2026-1-TCC00336-A1,2026-1,TCC00336,quarta,20:00,22:00,L302,True,laboratorio,tipo_da_sala_inferido_exclusivamente_do_prefixo_observado,,,não disponível nos PDFs
2026-1-TCC00336-Z1,2026-1,TCC00336,terca,18:00,20:00,204,False,,tipo_da_sala_inferido_exclusivamente_do_prefixo_observado,,,não disponível nos PDFs
2026-1-TCC00336-Z1,2026-1,TCC00336,quinta,18:00,20:00,204,False,,tipo_da_sala_inferido_exclusivamente_do_prefixo_observado,,,não disponível nos PDFs
2026-1-TCC00289-A1,2026-1,TCC00289,segunda,09:00,11:00,206,False,,tipo_da_sala_inferido_exclusivamente_do_prefixo_observado,,,não disponível nos PDFs
2026-1-TCC00289-A1,2026-1,TCC00289,quarta,09:00,11:00,206,False,,tipo_da_sala_inferido_exclusivamente_do_prefixo_observado,,,não disponível nos PDFs
2026-1-TCC00290-A1,2026-1,TCC00290,quinta,11:00,13:00,215,False,,tipo_da_sala_inferido_exclusivamente_do_prefixo_observado,,,não disponível nos PDFs
2026-1-TCC00222-A1,2026-1,TCC00222,quinta,18:00,22:00,213,False,,tipo_da_sala_inferido_exclusivamente_do_prefixo_observado,,,não disponível nos PDFs
2026-1-TCC00291-A1,2026-1,TCC00291,segunda,11:00,13:00,202,False,,tipo_da_sala_inferido_exclusivamente_do_prefixo_observado,,,não disponível nos PDFs
2026-1-TCC00291-A1,2026-1,TCC00291,quarta,11:00,13:00,202,False,,tipo_da_sala_inferido_exclusivamente_do_prefixo_observado,,,não disponível nos PDFs
2026-1-TCC00226-A1,2026-1,TCC00226,segunda,09:00,11:00,L302,True,laboratorio,tipo_da_sala_inferido_exclusivamente_do_prefixo_observado,,,não disponível nos PDFs
2026-1-TCC00226-A1,2026-1,TCC00226,quarta,09:00,11:00,L302,True,laboratorio,tipo_da_sala_inferido_exclusivamente_do_prefixo_observado,,,não disponível nos PDFs
2026-1-TCC00225-A1,2026-1,TCC00225,terca,18:00,20:00,302,False,,tipo_da_sala_inferido_exclusivamente_do_prefixo_observado,,,não disponível nos PDFs
2026-1-TCC00225-A1,2026-1,TCC00225,quinta,18:00,20:00,302,False,,tipo_da_sala_inferido_exclusivamente_do_prefixo_observado,,,não disponível nos PDFs
2026-1-TCC00292-A1,2026-1,TCC00292,segunda,09:00,11:00,215,False,,tipo_da_sala_inferido_exclusivamente_do_prefixo_observado,,,não disponível nos PDFs
2026-1-TCC00292-A1,2026-1,TCC00292,quarta,09:00,11:00,215,False,,tipo_da_sala_inferido_exclusivamente_do_prefixo_observado,,,não disponível nos PDFs
2026-1-TCC00293-A1,2026-1,TCC00293,segunda,09:00,11:00,213,False,,tipo_da_sala_inferido_exclusivamente_do_prefixo_observado,,,não disponível nos PDFs
2026-1-TCC00293-A1,2026-1,TCC00293,quarta,09:00,11:00,213,False,,tipo_da_sala_inferido_exclusivamente_do_prefixo_observado,,,não disponível nos PDFs
2026-1-TCC00348-A1,2026-1,TCC00348,terca,11:00,13:00,313,False,,tipo_da_sala_inferido_exclusivamente_do_prefixo_observado,,,não disponível nos PDFs
2026-1-TCC00348-A1,2026-1,TCC00348,quinta,11:00,13:00,313,False,,tipo_da_sala_inferido_exclusivamente_do_prefixo_observado,,,não disponível nos PDFs
2026-1-TCC00348-B1,2026-1,TCC00348,terca,11:00,13:00,202,False,,tipo_da_sala_inferido_exclusivamente_do_prefixo_observado,,,não disponível nos PDFs
2026-1-TCC00348-B1,2026-1,TCC00348,quinta,11:00,13:00,202,False,,tipo_da_sala_inferido_exclusivamente_do_prefixo_observado,,,não disponível nos PDFs
2026-1-TCC00331-A1,2026-1,TCC00331,segunda,18:00,20:00,202,False,,tipo_da_sala_inferido_exclusivamente_do_prefixo_observado,,,não disponível nos PDFs
2026-1-TCC00331-A1,2026-1,TCC00331,quarta,18:00,20:00,202,False,,tipo_da_sala_inferido_exclusivamente_do_prefixo_observado,,,não disponível nos PDFs
2026-1-TCC00331-B1,2026-1,TCC00331,segunda,18:00,20:00,204,False,,tipo_da_sala_inferido_exclusivamente_do_prefixo_observado,,,não disponível nos PDFs
2026-1-TCC00331-B1,2026-1,TCC00331,quarta,18:00,20:00,204,False,,tipo_da_sala_inferido_exclusivamente_do_prefixo_observado,,,não disponível nos PDFs
2026-1-TCC00371-A1,2026-1,TCC00371,terca,09:00,11:00,308,False,,tipo_da_sala_inferido_exclusivamente_do_prefixo_observado,,,não disponível nos PDFs
2026-1-TCC00371-A1,2026-1,TCC00371,quinta,09:00,11:00,308,False,,tipo_da_sala_inferido_exclusivamente_do_prefixo_observado,,,não disponível nos PDFs
2026-1-TCC00296-A1,2026-1,TCC00296,terca,14:00,16:00,213,False,,tipo_da_sala_inferido_exclusivamente_do_prefixo_observado,,,não disponível nos PDFs
2026-1-TCC00296-A1,2026-1,TCC00296,quinta,14:00,16:00,213,False,,tipo_da_sala_inferido_exclusivamente_do_prefixo_observado,,,não disponível nos PDFs
2026-1-TCC00296-B1,2026-1,TCC00296,terca,07:00,09:00,202,False,,tipo_da_sala_inferido_exclusivamente_do_prefixo_observado,,,não disponível nos PDFs
2026-1-TCC00296-B1,2026-1,TCC00296,quinta,07:00,09:00,202,False,,tipo_da_sala_inferido_exclusivamente_do_prefixo_observado,,,não disponível nos PDFs
2026-1-TCC00332-A1,2026-1,TCC00332,terca,18:00,20:00,317,False,,tipo_da_sala_inferido_exclusivamente_do_prefixo_observado,,,não disponível nos PDFs
2026-1-TCC00332-A1,2026-1,TCC00332,quinta,18:00,20:00,317,False,,tipo_da_sala_inferido_exclusivamente_do_prefixo_observado,,,não disponível nos PDFs
2026-1-TCC00332-B1,2026-1,TCC00332,terca,20:00,22:00,317,False,,tipo_da_sala_inferido_exclusivamente_do_prefixo_observado,,,não disponível nos PDFs
2026-1-TCC00332-B1,2026-1,TCC00332,quinta,20:00,22:00,317,False,,tipo_da_sala_inferido_exclusivamente_do_prefixo_observado,,,não disponível nos PDFs
2026-1-TCC00354-A1,2026-1,TCC00354,terca,18:00,20:00,313,False,,tipo_da_sala_inferido_exclusivamente_do_prefixo_observado,,,não disponível nos PDFs
2026-1-TCC00354-A1,2026-1,TCC00354,quinta,18:00,20:00,313,False,,tipo_da_sala_inferido_exclusivamente_do_prefixo_observado,,,não disponível nos PDFs
2026-1-TCC00354-B1,2026-1,TCC00354,terca,20:00,22:00,308,False,,tipo_da_sala_inferido_exclusivamente_do_prefixo_observado,,,não disponível nos PDFs
2026-1-TCC00354-B1,2026-1,TCC00354,quinta,20:00,22:00,308,False,,tipo_da_sala_inferido_exclusivamente_do_prefixo_observado,,,não disponível nos PDFs
2026-1-TCC00363-A1,2026-1,TCC00363,terca,20:00,22:00,202,False,,tipo_da_sala_inferido_exclusivamente_do_prefixo_observado,,,não disponível nos PDFs
2026-1-TCC00363-A1,2026-1,TCC00363,quinta,20:00,22:00,202,False,,tipo_da_sala_inferido_exclusivamente_do_prefixo_observado,,,não disponível nos PDFs
2026-1-TCC00324-A1,2026-1,TCC00324,segunda,20:00,22:00,217,False,,tipo_da_sala_inferido_exclusivamente_do_prefixo_observado,,,não disponível nos PDFs
2026-1-TCC00324-A1,2026-1,TCC00324,quarta,20:00,22:00,217,False,,tipo_da_sala_inferido_exclusivamente_do_prefixo_observado,,,não disponível nos PDFs
2026-1-TCC00297-A1,2026-1,TCC00297,terca,07:00,09:00,213,False,,tipo_da_sala_inferido_exclusivamente_do_prefixo_observado,,,não disponível nos PDFs
2026-1-TCC00297-A1,2026-1,TCC00297,quinta,07:00,09:00,213,False,,tipo_da_sala_inferido_exclusivamente_do_prefixo_observado,,,não disponível nos PDFs
2026-1-TCC00298-A1,2026-1,TCC00298,segunda,11:00,13:00,217,False,,tipo_da_sala_inferido_exclusivamente_do_prefixo_observado,,,não disponível nos PDFs
2026-1-TCC00298-A1,2026-1,TCC00298,quarta,11:00,13:00,217,False,,tipo_da_sala_inferido_exclusivamente_do_prefixo_observado,,,não disponível nos PDFs
2026-1-TCC00337-A1,2026-1,TCC00337,segunda,18:00,20:00,217,False,,tipo_da_sala_inferido_exclusivamente_do_prefixo_observado,,,não disponível nos PDFs
2026-1-TCC00337-A1,2026-1,TCC00337,quarta,18:00,20:00,217,False,,tipo_da_sala_inferido_exclusivamente_do_prefixo_observado,,,não disponível nos PDFs
2026-1-TCC00361-A1,2026-1,TCC00361,terca,20:00,22:00,302,False,,tipo_da_sala_inferido_exclusivamente_do_prefixo_observado,,,não disponível nos PDFs
2026-1-TCC00361-A1,2026-1,TCC00361,quinta,20:00,22:00,302,False,,tipo_da_sala_inferido_exclusivamente_do_prefixo_observado,,,não disponível nos PDFs
2026-1-TCC00301-AA,2026-1,TCC00301,terca,11:00,13:00,L305,True,laboratorio,tipo_da_sala_inferido_exclusivamente_do_prefixo_observado,,,não disponível nos PDFs
2026-1-TCC00301-BA,2026-1,TCC00301,quinta,11:00,13:00,L305,True,laboratorio,tipo_da_sala_inferido_exclusivamente_do_prefixo_observado,,,não disponível nos PDFs
2026-1-TCC00344-AA,2026-1,TCC00344,segunda,07:00,09:00,L306,True,laboratorio,tipo_da_sala_inferido_exclusivamente_do_prefixo_observado,,,não disponível nos PDFs
2026-1-TCC00344-AA,2026-1,TCC00344,quarta,07:00,09:00,L306,True,laboratorio,tipo_da_sala_inferido_exclusivamente_do_prefixo_observado,,,não disponível nos PDFs
2026-1-TCC00346-AA,2026-1,TCC00346,terca,16:00,18:00,L305,True,laboratorio,tipo_da_sala_inferido_exclusivamente_do_prefixo_observado,,,não disponível nos PDFs
2026-1-TCC00346-BA,2026-1,TCC00346,quinta,16:00,18:00,L305,True,laboratorio,tipo_da_sala_inferido_exclusivamente_do_prefixo_observado,,,não disponível nos PDFs
2026-1-TCC00355-EA,2026-1,TCC00355,segunda,20:00,22:00,L306,True,laboratorio,tipo_da_sala_inferido_exclusivamente_do_prefixo_observado,,,não disponível nos PDFs
2026-1-TCC00355-EA,2026-1,TCC00355,quarta,20:00,22:00,L306,True,laboratorio,tipo_da_sala_inferido_exclusivamente_do_prefixo_observado,,,não disponível nos PDFs
2026-1-TCC00355-FA,2026-1,TCC00355,segunda,20:00,22:00,L307,True,laboratorio,tipo_da_sala_inferido_exclusivamente_do_prefixo_observado,,,não disponível nos PDFs
2026-1-TCC00355-FA,2026-1,TCC00355,quarta,20:00,22:00,L307,True,laboratorio,tipo_da_sala_inferido_exclusivamente_do_prefixo_observado,,,não disponível nos PDFs
2026-1-TCC00304-A1,2026-1,TCC00304,segunda,11:00,13:00,206,False,,tipo_da_sala_inferido_exclusivamente_do_prefixo_observado,,,não disponível nos PDFs
2026-1-TCC00304-A1,2026-1,TCC00304,quarta,11:00,13:00,206,False,,tipo_da_sala_inferido_exclusivamente_do_prefixo_observado,,,não disponível nos PDFs
2026-1-TCC00305-A1,2026-1,TCC00305,segunda,07:00,09:00,206,False,,tipo_da_sala_inferido_exclusivamente_do_prefixo_observado,,,não disponível nos PDFs
2026-1-TCC00305-A1,2026-1,TCC00305,quarta,07:00,09:00,206,False,,tipo_da_sala_inferido_exclusivamente_do_prefixo_observado,,,não disponível nos PDFs
2026-1-TCC00306-A1,2026-1,TCC00306,terca,09:00,11:00,302,False,,tipo_da_sala_inferido_exclusivamente_do_prefixo_observado,,,não disponível nos PDFs
2026-1-TCC00306-A1,2026-1,TCC00306,quinta,09:00,11:00,302,False,,tipo_da_sala_inferido_exclusivamente_do_prefixo_observado,,,não disponível nos PDFs
2026-1-TCC00330-A1,2026-1,TCC00330,segunda,18:00,20:00,215,False,,tipo_da_sala_inferido_exclusivamente_do_prefixo_observado,,,não disponível nos PDFs
2026-1-TCC00330-A1,2026-1,TCC00330,quarta,18:00,20:00,215,False,,tipo_da_sala_inferido_exclusivamente_do_prefixo_observado,,,não disponível nos PDFs
2026-1-TCC00318-A1,2026-1,TCC00318,terca,09:00,11:00,217,False,,tipo_da_sala_inferido_exclusivamente_do_prefixo_observado,,,não disponível nos PDFs
2026-1-TCC00318-A1,2026-1,TCC00318,quinta,09:00,11:00,217,False,,tipo_da_sala_inferido_exclusivamente_do_prefixo_observado,,,não disponível nos PDFs
2026-1-TCC00368-A1,2026-1,TCC00368,sexta,18:00,22:00,217,False,,tipo_da_sala_inferido_exclusivamente_do_prefixo_observado,,,não disponível nos PDFs
2026-1-TCC00334-A1,2026-1,TCC00334,segunda,18:00,20:00,321,False,,tipo_da_sala_inferido_exclusivamente_do_prefixo_observado,,,não disponível nos PDFs
2026-1-TCC00334-A1,2026-1,TCC00334,quarta,18:00,20:00,321,False,,tipo_da_sala_inferido_exclusivamente_do_prefixo_observado,,,não disponível nos PDFs
2026-1-TCC00307-B1A1,2026-1,TCC00307,terca,11:00,13:00,404B,False,,tipo_da_sala_inferido_exclusivamente_do_prefixo_observado,,,não disponível nos PDFs
2026-1-TCC00307-B1A1,2026-1,TCC00307,quinta,11:00,13:00,404B,False,,tipo_da_sala_inferido_exclusivamente_do_prefixo_observado,,,não disponível nos PDFs
2026-1-TCC00366-A1,2026-1,TCC00366,segunda,18:00,20:00,404B,False,,tipo_da_sala_inferido_exclusivamente_do_prefixo_observado,,,não disponível nos PDFs
2026-1-TCC00366-A1,2026-1,TCC00366,quarta,18:00,20:00,L302,True,laboratorio,tipo_da_sala_inferido_exclusivamente_do_prefixo_observado,,,não disponível nos PDFs
2026-1-TCC00366-B1,2026-1,TCC00366,segunda,18:00,20:00,308,False,,tipo_da_sala_inferido_exclusivamente_do_prefixo_observado,,,não disponível nos PDFs
2026-1-TCC00366-B1,2026-1,TCC00366,quarta,18:00,20:00,308,False,,tipo_da_sala_inferido_exclusivamente_do_prefixo_observado,,,não disponível nos PDFs
2026-1-TCC00308-A1,2026-1,TCC00308,segunda,16:00,18:00,308,False,,tipo_da_sala_inferido_exclusivamente_do_prefixo_observado,,,não disponível nos PDFs
2026-1-TCC00308-A1,2026-1,TCC00308,quarta,16:00,18:00,L306,True,laboratorio,tipo_da_sala_inferido_exclusivamente_do_prefixo_observado,,,não disponível nos PDFs
2026-1-TCC00308-B1,2026-1,TCC00308,segunda,16:00,18:00,202,False,,tipo_da_sala_inferido_exclusivamente_do_prefixo_observado,,,não disponível nos PDFs
2026-1-TCC00308-B1,2026-1,TCC00308,quarta,16:00,18:00,L307,True,laboratorio,tipo_da_sala_inferido_exclusivamente_do_prefixo_observado,,,não disponível nos PDFs
2026-1-TCC00356-A1,2026-1,TCC00356,segunda,18:00,20:00,L303,True,laboratorio,tipo_da_sala_inferido_exclusivamente_do_prefixo_observado,,,não disponível nos PDFs
2026-1-TCC00356-A1,2026-1,TCC00356,quarta,18:00,20:00,317,False,,tipo_da_sala_inferido_exclusivamente_do_prefixo_observado,,,não disponível nos PDFs
2026-1-TCC00356-B1,2026-1,TCC00356,segunda,20:00,22:00,L303,True,laboratorio,tipo_da_sala_inferido_exclusivamente_do_prefixo_observado,,,não disponível nos PDFs
2026-1-TCC00356-B1,2026-1,TCC00356,quarta,20:00,22:00,317,False,,tipo_da_sala_inferido_exclusivamente_do_prefixo_observado,,,não disponível nos PDFs
2026-1-TCC00347-X1,2026-1,TCC00347,terca,09:00,11:00,204,False,,tipo_da_sala_inferido_exclusivamente_do_prefixo_observado,,,não disponível nos PDFs
2026-1-TCC00347-X1,2026-1,TCC00347,quinta,09:00,11:00,204,False,,tipo_da_sala_inferido_exclusivamente_do_prefixo_observado,,,não disponível nos PDFs
2026-1-TCC00347-A1,2026-1,TCC00347,terca,09:00,11:00,L306,True,laboratorio,tipo_da_sala_inferido_exclusivamente_do_prefixo_observado,,,não disponível nos PDFs
2026-1-TCC00347-A1,2026-1,TCC00347,quinta,09:00,11:00,202,False,,tipo_da_sala_inferido_exclusivamente_do_prefixo_observado,,,não disponível nos PDFs
2026-1-TCC00347-B1,2026-1,TCC00347,terca,09:00,11:00,202,False,,tipo_da_sala_inferido_exclusivamente_do_prefixo_observado,,,não disponível nos PDFs
2026-1-TCC00347-B1,2026-1,TCC00347,quinta,09:00,11:00,L306,True,laboratorio,tipo_da_sala_inferido_exclusivamente_do_prefixo_observado,,,não disponível nos PDFs
2026-1-TCC00328-A1,2026-1,TCC00328,segunda,11:00,13:00,302,False,,tipo_da_sala_inferido_exclusivamente_do_prefixo_observado,,,não disponível nos PDFs
2026-1-TCC00328-A1,2026-1,TCC00328,quarta,11:00,13:00,L304,True,laboratorio,tipo_da_sala_inferido_exclusivamente_do_prefixo_observado,,,não disponível nos PDFs
2026-1-TCC00328-B1,2026-1,TCC00328,segunda,16:00,18:00,302,False,,tipo_da_sala_inferido_exclusivamente_do_prefixo_observado,,,não disponível nos PDFs
2026-1-TCC00328-B1,2026-1,TCC00328,quarta,16:00,18:00,L304,True,laboratorio,tipo_da_sala_inferido_exclusivamente_do_prefixo_observado,,,não disponível nos PDFs
2026-1-TCC00357-A1,2026-1,TCC00357,sexta,18:00,22:00,206,False,,tipo_da_sala_inferido_exclusivamente_do_prefixo_observado,,,não disponível nos PDFs
2026-1-TCC00335-A1,2026-1,TCC00335,terca,20:00,22:00,204,False,,tipo_da_sala_inferido_exclusivamente_do_prefixo_observado,,,não disponível nos PDFs
2026-1-TCC00335-A1,2026-1,TCC00335,quinta,20:00,22:00,204,False,,tipo_da_sala_inferido_exclusivamente_do_prefixo_observado,,,não disponível nos PDFs
2026-1-TCC00312-A1,2026-1,TCC00312,segunda,11:00,13:00,213,False,,tipo_da_sala_inferido_exclusivamente_do_prefixo_observado,,,não disponível nos PDFs
2026-1-TCC00312-A1,2026-1,TCC00312,quarta,11:00,13:00,213,False,,tipo_da_sala_inferido_exclusivamente_do_prefixo_observado,,,não disponível nos PDFs
2026-1-TCC00338-A1,2026-1,TCC00338,terca,18:00,20:00,202,False,,tipo_da_sala_inferido_exclusivamente_do_prefixo_observado,,,não disponível nos PDFs
2026-1-TCC00338-A1,2026-1,TCC00338,quinta,18:00,20:00,202,False,,tipo_da_sala_inferido_exclusivamente_do_prefixo_observado,,,não disponível nos PDFs
2026-1-TCC00365-A1,2026-1,TCC00365,segunda,18:00,20:00,L304,True,laboratorio,tipo_da_sala_inferido_exclusivamente_do_prefixo_observado,,,não disponível nos PDFs
2026-1-TCC00365-A1,2026-1,TCC00365,quarta,18:00,20:00,302,False,,tipo_da_sala_inferido_exclusivamente_do_prefixo_observado,,,não disponível nos PDFs
2026-1-TCC00359-A1,2026-1,TCC00359,segunda,20:00,22:00,215,False,,tipo_da_sala_inferido_exclusivamente_do_prefixo_observado,,,não disponível nos PDFs
2026-1-TCC00359-A1,2026-1,TCC00359,quarta,20:00,22:00,215,False,,tipo_da_sala_inferido_exclusivamente_do_prefixo_observado,,,não disponível nos PDFs
2026-1-TCC00359-Z1,2026-1,TCC00359,terca,14:00,16:00,319,False,,tipo_da_sala_inferido_exclusivamente_do_prefixo_observado,,,não disponível nos PDFs
2026-1-TCC00359-Z1,2026-1,TCC00359,quinta,14:00,16:00,319,False,,tipo_da_sala_inferido_exclusivamente_do_prefixo_observado,,,não disponível nos PDFs
2026-1-TCC00313-A1,2026-1,TCC00313,terca,07:00,09:00,215,False,,tipo_da_sala_inferido_exclusivamente_do_prefixo_observado,,,não disponível nos PDFs
2026-1-TCC00313-A1,2026-1,TCC00313,quinta,07:00,09:00,215,False,,tipo_da_sala_inferido_exclusivamente_do_prefixo_observado,,,não disponível nos PDFs
2026-1-TCC00314-A1,2026-1,TCC00314,terca,09:00,11:00,215,False,,tipo_da_sala_inferido_exclusivamente_do_prefixo_observado,,,não disponível nos PDFs
2026-1-TCC00314-A1,2026-1,TCC00314,quinta,09:00,11:00,215,False,,tipo_da_sala_inferido_exclusivamente_do_prefixo_observado,,,não disponível nos PDFs
2026-1-TCC00341-A1,2026-1,TCC00341,segunda,20:00,22:00,204,False,,tipo_da_sala_inferido_exclusivamente_do_prefixo_observado,,,não disponível nos PDFs
2026-1-TCC00341-A1,2026-1,TCC00341,quarta,20:00,22:00,204,False,,tipo_da_sala_inferido_exclusivamente_do_prefixo_observado,,,não disponível nos PDFs
2026-1-CGI00004-A1,2026-1,CGI00004,sexta,18:00,22:00,215,False,,tipo_da_sala_inferido_exclusivamente_do_prefixo_observado,,,não disponível nos PDFs
2026-1-TCC00358-A1,2026-1,TCC00358,quinta,18:00,22:00,306,False,,tipo_da_sala_inferido_exclusivamente_do_prefixo_observado,,,não disponível nos PDFs
2026-1-TCC00358-B1,2026-1,TCC00358,quinta,18:00,22:00,319,False,,tipo_da_sala_inferido_exclusivamente_do_prefixo_observado,,,não disponível nos PDFs
2026-1-TCC00315-A1,2026-1,TCC00315,terca,11:00,13:00,319,False,,tipo_da_sala_inferido_exclusivamente_do_prefixo_observado,,,não disponível nos PDFs
2026-1-TCC00315-A1,2026-1,TCC00315,quinta,11:00,13:00,319,False,,tipo_da_sala_inferido_exclusivamente_do_prefixo_observado,,,não disponível nos PDFs
2026-1-TCC00362-A1,2026-1,TCC00362,segunda,20:00,22:00,321,False,,tipo_da_sala_inferido_exclusivamente_do_prefixo_observado,,,não disponível nos PDFs
2026-1-TCC00362-A1,2026-1,TCC00362,quarta,20:00,22:00,321,False,,tipo_da_sala_inferido_exclusivamente_do_prefixo_observado,,,não disponível nos PDFs
2026-1-TCC00316-A1,2026-1,TCC00316,terca,11:00,13:00,204,False,,tipo_da_sala_inferido_exclusivamente_do_prefixo_observado,,,não disponível nos PDFs
2026-1-TCC00316-A1,2026-1,TCC00316,quinta,11:00,13:00,204,False,,tipo_da_sala_inferido_exclusivamente_do_prefixo_observado,,,não disponível nos PDFs
2026-1-TCC00242-A1,2026-1,TCC00242,terca,18:00,20:00,308,False,,tipo_da_sala_inferido_exclusivamente_do_prefixo_observado,,,não disponível nos PDFs
2026-1-TCC00242-A1,2026-1,TCC00242,quinta,18:00,20:00,308,False,,tipo_da_sala_inferido_exclusivamente_do_prefixo_observado,,,não disponível nos PDFs
2026-1-TCC00253-A1,2026-1,TCC00253,sexta,18:00,22:00,204,False,,tipo_da_sala_inferido_exclusivamente_do_prefixo_observado,,,não disponível nos PDFs
2026-1-TCC00360-A1,2026-1,TCC00360,segunda,18:00,20:00,206,False,,tipo_da_sala_inferido_exclusivamente_do_prefixo_observado,,,não disponível nos PDFs
2026-1-TCC00360-A1,2026-1,TCC00360,quarta,18:00,20:00,206,False,,tipo_da_sala_inferido_exclusivamente_do_prefixo_observado,,,não disponível nos PDFs
2026-1-TCC00205-A1,2026-1,TCC00205,quarta,16:00,20:00,306,False,,tipo_da_sala_inferido_exclusivamente_do_prefixo_observado,,,não disponível nos PDFs
2026-1-SEM-CODIGO-001-SEM-TURMA,2026-1,,segunda,11:00,13:00,313,False,,tipo_da_sala_inferido_exclusivamente_do_prefixo_observado,,,não disponível nos PDFs
2026-1-SEM-CODIGO-001-SEM-TURMA,2026-1,,quarta,11:00,13:00,313,False,,tipo_da_sala_inferido_exclusivamente_do_prefixo_observado,,,não disponível nos PDFs
2026-1-TIC10001-SEM-TURMA,2026-1,TIC10001,terca,09:00,11:00,319,False,,tipo_da_sala_inferido_exclusivamente_do_prefixo_observado,,,não disponível nos PDFs
2026-1-TIC10001-SEM-TURMA,2026-1,TIC10001,quinta,09:00,11:00,319,False,,tipo_da_sala_inferido_exclusivamente_do_prefixo_observado,,,não disponível nos PDFs
2026-1-TIC10002-SEM-TURMA,2026-1,TIC10002,terca,14:00,16:00,404B,False,,tipo_da_sala_inferido_exclusivamente_do_prefixo_observado,,,não disponível nos PDFs
2026-1-TIC10002-SEM-TURMA,2026-1,TIC10002,quinta,14:00,16:00,404B,False,,tipo_da_sala_inferido_exclusivamente_do_prefixo_observado,,,não disponível nos PDFs
2026-1-TIC10003-SEM-TURMA,2026-1,TIC10003,segunda,09:00,11:00,306,False,,tipo_da_sala_inferido_exclusivamente_do_prefixo_observado,,,não disponível nos PDFs
2026-1-TIC10003-SEM-TURMA,2026-1,TIC10003,quarta,09:00,11:00,306,False,,tipo_da_sala_inferido_exclusivamente_do_prefixo_observado,,,não disponível nos PDFs
2026-1-TIC10005-SEM-TURMA,2026-1,TIC10005,terca,11:00,13:00,306,False,,tipo_da_sala_inferido_exclusivamente_do_prefixo_observado,,,não disponível nos PDFs
2026-1-TIC10005-SEM-TURMA,2026-1,TIC10005,quinta,11:00,13:00,306,False,,tipo_da_sala_inferido_exclusivamente_do_prefixo_observado,,,não disponível nos PDFs
2026-1-TCC00319-A1,2026-1,TCC00319,sexta,14:00,18:00,206,False,,tipo_da_sala_inferido_exclusivamente_do_prefixo_observado,,,não disponível nos PDFs
2026-1-TCC00319-B1,2026-1,TCC00319,terca,16:00,18:00,302,False,,tipo_da_sala_inferido_exclusivamente_do_prefixo_observado,,,não disponível nos PDFs
2026-1-TCC00319-B1,2026-1,TCC00319,quinta,16:00,18:00,302,False,,tipo_da_sala_inferido_exclusivamente_do_prefixo_observado,,,não disponível nos PDFs
2026-1-TCC00320-A1,2026-1,TCC00320,terca,14:00,16:00,321,False,,tipo_da_sala_inferido_exclusivamente_do_prefixo_observado,,,não disponível nos PDFs
2026-1-TCC00320-A1,2026-1,TCC00320,quinta,14:00,16:00,321,False,,tipo_da_sala_inferido_exclusivamente_do_prefixo_observado,,,não disponível nos PDFs
2026-1-TCC00320-B1,2026-1,TCC00320,terca,14:00,16:00,217,False,,tipo_da_sala_inferido_exclusivamente_do_prefixo_observado,,,não disponível nos PDFs
2026-1-TCC00320-B1,2026-1,TCC00320,quinta,14:00,16:00,217,False,,tipo_da_sala_inferido_exclusivamente_do_prefixo_observado,,,não disponível nos PDFs
2026-1-TCC00328-C1,2026-1,TCC00328,segunda,11:00,13:00,L302,True,laboratorio,tipo_da_sala_inferido_exclusivamente_do_prefixo_observado,,,não disponível nos PDFs
2026-1-TCC00328-C1,2026-1,TCC00328,quarta,11:00,13:00,L302,True,laboratorio,tipo_da_sala_inferido_exclusivamente_do_prefixo_observado,,,não disponível nos PDFs
2026-1-TCC00325-A1,2026-1,TCC00325,segunda,09:00,11:00,204,False,,tipo_da_sala_inferido_exclusivamente_do_prefixo_observado,,,não disponível nos PDFs
2026-1-TCC00325-A1,2026-1,TCC00325,quarta,09:00,11:00,204,False,,tipo_da_sala_inferido_exclusivamente_do_prefixo_observado,,,não disponível nos PDFs
2026-1-TCC00325-B1,2026-1,TCC00325,segunda,11:00,13:00,204,False,,tipo_da_sala_inferido_exclusivamente_do_prefixo_observado,,,não disponível nos PDFs
2026-1-TCC00325-B1,2026-1,TCC00325,quarta,11:00,13:00,204,False,,tipo_da_sala_inferido_exclusivamente_do_prefixo_observado,,,não disponível nos PDFs
2026-1-TCC00325-C1,2026-1,TCC00325,segunda,16:00,18:00,213,False,,tipo_da_sala_inferido_exclusivamente_do_prefixo_observado,,,não disponível nos PDFs
2026-1-TCC00325-C1,2026-1,TCC00325,quarta,16:00,18:00,213,False,,tipo_da_sala_inferido_exclusivamente_do_prefixo_observado,,,não disponível nos PDFs
2026-1-TCC00325-D1,2026-1,TCC00325,segunda,18:00,20:00,213,False,,tipo_da_sala_inferido_exclusivamente_do_prefixo_observado,,,não disponível nos PDFs
2026-1-TCC00325-D1,2026-1,TCC00325,quarta,18:00,20:00,213,False,,tipo_da_sala_inferido_exclusivamente_do_prefixo_observado,,,não disponível nos PDFs
2026-1-TCC00325-E1,2026-1,TCC00325,terca,11:00,13:00,206,False,,tipo_da_sala_inferido_exclusivamente_do_prefixo_observado,,,não disponível nos PDFs
2026-1-TCC00325-E1,2026-1,TCC00325,quinta,11:00,13:00,206,False,,tipo_da_sala_inferido_exclusivamente_do_prefixo_observado,,,não disponível nos PDFs
2026-1-TCC00325-F1,2026-1,TCC00325,terca,14:00,16:00,206,False,,tipo_da_sala_inferido_exclusivamente_do_prefixo_observado,,,não disponível nos PDFs
2026-1-TCC00325-F1,2026-1,TCC00325,quinta,14:00,16:00,206,False,,tipo_da_sala_inferido_exclusivamente_do_prefixo_observado,,,não disponível nos PDFs
2026-1-TCC00325-G1,2026-1,TCC00325,terca,16:00,18:00,206,False,,tipo_da_sala_inferido_exclusivamente_do_prefixo_observado,,,não disponível nos PDFs
2026-1-TCC00325-G1,2026-1,TCC00325,quinta,16:00,18:00,206,False,,tipo_da_sala_inferido_exclusivamente_do_prefixo_observado,,,não disponível nos PDFs
2026-1-TCC00326-D1,2026-1,TCC00326,segunda,16:00,18:00,L306,True,laboratorio,tipo_da_sala_inferido_exclusivamente_do_prefixo_observado,,,não disponível nos PDFs
2026-1-TCC00326-D1,2026-1,TCC00326,quarta,16:00,18:00,204,False,,tipo_da_sala_inferido_exclusivamente_do_prefixo_observado,,,não disponível nos PDFs
2026-1-TCC00326-D2,2026-1,TCC00326,segunda,16:00,18:00,404B,False,,tipo_da_sala_inferido_exclusivamente_do_prefixo_observado,,,não disponível nos PDFs
2026-1-TCC00326-D2,2026-1,TCC00326,quarta,16:00,18:00,L302,True,laboratorio,tipo_da_sala_inferido_exclusivamente_do_prefixo_observado,,,não disponível nos PDFs
2026-1-TCC00326-E1,2026-1,TCC00326,segunda,18:00,20:00,L306,True,laboratorio,tipo_da_sala_inferido_exclusivamente_do_prefixo_observado,,,não disponível nos PDFs
2026-1-TCC00326-E1,2026-1,TCC00326,quarta,18:00,20:00,404B,False,,tipo_da_sala_inferido_exclusivamente_do_prefixo_observado,,,não disponível nos PDFs
2026-1-TCC00326-F1,2026-1,TCC00326,terca,09:00,11:00,L302,True,laboratorio,tipo_da_sala_inferido_exclusivamente_do_prefixo_observado,,,não disponível nos PDFs
2026-1-TCC00326-F1,2026-1,TCC00326,quinta,09:00,11:00,321,False,,tipo_da_sala_inferido_exclusivamente_do_prefixo_observado,,,não disponível nos PDFs
2026-1-TCC00326-F2,2026-1,TCC00326,terca,09:00,11:00,317,False,,tipo_da_sala_inferido_exclusivamente_do_prefixo_observado,,,não disponível nos PDFs
2026-1-TCC00326-F2,2026-1,TCC00326,quinta,09:00,11:00,L303,True,laboratorio,tipo_da_sala_inferido_exclusivamente_do_prefixo_observado,,,não disponível nos PDFs
2026-1-TCC00326-F3,2026-1,TCC00326,terca,09:00,11:00,321,False,,tipo_da_sala_inferido_exclusivamente_do_prefixo_observado,,,não disponível nos PDFs
2026-1-TCC00326-F3,2026-1,TCC00326,quinta,09:00,11:00,L302,True,laboratorio,tipo_da_sala_inferido_exclusivamente_do_prefixo_observado,,,não disponível nos PDFs
2026-1-TCC00326-G1,2026-1,TCC00326,terca,11:00,13:00,L302,True,laboratorio,tipo_da_sala_inferido_exclusivamente_do_prefixo_observado,,,não disponível nos PDFs
2026-1-TCC00326-G1,2026-1,TCC00326,quinta,11:00,13:00,321,False,,tipo_da_sala_inferido_exclusivamente_do_prefixo_observado,,,não disponível nos PDFs
2026-1-TCC00326-G2,2026-1,TCC00326,terca,11:00,13:00,306,False,,tipo_da_sala_inferido_exclusivamente_do_prefixo_observado,,,não disponível nos PDFs
2026-1-TCC00326-G2,2026-1,TCC00326,quinta,11:00,13:00,L306,True,laboratorio,tipo_da_sala_inferido_exclusivamente_do_prefixo_observado,,,não disponível nos PDFs
2026-1-TCC00326-G3,2026-1,TCC00326,terca,11:00,13:00,L303,True,laboratorio,tipo_da_sala_inferido_exclusivamente_do_prefixo_observado,,,não disponível nos PDFs
2026-1-TCC00326-G3,2026-1,TCC00326,quinta,11:00,13:00,308,False,,tipo_da_sala_inferido_exclusivamente_do_prefixo_observado,,,não disponível nos PDFs
2026-1-TCC00326-G4,2026-1,TCC00326,terca,11:00,13:00,308,False,,tipo_da_sala_inferido_exclusivamente_do_prefixo_observado,,,não disponível nos PDFs
2026-1-TCC00326-G4,2026-1,TCC00326,quinta,11:00,13:00,L302,True,laboratorio,tipo_da_sala_inferido_exclusivamente_do_prefixo_observado,,,não disponível nos PDFs
2026-1-TCC00326-H1,2026-1,TCC00326,terca,14:00,16:00,L302,True,laboratorio,tipo_da_sala_inferido_exclusivamente_do_prefixo_observado,,,não disponível nos PDFs
2026-1-TCC00326-H1,2026-1,TCC00326,quinta,14:00,16:00,204,False,,tipo_da_sala_inferido_exclusivamente_do_prefixo_observado,,,não disponível nos PDFs
2026-1-TCC00326-H2,2026-1,TCC00326,terca,14:00,16:00,204,False,,tipo_da_sala_inferido_exclusivamente_do_prefixo_observado,,,não disponível nos PDFs
2026-1-TCC00326-H2,2026-1,TCC00326,quinta,14:00,16:00,L306,True,laboratorio,tipo_da_sala_inferido_exclusivamente_do_prefixo_observado,,,não disponível nos PDFs
2026-1-TCC00326-H3,2026-1,TCC00326,terca,14:00,16:00,202,False,,tipo_da_sala_inferido_exclusivamente_do_prefixo_observado,,,não disponível nos PDFs
2026-1-TCC00326-H3,2026-1,TCC00326,quinta,14:00,16:00,L305,True,laboratorio,tipo_da_sala_inferido_exclusivamente_do_prefixo_observado,,,não disponível nos PDFs
2026-1-TCC00326-H4,2026-1,TCC00326,terca,14:00,16:00,308,False,,tipo_da_sala_inferido_exclusivamente_do_prefixo_observado,,,não disponível nos PDFs
2026-1-TCC00326-H4,2026-1,TCC00326,quinta,14:00,16:00,308,False,,tipo_da_sala_inferido_exclusivamente_do_prefixo_observado,,,não disponível nos PDFs
2026-1-TCC00326-J2,2026-1,TCC00326,terca,16:00,18:00,204,False,,tipo_da_sala_inferido_exclusivamente_do_prefixo_observado,,,não disponível nos PDFs
2026-1-TCC00326-J2,2026-1,TCC00326,quinta,16:00,18:00,L306,True,laboratorio,tipo_da_sala_inferido_exclusivamente_do_prefixo_observado,,,não disponível nos PDFs
2026-1-TCC00280-A1,2026-1,TCC00280,segunda,14:00,18:00,215,False,,tipo_da_sala_inferido_exclusivamente_do_prefixo_observado,,,não disponível nos PDFs
2026-1-TCC00195-A1,2026-1,TCC00195,terca,11:00,13:00,315,False,,tipo_da_sala_inferido_exclusivamente_do_prefixo_observado,,,não disponível nos PDFs
2026-1-TCC00195-A1,2026-1,TCC00195,quinta,11:00,13:00,315,False,,tipo_da_sala_inferido_exclusivamente_do_prefixo_observado,,,não disponível nos PDFs
2026-1-SEM-CODIGO-002-SEM-TURMA,2026-1,,terca,11:00,13:00,304,False,,tipo_da_sala_inferido_exclusivamente_do_prefixo_observado,,,não disponível nos PDFs
2026-1-SEM-CODIGO-002-SEM-TURMA,2026-1,,quinta,11:00,13:00,304,False,,tipo_da_sala_inferido_exclusivamente_do_prefixo_observado,,,não disponível nos PDFs
2026-1-SEM-CODIGO-003-SEM-TURMA,2026-1,,terca,18:00,22:00,321,False,,tipo_da_sala_inferido_exclusivamente_do_prefixo_observado,,,não disponível nos PDFs
2026-1-SEM-CODIGO-004-SEM-TURMA,2026-1,,terca,09:00,11:00,L305,True,laboratorio,tipo_da_sala_inferido_exclusivamente_do_prefixo_observado,,,não disponível nos PDFs
2026-1-SEM-CODIGO-004-SEM-TURMA,2026-1,,quinta,09:00,11:00,L305,True,laboratorio,tipo_da_sala_inferido_exclusivamente_do_prefixo_observado,,,não disponível nos PDFs
2026-1-SEM-CODIGO-005-SEM-TURMA,2026-1,,terca,09:00,11:00,404B,False,,tipo_da_sala_inferido_exclusivamente_do_prefixo_observado,,,não disponível nos PDFs
2026-1-SEM-CODIGO-005-SEM-TURMA,2026-1,,quinta,09:00,11:00,404B,False,,tipo_da_sala_inferido_exclusivamente_do_prefixo_observado,,,não disponível nos PDFs
2026-1-SEM-CODIGO-006-SEM-TURMA,2026-1,,sexta,09:00,13:00,206,False,,tipo_da_sala_inferido_exclusivamente_do_prefixo_observado,,,não disponível nos PDFs
2026-1-SEM-CODIGO-007-SEM-TURMA,2026-1,,terca,14:00,16:00,319,False,,tipo_da_sala_inferido_exclusivamente_do_prefixo_observado,,,não disponível nos PDFs
2026-1-SEM-CODIGO-007-SEM-TURMA,2026-1,,quinta,14:00,16:00,319,False,,tipo_da_sala_inferido_exclusivamente_do_prefixo_observado,,,não disponível nos PDFs
2026-1-SEM-CODIGO-008-SEM-TURMA,2026-1,,sexta,14:00,18:00,204,False,,tipo_da_sala_inferido_exclusivamente_do_prefixo_observado,,,não disponível nos PDFs
2026-1-SEM-CODIGO-009-SEM-TURMA,2026-1,,segunda,11:00,13:00,308,False,,tipo_da_sala_inferido_exclusivamente_do_prefixo_observado,,,não disponível nos PDFs
2026-1-SEM-CODIGO-009-SEM-TURMA,2026-1,,quarta,11:00,13:00,308,False,,tipo_da_sala_inferido_exclusivamente_do_prefixo_observado,,,não disponível nos PDFs
2026-1-TCC00244-A1,2026-1,TCC00244,terca,07:00,09:00,204,False,,tipo_da_sala_inferido_exclusivamente_do_prefixo_observado,,,não disponível nos PDFs
2026-1-TCC00244-A1,2026-1,TCC00244,quinta,07:00,09:00,204,False,,tipo_da_sala_inferido_exclusivamente_do_prefixo_observado,,,não disponível nos PDFs
2026-1-TCC00241-A1,2026-1,TCC00241,terca,14:00,16:00,313,False,,tipo_da_sala_inferido_exclusivamente_do_prefixo_observado,,,não disponível nos PDFs
2026-1-TCC00241-A1,2026-1,TCC00241,quinta,14:00,16:00,313,False,,tipo_da_sala_inferido_exclusivamente_do_prefixo_observado,,,não disponível nos PDFs
2026-1-TCC00250-A1,2026-1,TCC00250,terca,11:00,13:00,302,False,,tipo_da_sala_inferido_exclusivamente_do_prefixo_observado,,,não disponível nos PDFs
2026-1-TCC00250-A1,2026-1,TCC00250,quinta,11:00,13:00,302,False,,tipo_da_sala_inferido_exclusivamente_do_prefixo_observado,,,não disponível nos PDFs
2026-1-TCC00251-A1,2026-1,TCC00251,segunda,07:00,09:00,215,False,,tipo_da_sala_inferido_exclusivamente_do_prefixo_observado,,,não disponível nos PDFs
2026-1-TCC00251-A1,2026-1,TCC00251,quarta,07:00,09:00,215,False,,tipo_da_sala_inferido_exclusivamente_do_prefixo_observado,,,não disponível nos PDFs
2026-1-TCC00259-A1,2026-1,TCC00259,terca,14:00,16:00,306,False,,tipo_da_sala_inferido_exclusivamente_do_prefixo_observado,,,não disponível nos PDFs
2026-1-TCC00259-A1,2026-1,TCC00259,quinta,14:00,16:00,306,False,,tipo_da_sala_inferido_exclusivamente_do_prefixo_observado,,,não disponível nos PDFs
2026-1-TCC00260-A1,2026-1,TCC00260,terca,09:00,11:00,304,False,,tipo_da_sala_inferido_exclusivamente_do_prefixo_observado,,,não disponível nos PDFs
2026-1-TCC00260-A1,2026-1,TCC00260,quinta,09:00,11:00,304,False,,tipo_da_sala_inferido_exclusivamente_do_prefixo_observado,,,não disponível nos PDFs
2026-1-TCC00271-A1,2026-1,TCC00271,segunda,16:00,18:00,L303,True,laboratorio,tipo_da_sala_inferido_exclusivamente_do_prefixo_observado,,,não disponível nos PDFs
2026-1-TCC00271-A1,2026-1,TCC00271,quarta,16:00,18:00,317,False,,tipo_da_sala_inferido_exclusivamente_do_prefixo_observado,,,não disponível nos PDFs
2026-1-TCC00230-A1,2026-1,TCC00230,sexta,09:00,13:00,217,False,,tipo_da_sala_inferido_exclusivamente_do_prefixo_observado,,,não disponível nos PDFs
2026-2-TCC00265-SEM-TURMA,2026-2,TCC00265,segunda,16:00,18:00,317,False,,tipo_da_sala_inferido_exclusivamente_do_prefixo_observado,,,não disponível nos PDFs
2026-2-TCC00265-SEM-TURMA,2026-2,TCC00265,quarta,16:00,18:00,317,False,,tipo_da_sala_inferido_exclusivamente_do_prefixo_observado,,,não disponível nos PDFs
2026-2-TCC00284-A1,2026-2,TCC00284,terca,09:00,11:00,321,False,,tipo_da_sala_inferido_exclusivamente_do_prefixo_observado,,,não disponível nos PDFs
2026-2-TCC00284-A1,2026-2,TCC00284,quinta,09:00,11:00,321,False,,tipo_da_sala_inferido_exclusivamente_do_prefixo_observado,,,não disponível nos PDFs
2026-2-TCC00203-SEM-TURMA,2026-2,TCC00203,segunda,14:00,18:00,319,False,,tipo_da_sala_inferido_exclusivamente_do_prefixo_observado,,,não disponível nos PDFs
2026-2-SEM-CODIGO-001-SEM-TURMA,2026-2,,segunda,11:00,13:00,,,,sala_ausente_no_pdf,,,não disponível nos PDFs
2026-2-SEM-CODIGO-001-SEM-TURMA,2026-2,,quarta,11:00,13:00,,,,sala_ausente_no_pdf,,,não disponível nos PDFs
2026-2-TCC00285-A1,2026-2,TCC00285,terca,11:00,13:00,213,False,,tipo_da_sala_inferido_exclusivamente_do_prefixo_observado,,,não disponível nos PDFs
2026-2-TCC00285-A1,2026-2,TCC00285,quinta,11:00,13:00,213,False,,tipo_da_sala_inferido_exclusivamente_do_prefixo_observado,,,não disponível nos PDFs
2026-2-TCC00285-X1,2026-2,TCC00285,terca,11:00,13:00,313,False,,tipo_da_sala_inferido_exclusivamente_do_prefixo_observado,,,não disponível nos PDFs
2026-2-TCC00285-X1,2026-2,TCC00285,quinta,11:00,13:00,313,False,,tipo_da_sala_inferido_exclusivamente_do_prefixo_observado,,,não disponível nos PDFs
2026-2-TIC10001-SEM-TURMA,2026-2,TIC10001,terca,16:00,18:00,321,False,,tipo_da_sala_inferido_exclusivamente_do_prefixo_observado,,,não disponível nos PDFs
2026-2-TIC10001-SEM-TURMA,2026-2,TIC10001,quinta,16:00,18:00,321,False,,tipo_da_sala_inferido_exclusivamente_do_prefixo_observado,,,não disponível nos PDFs
2026-2-TCC00286-A1,2026-2,TCC00286,terca,09:00,11:00,204,False,,tipo_da_sala_inferido_exclusivamente_do_prefixo_observado,,,não disponível nos PDFs
2026-2-TCC00286-A1,2026-2,TCC00286,quinta,09:00,11:00,204,False,,tipo_da_sala_inferido_exclusivamente_do_prefixo_observado,,,não disponível nos PDFs
2026-2-TCC00286-B1,2026-2,TCC00286,terca,09:00,11:00,319,False,,tipo_da_sala_inferido_exclusivamente_do_prefixo_observado,,,não disponível nos PDFs
2026-2-TCC00286-B1,2026-2,TCC00286,quinta,09:00,11:00,319,False,,tipo_da_sala_inferido_exclusivamente_do_prefixo_observado,,,não disponível nos PDFs
2026-2-TCC00349-A1,2026-2,TCC00349,terca,07:00,09:00,213,False,,tipo_da_sala_inferido_exclusivamente_do_prefixo_observado,,,não disponível nos PDFs
2026-2-TCC00349-A1,2026-2,TCC00349,quinta,07:00,09:00,213,False,,tipo_da_sala_inferido_exclusivamente_do_prefixo_observado,,,não disponível nos PDFs
2026-2-TCC00287-A1,2026-2,TCC00287,terca,07:00,09:00,217,False,,tipo_da_sala_inferido_exclusivamente_do_prefixo_observado,,,não disponível nos PDFs
2026-2-TCC00287-A1,2026-2,TCC00287,quinta,07:00,09:00,217,False,,tipo_da_sala_inferido_exclusivamente_do_prefixo_observado,,,não disponível nos PDFs
2026-2-TCC00288-A1,2026-2,TCC00288,segunda,07:00,09:00,321,False,,tipo_da_sala_inferido_exclusivamente_do_prefixo_observado,,,não disponível nos PDFs
2026-2-TCC00288-A1,2026-2,TCC00288,quarta,07:00,09:00,321,False,,tipo_da_sala_inferido_exclusivamente_do_prefixo_observado,,,não disponível nos PDFs
2026-2-TCC00336-A1,2026-2,TCC00336,segunda,20:00,22:00,L302,True,laboratorio,tipo_da_sala_inferido_exclusivamente_do_prefixo_observado,,,não disponível nos PDFs
2026-2-TCC00336-A1,2026-2,TCC00336,quarta,20:00,22:00,L302,True,laboratorio,tipo_da_sala_inferido_exclusivamente_do_prefixo_observado,,,não disponível nos PDFs
2026-2-TCC00194-SEM-TURMA,2026-2,TCC00194,terca,16:00,18:00,206,False,,tipo_da_sala_inferido_exclusivamente_do_prefixo_observado,,,não disponível nos PDFs
2026-2-TCC00194-SEM-TURMA,2026-2,TCC00194,quinta,16:00,18:00,206,False,,tipo_da_sala_inferido_exclusivamente_do_prefixo_observado,,,não disponível nos PDFs
2026-2-TCC00289-A1,2026-2,TCC00289,segunda,09:00,11:00,321,False,,tipo_da_sala_inferido_exclusivamente_do_prefixo_observado,,,não disponível nos PDFs
2026-2-TCC00289-A1,2026-2,TCC00289,quarta,09:00,11:00,321,False,,tipo_da_sala_inferido_exclusivamente_do_prefixo_observado,,,não disponível nos PDFs
2026-2-TCC00290-A1,2026-2,TCC00290,quinta,11:00,13:00,215,False,,tipo_da_sala_inferido_exclusivamente_do_prefixo_observado,,,não disponível nos PDFs
2026-2-TCC00222-A1,2026-2,TCC00222,quinta,18:00,22:00,213,False,,tipo_da_sala_inferido_exclusivamente_do_prefixo_observado,,,não disponível nos PDFs
2026-2-TCC00291-A1,2026-2,TCC00291,segunda,11:00,13:00,321,False,,tipo_da_sala_inferido_exclusivamente_do_prefixo_observado,,,não disponível nos PDFs
2026-2-TCC00291-A1,2026-2,TCC00291,quarta,11:00,13:00,321,False,,tipo_da_sala_inferido_exclusivamente_do_prefixo_observado,,,não disponível nos PDFs
2026-2-SEM-CODIGO-002-SEM-TURMA,2026-2,,terca,09:00,11:00,313,False,,tipo_da_sala_inferido_exclusivamente_do_prefixo_observado,,,não disponível nos PDFs
2026-2-SEM-CODIGO-002-SEM-TURMA,2026-2,,quinta,09:00,11:00,313,False,,tipo_da_sala_inferido_exclusivamente_do_prefixo_observado,,,não disponível nos PDFs
2026-2-TCC00226-A1,2026-2,TCC00226,segunda,09:00,11:00,L306,True,laboratorio,tipo_da_sala_inferido_exclusivamente_do_prefixo_observado,,,não disponível nos PDFs
2026-2-TCC00226-A1,2026-2,TCC00226,quarta,09:00,11:00,L306,True,laboratorio,tipo_da_sala_inferido_exclusivamente_do_prefixo_observado,,,não disponível nos PDFs
2026-2-TCC00225-A1,2026-2,TCC00225,segunda,18:00,20:00,204,False,,tipo_da_sala_inferido_exclusivamente_do_prefixo_observado,,,não disponível nos PDFs
2026-2-TCC00225-A1,2026-2,TCC00225,quarta,18:00,20:00,204,False,,tipo_da_sala_inferido_exclusivamente_do_prefixo_observado,,,não disponível nos PDFs
2026-2-TCC00292-A1,2026-2,TCC00292,segunda,09:00,11:00,215,False,,tipo_da_sala_inferido_exclusivamente_do_prefixo_observado,,,não disponível nos PDFs
2026-2-TCC00292-A1,2026-2,TCC00292,quarta,09:00,11:00,215,False,,tipo_da_sala_inferido_exclusivamente_do_prefixo_observado,,,não disponível nos PDFs
2026-2-TCC00293-A1,2026-2,TCC00293,segunda,07:00,09:00,215,False,,tipo_da_sala_inferido_exclusivamente_do_prefixo_observado,,,não disponível nos PDFs
2026-2-TCC00293-A1,2026-2,TCC00293,quarta,07:00,09:00,215,False,,tipo_da_sala_inferido_exclusivamente_do_prefixo_observado,,,não disponível nos PDFs
2026-2-TIC10002-SEM-TURMA,2026-2,TIC10002,terca,14:00,16:00,202,False,,tipo_da_sala_inferido_exclusivamente_do_prefixo_observado,,,não disponível nos PDFs
2026-2-TIC10002-SEM-TURMA,2026-2,TIC10002,quinta,14:00,16:00,202,False,,tipo_da_sala_inferido_exclusivamente_do_prefixo_observado,,,não disponível nos PDFs
2026-2-TCC00319-S1,2026-2,TCC00319,sexta,14:00,18:00,L306,True,laboratorio,tipo_da_sala_inferido_exclusivamente_do_prefixo_observado,,,não disponível nos PDFs
2026-2-TCC00319-T1,2026-2,TCC00319,terca,16:00,18:00,302,False,,tipo_da_sala_inferido_exclusivamente_do_prefixo_observado,,,não disponível nos PDFs
2026-2-TCC00319-T1,2026-2,TCC00319,quinta,16:00,18:00,302,False,,tipo_da_sala_inferido_exclusivamente_do_prefixo_observado,,,não disponível nos PDFs
2026-2-TCC00348-A1,2026-2,TCC00348,terca,11:00,13:00,204,False,,tipo_da_sala_inferido_exclusivamente_do_prefixo_observado,,,não disponível nos PDFs
2026-2-TCC00348-A1,2026-2,TCC00348,quinta,11:00,13:00,204,False,,tipo_da_sala_inferido_exclusivamente_do_prefixo_observado,,,não disponível nos PDFs
2026-2-TCC00348-B1,2026-2,TCC00348,terca,11:00,13:00,217,False,,tipo_da_sala_inferido_exclusivamente_do_prefixo_observado,,,não disponível nos PDFs
2026-2-TCC00348-B1,2026-2,TCC00348,quinta,11:00,13:00,217,False,,tipo_da_sala_inferido_exclusivamente_do_prefixo_observado,,,não disponível nos PDFs
2026-2-TCC00331-A1,2026-2,TCC00331,segunda,18:00,20:00,206,False,,tipo_da_sala_inferido_exclusivamente_do_prefixo_observado,,,não disponível nos PDFs
2026-2-TCC00331-A1,2026-2,TCC00331,quarta,18:00,20:00,206,False,,tipo_da_sala_inferido_exclusivamente_do_prefixo_observado,,,não disponível nos PDFs
2026-2-TCC00331-B1,2026-2,TCC00331,segunda,18:00,20:00,302,False,,tipo_da_sala_inferido_exclusivamente_do_prefixo_observado,,,não disponível nos PDFs
2026-2-TCC00331-B1,2026-2,TCC00331,quarta,18:00,20:00,L307,True,laboratorio,tipo_da_sala_inferido_exclusivamente_do_prefixo_observado,,,não disponível nos PDFs
2026-2-TCC00371-A1,2026-2,TCC00371,terca,09:00,11:00,308,False,,tipo_da_sala_inferido_exclusivamente_do_prefixo_observado,,,não disponível nos PDFs
2026-2-TCC00371-A1,2026-2,TCC00371,quinta,09:00,11:00,308,False,,tipo_da_sala_inferido_exclusivamente_do_prefixo_observado,,,não disponível nos PDFs
2026-2-SEM-CODIGO-003-SEM-TURMA,2026-2,,quarta,16:00,20:00,202,False,,tipo_da_sala_inferido_exclusivamente_do_prefixo_observado,,,não disponível nos PDFs
2026-2-TCC00296-A1,2026-2,TCC00296,terca,07:00,09:00,202,False,,tipo_da_sala_inferido_exclusivamente_do_prefixo_observado,,,não disponível nos PDFs
2026-2-TCC00296-A1,2026-2,TCC00296,quinta,07:00,09:00,202,False,,tipo_da_sala_inferido_exclusivamente_do_prefixo_observado,,,não disponível nos PDFs
2026-2-TCC00296-B1,2026-2,TCC00296,terca,14:00,16:00,204,False,,tipo_da_sala_inferido_exclusivamente_do_prefixo_observado,,,não disponível nos PDFs
2026-2-TCC00296-B1,2026-2,TCC00296,quinta,14:00,16:00,204,False,,tipo_da_sala_inferido_exclusivamente_do_prefixo_observado,,,não disponível nos PDFs
2026-2-TCC00332-A1,2026-2,TCC00332,terca,20:00,22:00,317,False,,tipo_da_sala_inferido_exclusivamente_do_prefixo_observado,,,não disponível nos PDFs
2026-2-TCC00332-A1,2026-2,TCC00332,quinta,20:00,22:00,317,False,,tipo_da_sala_inferido_exclusivamente_do_prefixo_observado,,,não disponível nos PDFs
2026-2-TCC00332-B1,2026-2,TCC00332,terca,18:00,20:00,317,False,,tipo_da_sala_inferido_exclusivamente_do_prefixo_observado,,,não disponível nos PDFs
2026-2-TCC00332-B1,2026-2,TCC00332,quinta,18:00,20:00,317,False,,tipo_da_sala_inferido_exclusivamente_do_prefixo_observado,,,não disponível nos PDFs
2026-2-TCC00354-A1,2026-2,TCC00354,terca,18:00,20:00,308,False,,tipo_da_sala_inferido_exclusivamente_do_prefixo_observado,,,não disponível nos PDFs
2026-2-TCC00354-A1,2026-2,TCC00354,quinta,18:00,20:00,308,False,,tipo_da_sala_inferido_exclusivamente_do_prefixo_observado,,,não disponível nos PDFs
2026-2-TCC00354-B1,2026-2,TCC00354,terca,20:00,22:00,308,False,,tipo_da_sala_inferido_exclusivamente_do_prefixo_observado,,,não disponível nos PDFs
2026-2-TCC00354-B1,2026-2,TCC00354,quinta,20:00,22:00,308,False,,tipo_da_sala_inferido_exclusivamente_do_prefixo_observado,,,não disponível nos PDFs
2026-2-TCC00363-A1,2026-2,TCC00363,terca,18:00,20:00,302,False,,tipo_da_sala_inferido_exclusivamente_do_prefixo_observado,,,não disponível nos PDFs
2026-2-TCC00363-A1,2026-2,TCC00363,quinta,18:00,20:00,302,False,,tipo_da_sala_inferido_exclusivamente_do_prefixo_observado,,,não disponível nos PDFs
2026-2-TCC00324-A1,2026-2,TCC00324,sexta,18:00,22:00,302,False,,tipo_da_sala_inferido_exclusivamente_do_prefixo_observado,,,não disponível nos PDFs
2026-2-TCC00297-A1,2026-2,TCC00297,terca,11:00,13:00,302,False,,tipo_da_sala_inferido_exclusivamente_do_prefixo_observado,,,não disponível nos PDFs
2026-2-TCC00297-A1,2026-2,TCC00297,quinta,11:00,13:00,302,False,,tipo_da_sala_inferido_exclusivamente_do_prefixo_observado,,,não disponível nos PDFs
2026-2-SEM-CODIGO-004-SEM-TURMA,2026-2,,terca,09:00,11:00,302,False,,tipo_da_sala_inferido_exclusivamente_do_prefixo_observado,,,não disponível nos PDFs
2026-2-SEM-CODIGO-004-SEM-TURMA,2026-2,,quinta,09:00,11:00,302,False,,tipo_da_sala_inferido_exclusivamente_do_prefixo_observado,,,não disponível nos PDFs
2026-2-TCC00298-A1,2026-2,TCC00298,segunda,11:00,13:00,217,False,,tipo_da_sala_inferido_exclusivamente_do_prefixo_observado,,,não disponível nos PDFs
2026-2-TCC00298-A1,2026-2,TCC00298,quarta,11:00,13:00,217,False,,tipo_da_sala_inferido_exclusivamente_do_prefixo_observado,,,não disponível nos PDFs
2026-2-TCC00337-A1,2026-2,TCC00337,quinta,18:00,22:00,321,False,,tipo_da_sala_inferido_exclusivamente_do_prefixo_observado,,,não disponível nos PDFs
2026-2-TCC00320-S1,2026-2,TCC00320,terca,14:00,16:00,321,False,,tipo_da_sala_inferido_exclusivamente_do_prefixo_observado,,,não disponível nos PDFs
2026-2-TCC00320-S1,2026-2,TCC00320,quinta,14:00,16:00,321,False,,tipo_da_sala_inferido_exclusivamente_do_prefixo_observado,,,não disponível nos PDFs
2026-2-TCC00320-T1,2026-2,TCC00320,terca,14:00,16:00,217,False,,tipo_da_sala_inferido_exclusivamente_do_prefixo_observado,,,não disponível nos PDFs
2026-2-TCC00320-T1,2026-2,TCC00320,quinta,14:00,16:00,217,False,,tipo_da_sala_inferido_exclusivamente_do_prefixo_observado,,,não disponível nos PDFs
2026-2-TCC00361-A1,2026-2,TCC00361,sexta,18:00,22:00,404B,False,,tipo_da_sala_inferido_exclusivamente_do_prefixo_observado,,,não disponível nos PDFs
2026-2-TCC00301-A-A/B-A,2026-2,TCC00301,terca,11:00,13:00,L305,True,laboratorio,tipo_da_sala_inferido_exclusivamente_do_prefixo_observado,,,não disponível nos PDFs
2026-2-TCC00301-A-A/B-A,2026-2,TCC00301,quinta,11:00,13:00,L305,True,laboratorio,tipo_da_sala_inferido_exclusivamente_do_prefixo_observado,,,não disponível nos PDFs
2026-2-TCC00344-A1,2026-2,TCC00344,segunda,07:00,09:00,L306,True,laboratorio,tipo_da_sala_inferido_exclusivamente_do_prefixo_observado,,,não disponível nos PDFs
2026-2-TCC00344-A1,2026-2,TCC00344,quarta,07:00,09:00,L306,True,laboratorio,tipo_da_sala_inferido_exclusivamente_do_prefixo_observado,,,não disponível nos PDFs
2026-2-TCC00346-A-A/C-A,2026-2,TCC00346,terca,16:00,18:00,L305,True,laboratorio,tipo_da_sala_inferido_exclusivamente_do_prefixo_observado,,,não disponível nos PDFs
2026-2-TCC00346-A-A/C-A,2026-2,TCC00346,quinta,16:00,18:00,L305,True,laboratorio,tipo_da_sala_inferido_exclusivamente_do_prefixo_observado,,,não disponível nos PDFs
2026-2-TCC00355-E-A,2026-2,TCC00355,segunda,20:00,22:00,L304,True,laboratorio,tipo_da_sala_inferido_exclusivamente_do_prefixo_observado,,,não disponível nos PDFs
2026-2-TCC00355-E-A,2026-2,TCC00355,quarta,20:00,22:00,L304,True,laboratorio,tipo_da_sala_inferido_exclusivamente_do_prefixo_observado,,,não disponível nos PDFs
2026-2-TCC00355-F-A,2026-2,TCC00355,segunda,20:00,22:00,L307,True,laboratorio,tipo_da_sala_inferido_exclusivamente_do_prefixo_observado,,,não disponível nos PDFs
2026-2-TCC00355-F-A,2026-2,TCC00355,quarta,20:00,22:00,L307,True,laboratorio,tipo_da_sala_inferido_exclusivamente_do_prefixo_observado,,,não disponível nos PDFs
2026-2-TCC00304-A1,2026-2,TCC00304,segunda,11:00,13:00,206,False,,tipo_da_sala_inferido_exclusivamente_do_prefixo_observado,,,não disponível nos PDFs
2026-2-TCC00304-A1,2026-2,TCC00304,quarta,11:00,13:00,206,False,,tipo_da_sala_inferido_exclusivamente_do_prefixo_observado,,,não disponível nos PDFs
2026-2-TCC00305-A1,2026-2,TCC00305,segunda,09:00,11:00,217,False,,tipo_da_sala_inferido_exclusivamente_do_prefixo_observado,,,não disponível nos PDFs
2026-2-TCC00305-A1,2026-2,TCC00305,quarta,09:00,11:00,217,False,,tipo_da_sala_inferido_exclusivamente_do_prefixo_observado,,,não disponível nos PDFs
2026-2-TCC00305-X1,2026-2,TCC00305,segunda,09:00,11:00,217,False,,tipo_da_sala_inferido_exclusivamente_do_prefixo_observado,,,não disponível nos PDFs
2026-2-TCC00305-X1,2026-2,TCC00305,quarta,09:00,11:00,217,False,,tipo_da_sala_inferido_exclusivamente_do_prefixo_observado,,,não disponível nos PDFs
2026-2-SEM-CODIGO-005-SEM-TURMA,2026-2,,segunda,09:00,11:00,206,False,,tipo_da_sala_inferido_exclusivamente_do_prefixo_observado,,,não disponível nos PDFs
2026-2-SEM-CODIGO-005-SEM-TURMA,2026-2,,quarta,09:00,11:00,206,False,,tipo_da_sala_inferido_exclusivamente_do_prefixo_observado,,,não disponível nos PDFs
2026-2-TCC00325-A1,2026-2,TCC00325,segunda,09:00,11:00,319,False,,tipo_da_sala_inferido_exclusivamente_do_prefixo_observado,,,não disponível nos PDFs
2026-2-TCC00325-A1,2026-2,TCC00325,quarta,09:00,11:00,319,False,,tipo_da_sala_inferido_exclusivamente_do_prefixo_observado,,,não disponível nos PDFs
2026-2-TCC00325-B1,2026-2,TCC00325,segunda,11:00,13:00,317,False,,tipo_da_sala_inferido_exclusivamente_do_prefixo_observado,,,não disponível nos PDFs
2026-2-TCC00325-B1,2026-2,TCC00325,quarta,11:00,13:00,317,False,,tipo_da_sala_inferido_exclusivamente_do_prefixo_observado,,,não disponível nos PDFs
2026-2-TCC00325-C1,2026-2,TCC00325,segunda,16:00,18:00,213,False,,tipo_da_sala_inferido_exclusivamente_do_prefixo_observado,,,não disponível nos PDFs
2026-2-TCC00325-C1,2026-2,TCC00325,quarta,16:00,18:00,213,False,,tipo_da_sala_inferido_exclusivamente_do_prefixo_observado,,,não disponível nos PDFs
2026-2-TCC00325-D1,2026-2,TCC00325,segunda,18:00,20:00,213,False,,tipo_da_sala_inferido_exclusivamente_do_prefixo_observado,,,não disponível nos PDFs
2026-2-TCC00325-D1,2026-2,TCC00325,quarta,18:00,20:00,213,False,,tipo_da_sala_inferido_exclusivamente_do_prefixo_observado,,,não disponível nos PDFs
2026-2-TCC00325-E1,2026-2,TCC00325,terca,11:00,13:00,206,False,,tipo_da_sala_inferido_exclusivamente_do_prefixo_observado,,,não disponível nos PDFs
2026-2-TCC00325-E1,2026-2,TCC00325,quinta,11:00,13:00,206,False,,tipo_da_sala_inferido_exclusivamente_do_prefixo_observado,,,não disponível nos PDFs
2026-2-TCC00325-F1,2026-2,TCC00325,terca,14:00,16:00,206,False,,tipo_da_sala_inferido_exclusivamente_do_prefixo_observado,,,não disponível nos PDFs
2026-2-TCC00325-F1,2026-2,TCC00325,quinta,14:00,16:00,206,False,,tipo_da_sala_inferido_exclusivamente_do_prefixo_observado,,,não disponível nos PDFs
2026-2-TCC00325-G1,2026-2,TCC00325,terca,16:00,18:00,306,False,,tipo_da_sala_inferido_exclusivamente_do_prefixo_observado,,,não disponível nos PDFs
2026-2-TCC00325-G1,2026-2,TCC00325,quinta,16:00,18:00,306,False,,tipo_da_sala_inferido_exclusivamente_do_prefixo_observado,,,não disponível nos PDFs
2026-2-TCC00306-A1,2026-2,TCC00306,terca,09:00,11:00,206,False,,tipo_da_sala_inferido_exclusivamente_do_prefixo_observado,,,não disponível nos PDFs
2026-2-TCC00306-A1,2026-2,TCC00306,quinta,09:00,11:00,206,False,,tipo_da_sala_inferido_exclusivamente_do_prefixo_observado,,,não disponível nos PDFs
2026-2-TCC00200-SEM-TURMA,2026-2,TCC00200,segunda,16:00,18:00,321,False,,tipo_da_sala_inferido_exclusivamente_do_prefixo_observado,,,não disponível nos PDFs
2026-2-TCC00200-SEM-TURMA,2026-2,TCC00200,quarta,16:00,18:00,321,False,,tipo_da_sala_inferido_exclusivamente_do_prefixo_observado,,,não disponível nos PDFs
2026-2-TCC00330-A1,2026-2,TCC00330,sexta,18:00,22:00,321,False,,tipo_da_sala_inferido_exclusivamente_do_prefixo_observado,,,não disponível nos PDFs
2026-2-TCC00368-A1,2026-2,TCC00368,terca,20:00,22:00,217,False,,tipo_da_sala_inferido_exclusivamente_do_prefixo_observado,,,não disponível nos PDFs
2026-2-TCC00368-A1,2026-2,TCC00368,quinta,20:00,22:00,217,False,,tipo_da_sala_inferido_exclusivamente_do_prefixo_observado,,,não disponível nos PDFs
2026-2-TCC00318-A1,2026-2,TCC00318,terca,07:00,09:00,302,False,,tipo_da_sala_inferido_exclusivamente_do_prefixo_observado,,,não disponível nos PDFs
2026-2-TCC00318-A1,2026-2,TCC00318,quinta,07:00,09:00,302,False,,tipo_da_sala_inferido_exclusivamente_do_prefixo_observado,,,não disponível nos PDFs
2026-2-TCC00334-A1,2026-2,TCC00334,quarta,18:00,20:00,L302,True,laboratorio,tipo_da_sala_inferido_exclusivamente_do_prefixo_observado,,,não disponível nos PDFs
2026-2-TCC00334-A1,2026-2,TCC00334,sexta,18:00,20:00,L302,True,laboratorio,tipo_da_sala_inferido_exclusivamente_do_prefixo_observado,,,não disponível nos PDFs
2026-2-TCC00328-A1,2026-2,TCC00328,segunda,11:00,13:00,306,False,,tipo_da_sala_inferido_exclusivamente_do_prefixo_observado,,,não disponível nos PDFs
2026-2-TCC00328-A1,2026-2,TCC00328,quarta,11:00,13:00,L305,True,laboratorio,tipo_da_sala_inferido_exclusivamente_do_prefixo_observado,,,não disponível nos PDFs
2026-2-TCC00328-B1,2026-2,TCC00328,segunda,11:00,13:00,L306,True,laboratorio,tipo_da_sala_inferido_exclusivamente_do_prefixo_observado,,,não disponível nos PDFs
2026-2-TCC00328-B1,2026-2,TCC00328,quarta,11:00,13:00,L306,True,laboratorio,tipo_da_sala_inferido_exclusivamente_do_prefixo_observado,,,não disponível nos PDFs
2026-2-TCC00328-S1,2026-2,TCC00328,segunda,11:00,13:00,L304,True,laboratorio,tipo_da_sala_inferido_exclusivamente_do_prefixo_observado,,,não disponível nos PDFs
2026-2-TCC00328-S1,2026-2,TCC00328,quarta,11:00,13:00,L304,True,laboratorio,tipo_da_sala_inferido_exclusivamente_do_prefixo_observado,,,não disponível nos PDFs
2026-2-TCC00357-A1,2026-2,TCC00357,segunda,18:00,22:00,215,False,,tipo_da_sala_inferido_exclusivamente_do_prefixo_observado,,,não disponível nos PDFs
2026-2-TCC00307-A1,2026-2,TCC00307,terca,07:00,09:00,206,False,,tipo_da_sala_inferido_exclusivamente_do_prefixo_observado,,,não disponível nos PDFs
2026-2-TCC00307-A1,2026-2,TCC00307,quinta,07:00,09:00,206,False,,tipo_da_sala_inferido_exclusivamente_do_prefixo_observado,,,não disponível nos PDFs
2026-2-TCC00326-D1,2026-2,TCC00326,segunda,16:00,18:00,L302,True,laboratorio,tipo_da_sala_inferido_exclusivamente_do_prefixo_observado,,,não disponível nos PDFs
2026-2-TCC00326-D1,2026-2,TCC00326,quarta,16:00,18:00,217,False,,tipo_da_sala_inferido_exclusivamente_do_prefixo_observado,,,não disponível nos PDFs
2026-2-TCC00326-D2,2026-2,TCC00326,segunda,16:00,18:00,215,False,,tipo_da_sala_inferido_exclusivamente_do_prefixo_observado,,,não disponível nos PDFs
2026-2-TCC00326-D2,2026-2,TCC00326,quarta,16:00,18:00,215,False,,tipo_da_sala_inferido_exclusivamente_do_prefixo_observado,,,não disponível nos PDFs
2026-2-TCC00326-D3,2026-2,TCC00326,segunda,16:00,18:00,217,False,,tipo_da_sala_inferido_exclusivamente_do_prefixo_observado,,,não disponível nos PDFs
2026-2-TCC00326-D3,2026-2,TCC00326,quarta,16:00,18:00,L304,True,laboratorio,tipo_da_sala_inferido_exclusivamente_do_prefixo_observado,,,não disponível nos PDFs
2026-2-TCC00326-E1,2026-2,TCC00326,segunda,18:00,20:00,L302,True,laboratorio,tipo_da_sala_inferido_exclusivamente_do_prefixo_observado,,,não disponível nos PDFs
2026-2-TCC00326-E1,2026-2,TCC00326,quarta,18:00,20:00,404B,False,,tipo_da_sala_inferido_exclusivamente_do_prefixo_observado,,,não disponível nos PDFs
2026-2-TCC00326-E2,2026-2,TCC00326,segunda,18:00,20:00,202,False,,tipo_da_sala_inferido_exclusivamente_do_prefixo_observado,,,não disponível nos PDFs
2026-2-TCC00326-E2,2026-2,TCC00326,quarta,18:00,20:00,L304,True,laboratorio,tipo_da_sala_inferido_exclusivamente_do_prefixo_observado,,,não disponível nos PDFs
2026-2-TCC00326-F1,2026-2,TCC00326,terca,09:00,11:00,317,False,,tipo_da_sala_inferido_exclusivamente_do_prefixo_observado,,,não disponível nos PDFs
2026-2-TCC00326-F1,2026-2,TCC00326,quinta,09:00,11:00,L304,True,laboratorio,tipo_da_sala_inferido_exclusivamente_do_prefixo_observado,,,não disponível nos PDFs
2026-2-TCC00326-F2,2026-2,TCC00326,terca,09:00,11:00,306,False,,tipo_da_sala_inferido_exclusivamente_do_prefixo_observado,,,não disponível nos PDFs
2026-2-TCC00326-F2,2026-2,TCC00326,quinta,09:00,11:00,306,False,,tipo_da_sala_inferido_exclusivamente_do_prefixo_observado,,,não disponível nos PDFs
2026-2-TCC00326-F3,2026-2,TCC00326,terca,09:00,11:00,L304,True,laboratorio,tipo_da_sala_inferido_exclusivamente_do_prefixo_observado,,,não disponível nos PDFs
2026-2-TCC00326-F3,2026-2,TCC00326,quinta,09:00,11:00,217,False,,tipo_da_sala_inferido_exclusivamente_do_prefixo_observado,,,não disponível nos PDFs
2026-2-TCC00326-G1,2026-2,TCC00326,terca,11:00,13:00,L306,True,laboratorio,tipo_da_sala_inferido_exclusivamente_do_prefixo_observado,,,não disponível nos PDFs
2026-2-TCC00326-G1,2026-2,TCC00326,quinta,11:00,13:00,202,False,,tipo_da_sala_inferido_exclusivamente_do_prefixo_observado,,,não disponível nos PDFs
2026-2-TCC00326-G2,2026-2,TCC00326,terca,11:00,13:00,308,False,,tipo_da_sala_inferido_exclusivamente_do_prefixo_observado,,,não disponível nos PDFs
2026-2-TCC00326-G2,2026-2,TCC00326,quinta,11:00,13:00,308,False,,tipo_da_sala_inferido_exclusivamente_do_prefixo_observado,,,não disponível nos PDFs
2026-2-TCC00326-G3,2026-2,TCC00326,terca,11:00,13:00,215,False,,tipo_da_sala_inferido_exclusivamente_do_prefixo_observado,,,não disponível nos PDFs
2026-2-TCC00326-G3,2026-2,TCC00326,quinta,11:00,13:00,L302,True,laboratorio,tipo_da_sala_inferido_exclusivamente_do_prefixo_observado,,,não disponível nos PDFs
2026-2-TCC00326-H1,2026-2,TCC00326,terca,14:00,16:00,L306,True,laboratorio,tipo_da_sala_inferido_exclusivamente_do_prefixo_observado,,,não disponível nos PDFs
2026-2-TCC00326-H1,2026-2,TCC00326,quinta,14:00,16:00,302,False,,tipo_da_sala_inferido_exclusivamente_do_prefixo_observado,,,não disponível nos PDFs
2026-2-TCC00326-H3,2026-2,TCC00326,terca,14:00,16:00,L302,True,laboratorio,tipo_da_sala_inferido_exclusivamente_do_prefixo_observado,,,não disponível nos PDFs
2026-2-TCC00326-H3,2026-2,TCC00326,quinta,14:00,16:00,308,False,,tipo_da_sala_inferido_exclusivamente_do_prefixo_observado,,,não disponível nos PDFs
2026-2-TCC00326-J1,2026-2,TCC00326,terca,16:00,18:00,202,False,,tipo_da_sala_inferido_exclusivamente_do_prefixo_observado,,,não disponível nos PDFs
2026-2-TCC00326-J1,2026-2,TCC00326,quinta,16:00,18:00,L302,True,laboratorio,tipo_da_sala_inferido_exclusivamente_do_prefixo_observado,,,não disponível nos PDFs
2026-2-TCC00326-J2,2026-2,TCC00326,terca,16:00,18:00,L304,True,laboratorio,tipo_da_sala_inferido_exclusivamente_do_prefixo_observado,,,não disponível nos PDFs
2026-2-TCC00326-J2,2026-2,TCC00326,quinta,16:00,18:00,L304,True,laboratorio,tipo_da_sala_inferido_exclusivamente_do_prefixo_observado,,,não disponível nos PDFs
2026-2-TCC00326-J3,2026-2,TCC00326,terca,16:00,18:00,204,False,,tipo_da_sala_inferido_exclusivamente_do_prefixo_observado,,,não disponível nos PDFs
2026-2-TCC00326-J3,2026-2,TCC00326,quinta,16:00,18:00,204,False,,tipo_da_sala_inferido_exclusivamente_do_prefixo_observado,,,não disponível nos PDFs
2026-2-TCC00308-A1,2026-2,TCC00308,segunda,16:00,18:00,302,False,,tipo_da_sala_inferido_exclusivamente_do_prefixo_observado,,,não disponível nos PDFs
2026-2-TCC00308-A1,2026-2,TCC00308,quarta,16:00,18:00,302,False,,tipo_da_sala_inferido_exclusivamente_do_prefixo_observado,,,não disponível nos PDFs
2026-2-TCC00366-A1,2026-2,TCC00366,segunda,18:00,20:00,306,False,,tipo_da_sala_inferido_exclusivamente_do_prefixo_observado,,,não disponível nos PDFs
2026-2-TCC00366-A1,2026-2,TCC00366,quarta,18:00,20:00,L306,True,laboratorio,tipo_da_sala_inferido_exclusivamente_do_prefixo_observado,,,não disponível nos PDFs
2026-2-TCC00308-B1,2026-2,TCC00308,segunda,16:00,18:00,308,False,,tipo_da_sala_inferido_exclusivamente_do_prefixo_observado,,,não disponível nos PDFs
2026-2-TCC00308-B1,2026-2,TCC00308,quarta,16:00,18:00,L306,True,laboratorio,tipo_da_sala_inferido_exclusivamente_do_prefixo_observado,,,não disponível nos PDFs
2026-2-TCC00366-B1,2026-2,TCC00366,segunda,18:00,20:00,308,False,,tipo_da_sala_inferido_exclusivamente_do_prefixo_observado,,,não disponível nos PDFs
2026-2-TCC00366-B1,2026-2,TCC00366,quarta,18:00,20:00,308,False,,tipo_da_sala_inferido_exclusivamente_do_prefixo_observado,,,não disponível nos PDFs
2026-2-TCC00356-A1,2026-2,TCC00356,segunda,20:00,22:00,L303,True,laboratorio,tipo_da_sala_inferido_exclusivamente_do_prefixo_observado,,,não disponível nos PDFs
2026-2-TCC00356-A1,2026-2,TCC00356,quarta,20:00,22:00,317,False,,tipo_da_sala_inferido_exclusivamente_do_prefixo_observado,,,não disponível nos PDFs
2026-2-TCC00356-B1,2026-2,TCC00356,segunda,18:00,20:00,L303,True,laboratorio,tipo_da_sala_inferido_exclusivamente_do_prefixo_observado,,,não disponível nos PDFs
2026-2-TCC00356-B1,2026-2,TCC00356,quarta,18:00,20:00,317,False,,tipo_da_sala_inferido_exclusivamente_do_prefixo_observado,,,não disponível nos PDFs
2026-2-TCC00347-A1,2026-2,TCC00347,terca,09:00,11:00,L306,True,laboratorio,tipo_da_sala_inferido_exclusivamente_do_prefixo_observado,,,não disponível nos PDFs
2026-2-TCC00347-A1,2026-2,TCC00347,quinta,09:00,11:00,202,False,,tipo_da_sala_inferido_exclusivamente_do_prefixo_observado,,,não disponível nos PDFs
2026-2-TCC00347-B1,2026-2,TCC00347,terca,14:00,16:00,L305,True,laboratorio,tipo_da_sala_inferido_exclusivamente_do_prefixo_observado,,,não disponível nos PDFs
2026-2-TCC00347-B1,2026-2,TCC00347,quinta,14:00,16:00,404B,False,,tipo_da_sala_inferido_exclusivamente_do_prefixo_observado,,,não disponível nos PDFs
2026-2-TCC00196-SEM-TURMA,2026-2,TCC00196,sexta,14:00,18:00,206,False,,tipo_da_sala_inferido_exclusivamente_do_prefixo_observado,,,não disponível nos PDFs
2026-2-TCC00335-A1,2026-2,TCC00335,segunda,20:00,22:00,321,False,,tipo_da_sala_inferido_exclusivamente_do_prefixo_observado,,,não disponível nos PDFs
2026-2-TCC00335-A1,2026-2,TCC00335,quarta,20:00,22:00,321,False,,tipo_da_sala_inferido_exclusivamente_do_prefixo_observado,,,não disponível nos PDFs
2026-2-TCC00312-A1,2026-2,TCC00312,segunda,11:00,13:00,213,False,,tipo_da_sala_inferido_exclusivamente_do_prefixo_observado,,,não disponível nos PDFs
2026-2-TCC00312-A1,2026-2,TCC00312,quarta,11:00,13:00,213,False,,tipo_da_sala_inferido_exclusivamente_do_prefixo_observado,,,não disponível nos PDFs
2026-2-TCC00338-A1,2026-2,TCC00338,terca,20:00,22:00,202,False,,tipo_da_sala_inferido_exclusivamente_do_prefixo_observado,,,não disponível nos PDFs
2026-2-TCC00338-A1,2026-2,TCC00338,quinta,20:00,22:00,202,False,,tipo_da_sala_inferido_exclusivamente_do_prefixo_observado,,,não disponível nos PDFs
2026-2-TCC00365-A1,2026-2,TCC00365,segunda,18:00,20:00,L304,True,laboratorio,tipo_da_sala_inferido_exclusivamente_do_prefixo_observado,,,não disponível nos PDFs
2026-2-TCC00365-A1,2026-2,TCC00365,quarta,18:00,20:00,302,False,,tipo_da_sala_inferido_exclusivamente_do_prefixo_observado,,,não disponível nos PDFs
2026-2-TCC00359-A1,2026-2,TCC00359,quarta,20:00,22:00,215,False,,tipo_da_sala_inferido_exclusivamente_do_prefixo_observado,,,não disponível nos PDFs
2026-2-TCC00359-A1,2026-2,TCC00359,sexta,20:00,22:00,215,False,,tipo_da_sala_inferido_exclusivamente_do_prefixo_observado,,,não disponível nos PDFs
2026-2-TCC00313-A1,2026-2,TCC00313,terca,09:00,11:00,404B,False,,tipo_da_sala_inferido_exclusivamente_do_prefixo_observado,,,não disponível nos PDFs
2026-2-TCC00313-A1,2026-2,TCC00313,quinta,09:00,11:00,404B,False,,tipo_da_sala_inferido_exclusivamente_do_prefixo_observado,,,não disponível nos PDFs
2026-2-TCC00314-A1,2026-2,TCC00314,terca,11:00,13:00,404B,False,,tipo_da_sala_inferido_exclusivamente_do_prefixo_observado,,,não disponível nos PDFs
2026-2-TCC00314-A1,2026-2,TCC00314,quinta,11:00,13:00,404B,False,,tipo_da_sala_inferido_exclusivamente_do_prefixo_observado,,,não disponível nos PDFs
2026-2-SEM-CODIGO-006-SEM-TURMA,2026-2,,quinta,18:00,22:00,206,False,,tipo_da_sala_inferido_exclusivamente_do_prefixo_observado,,,não disponível nos PDFs
2026-2-TCC00341-A1,2026-2,TCC00341,segunda,20:00,22:00,206,False,,tipo_da_sala_inferido_exclusivamente_do_prefixo_observado,,,não disponível nos PDFs
2026-2-TCC00341-A1,2026-2,TCC00341,quarta,20:00,22:00,206,False,,tipo_da_sala_inferido_exclusivamente_do_prefixo_observado,,,não disponível nos PDFs
2026-2-TCC00358-A1,2026-2,TCC00358,quinta,18:00,22:00,319,False,,tipo_da_sala_inferido_exclusivamente_do_prefixo_observado,,,não disponível nos PDFs
2026-2-TCC00358-B1,2026-2,TCC00358,quinta,18:00,22:00,306,False,,tipo_da_sala_inferido_exclusivamente_do_prefixo_observado,,,não disponível nos PDFs
2026-2-TCC00315-A1,2026-2,TCC00315,terca,09:00,11:00,215,False,,tipo_da_sala_inferido_exclusivamente_do_prefixo_observado,,,não disponível nos PDFs
2026-2-TCC00315-A1,2026-2,TCC00315,quinta,09:00,11:00,215,False,,tipo_da_sala_inferido_exclusivamente_do_prefixo_observado,,,não disponível nos PDFs
2026-2-SEM-CODIGO-007-SEM-TURMA,2026-2,,quarta,09:00,13:00,306,False,,tipo_da_sala_inferido_exclusivamente_do_prefixo_observado,,,não disponível nos PDFs
2026-2-TCC00362-A1,2026-2,TCC00362,terca,18:00,22:00,204,False,,tipo_da_sala_inferido_exclusivamente_do_prefixo_observado,,,não disponível nos PDFs
2026-2-TCC00316-A1,2026-2,TCC00316,terca,11:00,13:00,321,False,,tipo_da_sala_inferido_exclusivamente_do_prefixo_observado,,,não disponível nos PDFs
2026-2-TCC00316-A1,2026-2,TCC00316,quinta,11:00,13:00,321,False,,tipo_da_sala_inferido_exclusivamente_do_prefixo_observado,,,não disponível nos PDFs
2026-2-SEM-CODIGO-008-SEM-TURMA,2026-2,,terca,18:00,20:00,202,False,,tipo_da_sala_inferido_exclusivamente_do_prefixo_observado,,,não disponível nos PDFs
2026-2-SEM-CODIGO-008-SEM-TURMA,2026-2,,quinta,18:00,20:00,202,False,,tipo_da_sala_inferido_exclusivamente_do_prefixo_observado,,,não disponível nos PDFs
2026-2-SEM-CODIGO-009-SEM-TURMA,2026-2,,terca,09:00,11:00,213,False,,tipo_da_sala_inferido_exclusivamente_do_prefixo_observado,,,não disponível nos PDFs
2026-2-SEM-CODIGO-009-SEM-TURMA,2026-2,,quinta,09:00,11:00,213,False,,tipo_da_sala_inferido_exclusivamente_do_prefixo_observado,,,não disponível nos PDFs
2026-2-TCC00234-SEM-TURMA,2026-2,TCC00234,segunda,09:00,11:00,302,False,,tipo_da_sala_inferido_exclusivamente_do_prefixo_observado,,,não disponível nos PDFs
2026-2-TCC00234-SEM-TURMA,2026-2,TCC00234,quarta,09:00,11:00,302,False,,tipo_da_sala_inferido_exclusivamente_do_prefixo_observado,,,não disponível nos PDFs
2026-2-TCC00237-A1,2026-2,TCC00237,segunda,18:00,20:00,L305,True,laboratorio,tipo_da_sala_inferido_exclusivamente_do_prefixo_observado,,,não disponível nos PDFs
2026-2-TCC00237-A1,2026-2,TCC00237,quarta,18:00,20:00,L305,True,laboratorio,tipo_da_sala_inferido_exclusivamente_do_prefixo_observado,,,não disponível nos PDFs
2026-2-TCC00245-SEM-TURMA,2026-2,TCC00245,segunda,18:00,20:00,217,False,,tipo_da_sala_inferido_exclusivamente_do_prefixo_observado,,,não disponível nos PDFs
2026-2-TCC00245-SEM-TURMA,2026-2,TCC00245,sexta,20:00,22:00,217,False,,tipo_da_sala_inferido_exclusivamente_do_prefixo_observado,,,não disponível nos PDFs
2026-2-TCC00241-A1,2026-2,TCC00241,terca,18:00,20:00,217,False,,tipo_da_sala_inferido_exclusivamente_do_prefixo_observado,,,não disponível nos PDFs
2026-2-TCC00241-A1,2026-2,TCC00241,quinta,18:00,20:00,217,False,,tipo_da_sala_inferido_exclusivamente_do_prefixo_observado,,,não disponível nos PDFs
2026-2-TCC00242-SEM-TURMA,2026-2,TCC00242,segunda,11:00,13:00,313,False,,tipo_da_sala_inferido_exclusivamente_do_prefixo_observado,,,não disponível nos PDFs
2026-2-TCC00242-SEM-TURMA,2026-2,TCC00242,quarta,11:00,13:00,313,False,,tipo_da_sala_inferido_exclusivamente_do_prefixo_observado,,,não disponível nos PDFs
2026-2-TCC00243-SEM-TURMA,2026-2,TCC00243,terca,09:00,11:00,304,False,,tipo_da_sala_inferido_exclusivamente_do_prefixo_observado,,,não disponível nos PDFs
2026-2-TCC00243-SEM-TURMA,2026-2,TCC00243,quinta,09:00,11:00,304,False,,tipo_da_sala_inferido_exclusivamente_do_prefixo_observado,,,não disponível nos PDFs
2026-2-TCC00252-SEM-TURMA,2026-2,TCC00252,segunda,16:00,18:00,204,False,,tipo_da_sala_inferido_exclusivamente_do_prefixo_observado,,,não disponível nos PDFs
2026-2-TCC00252-SEM-TURMA,2026-2,TCC00252,quarta,16:00,18:00,302,False,,tipo_da_sala_inferido_exclusivamente_do_prefixo_observado,,,não disponível nos PDFs
2026-2-TCC00259-SEM-TURMA,2026-2,TCC00259,segunda,16:00,18:00,313,False,,tipo_da_sala_inferido_exclusivamente_do_prefixo_observado,,,não disponível nos PDFs
2026-2-TCC00259-SEM-TURMA,2026-2,TCC00259,quarta,16:00,18:00,313,False,,tipo_da_sala_inferido_exclusivamente_do_prefixo_observado,,,não disponível nos PDFs
2026-2-TCC00367-SEM-TURMA,2026-2,TCC00367,sexta,14:00,18:00,321,False,,tipo_da_sala_inferido_exclusivamente_do_prefixo_observado,,,não disponível nos PDFs
2026-2-TCC00271-SEM-TURMA,2026-2,TCC00271,segunda,16:00,18:00,404B,False,,tipo_da_sala_inferido_exclusivamente_do_prefixo_observado,,,não disponível nos PDFs
2026-2-TCC00271-SEM-TURMA,2026-2,TCC00271,quarta,16:00,18:00,404B,False,,tipo_da_sala_inferido_exclusivamente_do_prefixo_observado,,,não disponível nos PDFs
2026-2-TIC10005-SEM-TURMA,2026-2,TIC10005,terca,11:00,13:00,317,False,,tipo_da_sala_inferido_exclusivamente_do_prefixo_observado,,,não disponível nos PDFs
2026-2-TIC10005-SEM-TURMA,2026-2,TIC10005,quinta,11:00,13:00,317,False,,tipo_da_sala_inferido_exclusivamente_do_prefixo_observado,,,não disponível nos PDFs
2026-2-TCC00360-A1,2026-2,TCC00360,segunda,18:00,20:00,319,False,,tipo_da_sala_inferido_exclusivamente_do_prefixo_observado,,,não disponível nos PDFs
2026-2-TCC00360-A1,2026-2,TCC00360,quarta,18:00,20:00,319,False,,tipo_da_sala_inferido_exclusivamente_do_prefixo_observado,,,não disponível nos PDFs
