turma_id,semestre,codigo,disciplina,turma,origem,horario_observado,dias_observados,horario_fixo,fonte,validado
2026-1-CGI00004-A1,2026-1,CGI00004,SEMINÁRIOS EM SISTEMAS DE INFORMAÇÃO,A1,externa,sexta 18:00-22:00,sexta,,externa; turmas_2026_cc_si.csv,
2026-1-TCC00195-A1,2026-1,TCC00195,METAHEURÍSTICAS Pós: Inteligência Computacional,A1,IC,terca 11:00-13:00; quinta 11:00-13:00,quinta;terca,,ic; turmas_2026_cc_si.csv,
2026-1-TCC00205-A1,2026-1,TCC00205,LINGUAGENS DE PROGRAMAÇÃO EM LÓGICA Pós: Lógica,A1,IC,quarta 16:00-20:00,quarta,,ic; turmas_2026_cc_si.csv,
2026-1-TCC00222-A1,2026-1,TCC00222,COMPUTAÇÃO E SOCIEDADE PARA SI,A1,IC,quinta 18:00-22:00,quinta,,ic; turmas_2026_cc_si.csv,
2026-1-TCC00225-A1,2026-1,TCC00225,ENGENHARIA DE SOFTWARE,A1,IC,terca 18:00-20:00; quinta 18:00-20:00,quinta;terca,,ic; turmas_2026_cc_si.csv,
2026-1-TCC00226-A1,2026-1,TCC00226,DESENVOLVIMENTO WEB,A1,IC,segunda 09:00-11:00; quarta 09:00-11:00,quarta;segunda,,ic; turmas_2026_cc_si.csv,
2026-1-TCC00230-A1,2026-1,TCC00230,TÓPICOS ESPECIAIS EM SEGURANÇA DA INFORMAÇÃO Pós: Criptografia,A1,IC,sexta 09:00-13:00,sexta,,ic; turmas_2026_cc_si.csv,
2026-1-TCC00241-A1,2026-1,TCC00241,TÓPICOS EM COMPUTAÇÃO I Pós: Visão Computacional,A1,IC,terca 14:00-16:00; quinta 14:00-16:00,quinta;terca,,ic; turmas_2026_cc_si.csv,
2026-1-TCC00242-A1,2026-1,TCC00242,TÓPICOS EM COMPUTAÇÃO II,A1,IC,terca 18:00-20:00; quinta 18:00-20:00,quinta;terca,,ic; turmas_2026_cc_si.csv,
2026-1-TCC00244-A1,2026-1,TCC00244,TÓPICOS EM BANCO DE DADOS I Pós: eScience,A1,IC,terca 07:00-09:00; quinta 07:00-09:00,quinta;terca,,ic; turmas_2026_cc_si.csv,
2026-1-TCC00250-A1,2026-1,TCC00250,TÓPICOS EM ENGENHARIA DE SOFWARE I Pós: Game Analytics,A1,IC,terca 11:00-13:00; quinta 11:00-13:00,quinta;terca,,ic; turmas_2026_cc_si.csv,
2026-1-TCC00251-A1,2026-1,TCC00251,TÓPICOS EM ENGENHARIA DE SOFWARE II Pós: Controle de Versão,A1,IC,segunda 07:00-09:00; quarta 07:00-09:00,quarta;segunda,,ic; turmas_2026_cc_si.csv,
2026-1-TCC00253-A1,2026-1,TCC00253,TÓPICOS ESPECIAIS EM SISTEMAS DE PROGRAMAÇÃO I,A1,IC,sexta 18:00-22:00,sexta,,ic; turmas_2026_cc_si.csv,
2026-1-TCC00259-A1,2026-1,TCC00259,TÓPICOS EM INTELIGÊNCIA ARTIFICIAL I Aprendizado Profundo,A1,IC,terca 14:00-16:00; quinta 14:00-16:00,quinta;terca,,ic; turmas_2026_cc_si.csv,
2026-1-TCC00260-A1,2026-1,TCC00260,TÓPICOS EM INTELIGÊNCIA ARTIFICIAL II Pós: Aprendizado de Máquina,A1,IC,terca 09:00-11:00; quinta 09:00-11:00,quinta;terca,,ic; turmas_2026_cc_si.csv,
2026-1-TCC00271-A1,2026-1,TCC00271,TÓPICOS EM LINGUAGEM DE PROGRAMAÇÃO I,A1,IC,segunda 16:00-18:00; quarta 16:00-18:00,quarta;segunda,,ic; turmas_2026_cc_si.csv,
2026-1-TCC00280-A1,2026-1,TCC00280,COMPUTAÇÃO E MEIO AMBIENTE,A1,IC,segunda 14:00-18:00,segunda,,ic; turmas_2026_cc_si.csv,
2026-1-TCC00284-A1,2026-1,TCC00284,ALGORITMOS EM GRAFOS,A1,IC,terca 07:00-09:00; quinta 07:00-09:00,quinta;terca,,ic; turmas_2026_cc_si.csv,
2026-1-TCC00285-A1,2026-1,TCC00285,ANÁLISE E PROJETO DE ALGORITMOS,A1,IC,terca 11:00-13:00; quinta 11:00-13:00,quinta;terca,,ic; turmas_2026_cc_si.csv,
2026-1-TCC00285-B1,2026-1,TCC00285,ANÁLISE E PROJETO DE ALGORITMOS,B1,IC,terca 11:00-13:00; quinta 11:00-13:00,quinta;terca,,ic; turmas_2026_cc_si.csv,
2026-1-TCC00286-A1,2026-1,TCC00286,ARQUITETURAS DE COMPUTADORES,A1,IC,terca 09:00-11:00; quinta 09:00-11:00,quinta;terca,,ic; turmas_2026_cc_si.csv,
2026-1-TCC00287-A1,2026-1,TCC00287,BANCO DE DADOS I,A1,IC,terca 07:00-09:00; quinta 07:00-09:00,quinta;terca,,ic; turmas_2026_cc_si.csv,
2026-1-TCC00288-A1,2026-1,TCC00288,BANCO DE DADOS II,A1,IC,segunda 07:00-09:00; quarta 07:00-09:00,quarta;segunda,,ic; turmas_2026_cc_si.csv,
2026-1-TCC00289-A1,2026-1,TCC00289,COMPILADORES,A1,IC,segunda 09:00-11:00; quarta 09:00-11:00,quarta;segunda,,ic; turmas_2026_cc_si.csv,
2026-1-TCC00290-A1,2026-1,TCC00290,COMPUTAÇÃO E SOCIEDADE,A1,IC,quinta 11:00-13:00,quinta,,ic; turmas_2026_cc_si.csv,
2026-1-TCC00291-A1,2026-1,TCC00291,COMPUTAÇÃO GRÁFICA,A1,IC,segunda 11:00-13:00; quarta 11:00-13:00,quarta;segunda,,ic; turmas_2026_cc_si.csv,
2026-1-TCC00292-A1,2026-1,TCC00292,ENGENHARIA DE SOFTWARE I,A1,IC,segunda 09:00-11:00; quarta 09:00-11:00,quarta;segunda,,ic; turmas_2026_cc_si.csv,
2026-1-TCC00293-A1,2026-1,TCC00293,ENGENHARIA DE SOFTWARE II,A1,IC,segunda 09:00-11:00; quarta 09:00-11:00,quarta;segunda,,ic; turmas_2026_cc_si.csv,
2026-1-TCC00296-A1,2026-1,TCC00296,FUNDAMENTOS DE ARQUITETURAS DE COMPUTADORES,A1,IC,terca 14:00-16:00; quinta 14:00-16:00,quinta;terca,,ic; turmas_2026_cc_si.csv,
2026-1-TCC00296-B1,2026-1,TCC00296,FUNDAMENTOS DE ARQUITETURAS DE COMPUTADORES,B1,IC,terca 07:00-09:00; quinta 07:00-09:00,quinta;terca,,ic; turmas_2026_cc_si.csv,
2026-1-TCC00297-A1,2026-1,TCC00297,INTELIGÊNCIA ARTIFICIAL,A1,IC,terca 07:00-09:00; quinta 07:00-09:00,quinta;terca,,ic; turmas_2026_cc_si.csv,
2026-1-TCC00298-A1,2026-1,TCC00298,INTERFACE HOMEM-MÁQUINA,A1,IC,segunda 11:00-13:00; quarta 11:00-13:00,quarta;segunda,,ic; turmas_2026_cc_si.csv,
2026-1-TCC00301-AA,2026-1,TCC00301,LABORATÓRIO DE PROGRAMAÇÃO DE JOGOS,AA,IC,terca 11:00-13:00,terca,,ic; turmas_2026_cc_si.csv,
2026-1-TCC00301-BA,2026-1,TCC00301,LABORATÓRIO DE PROGRAMAÇÃO DE JOGOS,BA,IC,quinta 11:00-13:00,quinta,,ic; turmas_2026_cc_si.csv,
2026-1-TCC00304-A1,2026-1,TCC00304,LINGUAGENS DE PROGRAMAÇÃO,A1,IC,segunda 11:00-13:00; quarta 11:00-13:00,quarta;segunda,,ic; turmas_2026_cc_si.csv,
2026-1-TCC00305-A1,2026-1,TCC00305,LINGUAGENS FORMAIS E TEORIA DA COMPUTAÇÃO,A1,IC,segunda 07:00-09:00; quarta 07:00-09:00,quarta;segunda,,ic; turmas_2026_cc_si.csv,
2026-1-TCC00306-A1,2026-1,TCC00306,MÉTODOS NUMÉRICOS,A1,IC,terca 09:00-11:00; quinta 09:00-11:00,quinta;terca,,ic; turmas_2026_cc_si.csv,
2026-1-TCC00307-B1A1,2026-1,TCC00307,PROGRAMAÇÃO CIENTÍFICA,A1,IC,terca 11:00-13:00; quinta 11:00-13:00,quinta;terca,,ic; turmas_2026_cc_si.csv,
2026-1-TCC00308-A1,2026-1,TCC00308,PROGRAMAÇÃO DE COMPUTADORES I,A1,IC,segunda 16:00-18:00; quarta 16:00-18:00,quarta;segunda,,ic; turmas_2026_cc_si.csv,
2026-1-TCC00308-B1,2026-1,TCC00308,PROGRAMAÇÃO DE COMPUTADORES I,B1,IC,segunda 16:00-18:00; quarta 16:00-18:00,quarta;segunda,,ic; turmas_2026_cc_si.csv,
2026-1-TCC00312-A1,2026-1,TCC00312,PROJETO DE SOFTWARE,A1,IC,segunda 11:00-13:00; quarta 11:00-13:00,quarta;segunda,,ic; turmas_2026_cc_si.csv,
2026-1-TCC00313-A1,2026-1,TCC00313,REDES DE COMPUTADORES I,A1,IC,terca 07:00-09:00; quinta 07:00-09:00,quinta;terca,,ic; turmas_2026_cc_si.csv,
2026-1-TCC00314-A1,2026-1,TCC00314,REDES DE COMPUTADORES II,A1,IC,terca 09:00-11:00; quinta 09:00-11:00,quinta;terca,,ic; turmas_2026_cc_si.csv,
2026-1-TCC00315-A1,2026-1,TCC00315,SISTEMAS DISTRIBUÍDOS,A1,IC,terca 11:00-13:00; quinta 11:00-13:00,quinta;terca,,ic; turmas_2026_cc_si.csv,
2026-1-TCC00316-A1,2026-1,TCC00316,SISTEMAS OPERACIONAIS,A1,IC,terca 11:00-13:00; quinta 11:00-13:00,quinta;terca,,ic; turmas_2026_cc_si.csv,
2026-1-TCC00318-A1,2026-1,TCC00318,PESQUISA OPERACIONAL,A1,IC,terca 09:00-11:00; quinta 09:00-11:00,quinta;terca,,ic; turmas_2026_cc_si.csv,
2026-1-TCC00324-A1,2026-1,TCC00324,GOVERNANÇA EM TECNOLOGIA DA INFORMAÇÃO,A1,IC,segunda 20:00-22:00; quarta 20:00-22:00,quarta;segunda,,ic; turmas_2026_cc_si.csv,
2026-1-TCC00328-A1,2026-1,TCC00328,PROGRAMAÇÃO ORIENTADA A OBJETOS,A1,IC,segunda 11:00-13:00; quarta 11:00-13:00,quarta;segunda,,ic; turmas_2026_cc_si.csv,
2026-1-TCC00328-B1,2026-1,TCC00328,PROGRAMAÇÃO ORIENTADA A OBJETOS,B1,IC,segunda 16:00-18:00; quarta 16:00-18:00,quarta;segunda,,ic; turmas_2026_cc_si.csv,
2026-1-TCC00328-C1,2026-1,TCC00328,PROGRAMAÇÃO ORIENTADA A OBJETOS,C1,IC,segunda 11:00-13:00; quarta 11:00-13:00,quarta;segunda,,ic; turmas_2026_cc_si.csv,
2026-1-TCC00330-A1,2026-1,TCC00330,MODELAGEM DE PROCESSOS DE NEGÓCIOS,A1,IC,segunda 18:00-20:00; quarta 18:00-20:00,quarta;segunda,,ic; turmas_2026_cc_si.csv,
2026-1-TCC00331-A1,2026-1,TCC00331,ESTRUTURAS DE DADOS PARA SI,A1,IC,segunda 18:00-20:00; quarta 18:00-20:00,quarta;segunda,,ic; turmas_2026_cc_si.csv,
2026-1-TCC00331-B1,2026-1,TCC00331,ESTRUTURAS DE DADOS PARA SI,B1,IC,segunda 18:00-20:00; quarta 18:00-20:00,quarta;segunda,,ic; turmas_2026_cc_si.csv,
2026-1-TCC00332-A1,2026-1,TCC00332,FUNDAMENTOS DE SISTEMAS DE INFORMAÇÃO,A1,IC,terca 18:00-20:00; quinta 18:00-20:00,quinta;terca,,ic; turmas_2026_cc_si.csv,
2026-1-TCC00332-B1,2026-1,TCC00332,FUNDAMENTOS DE SISTEMAS DE INFORMAÇÃO,B1,IC,terca 20:00-22:00; quinta 20:00-22:00,quinta;terca,,ic; turmas_2026_cc_si.csv,
2026-1-TCC00334-A1,2026-1,TCC00334,PRINCÍPIOS DE BANCO DE DADOS,A1,IC,segunda 18:00-20:00; quarta 18:00-20:00,quarta;segunda,,ic; turmas_2026_cc_si.csv,
2026-1-TCC00335-A1,2026-1,TCC00335,PROJETO DE BANCO DE DADOS PARA SI,A1,IC,terca 20:00-22:00; quinta 20:00-22:00,quinta;terca,,ic; turmas_2026_cc_si.csv,
2026-1-TCC00336-A1,2026-1,TCC00336,BANCOS DE DADOS NÃO CONVENCIONAIS,A1,IC,segunda 20:00-22:00; quarta 20:00-22:00,quarta;segunda,,ic; turmas_2026_cc_si.csv,
2026-1-TCC00336-Z1,2026-1,TCC00336,BANCOS DE DADOS NÃO CONVENCIONAIS,Z1,IC,terca 18:00-20:00; quinta 18:00-20:00,quinta;terca,,ic; turmas_2026_cc_si.csv,
2026-1-TCC00337-A1,2026-1,TCC00337,INTRODUÇÃO A INTERAÇÃO HUMANO-COMPUTADOR,A1,IC,segunda 18:00-20:00; quarta 18:00-20:00,quarta;segunda,,ic; turmas_2026_cc_si.csv,
2026-1-TCC00338-A1,2026-1,TCC00338,PROJETO DE SOFTWARE,A1,IC,terca 18:00-20:00; quinta 18:00-20:00,quinta;terca,,ic; turmas_2026_cc_si.csv,
2026-1-TCC00341-A1,2026-1,TCC00341,SEGURANÇA DA INFORMAÇÃO,A1,IC,segunda 20:00-22:00; quarta 20:00-22:00,quarta;segunda,,ic; turmas_2026_cc_si.csv,
2026-1-TCC00344-AA,2026-1,TCC00344,LABORATÓRIO DE PROGRAMAÇÃO PARALELA I,AA,IC,segunda 07:00-09:00; quarta 07:00-09:00,quarta;segunda,,ic; turmas_2026_cc_si.csv,
2026-1-TCC00346-AA,2026-1,TCC00346,LABORATÓRIO DE RESOLUÇÃO DE PROBLEMAS,AA,IC,terca 16:00-18:00,terca,,ic; turmas_2026_cc_si.csv,
2026-1-TCC00346-BA,2026-1,TCC00346,LABORATÓRIO DE RESOLUÇÃO DE PROBLEMAS,BA,IC,quinta 16:00-18:00,quinta,,ic; turmas_2026_cc_si.csv,
2026-1-TCC00347-A1,2026-1,TCC00347,PROGRAMAÇÃO ESTRUTURADA,A1,IC,terca 09:00-11:00; quinta 09:00-11:00,quinta;terca,,ic; turmas_2026_cc_si.csv,
2026-1-TCC00347-B1,2026-1,TCC00347,PROGRAMAÇÃO ESTRUTURADA,B1,IC,terca 09:00-11:00; quinta 09:00-11:00,quinta;terca,,ic; turmas_2026_cc_si.csv,
2026-1-TCC00347-X1,2026-1,TCC00347,PROGRAMAÇÃO ESTRUTURADA,X1,IC,terca 09:00-11:00; quinta 09:00-11:00,quinta;terca,,ic; turmas_2026_cc_si.csv,
2026-1-TCC00348-A1,2026-1,TCC00348,ESTRUTURAS DE DADOS E SEUS ALGORITMOS,A1,IC,terca 11:00-13:00; quinta 11:00-13:00,quinta;terca,,ic; turmas_2026_cc_si.csv,
2026-1-TCC00348-B1,2026-1,TCC00348,ESTRUTURAS DE DADOS E SEUS ALGORITMOS,B1,IC,terca 11:00-13:00; quinta 11:00-13:00,quinta;terca,,ic; turmas_2026_cc_si.csv,
2026-1-TCC00349-A1,2026-1,TCC00349,AVALIAÇÃO DE DESEMPENHO,A1,IC,terca 09:00-11:00; quinta 09:00-11:00,quinta;terca,,ic; turmas_2026_cc_si.csv,
2026-1-TCC00354-A1,2026-1,TCC00354,FUNDAMENTOS MATEMÁTICOS PARA COMP.,A1,IC,terca 18:00-20:00; quinta 18:00-20:00,quinta;terca,,ic; turmas_2026_cc_si.csv,
2026-1-TCC00354-B1,2026-1,TCC00354,FUNDAMENTOS MATEMÁTICOS PARA COMP.,B1,IC,terca 20:00-22:00; quinta 20:00-22:00,quinta;terca,,ic; turmas_2026_cc_si.csv,
2026-1-TCC00355-EA,2026-1,TCC00355,LABORATÓRIO DE RESOLUÇÃO DE PROBLEMAS,EA,IC,segunda 20:00-22:00; quarta 20:00-22:00,quarta;segunda,,ic; turmas_2026_cc_si.csv,
2026-1-TCC00355-FA,2026-1,TCC00355,LABORATÓRIO DE RESOLUÇÃO DE PROBLEMAS,FA,IC,segunda 20:00-22:00; quarta 20:00-22:00,quarta;segunda,,ic; turmas_2026_cc_si.csv,
2026-1-TCC00356-A1,2026-1,TCC00356,PROGRAMAÇÃO DE COMPUTADORES II,A1,IC,segunda 18:00-20:00; quarta 18:00-20:00,quarta;segunda,,ic; turmas_2026_cc_si.csv,
2026-1-TCC00356-B1,2026-1,TCC00356,PROGRAMAÇÃO DE COMPUTADORES II,B1,IC,segunda 20:00-22:00; quarta 20:00-22:00,quarta;segunda,,ic; turmas_2026_cc_si.csv,
2026-1-TCC00357-A1,2026-1,TCC00357,PROGRAMAÇÃO ORIENTADA A OBJETOS I,A1,IC,sexta 18:00-22:00,sexta,,ic; turmas_2026_cc_si.csv,
2026-1-TCC00358-A1,2026-1,TCC00358,SISTEMAS COMPUTACIONAIS,A1,IC,quinta 18:00-22:00,quinta,,ic; turmas_2026_cc_si.csv,
2026-1-TCC00358-B1,2026-1,TCC00358,SISTEMAS COMPUTACIONAIS,B1,IC,quinta 18:00-22:00,quinta,,ic; turmas_2026_cc_si.csv,
2026-1-TCC00359-A1,2026-1,TCC00359,REDES DE COMPUTADORES,A1,IC,segunda 20:00-22:00; quarta 20:00-22:00,quarta;segunda,,ic; turmas_2026_cc_si.csv,
2026-1-TCC00359-Z1,2026-1,TCC00359,REDES DE COMPUTADORES,Z1,IC,terca 14:00-16:00; quinta 14:00-16:00,quinta;terca,,ic; turmas_2026_cc_si.csv,
2026-1-TCC00360-A1,2026-1,TCC00360,VISUALIZAÇÃO DE DADOS,A1,IC,segunda 18:00-20:00; quarta 18:00-20:00,quarta;segunda,,ic; turmas_2026_cc_si.csv,
2026-1-TCC00361-A1,2026-1,TCC00361,INTRODUÇÃO AO DESENVOLVIMENTO WEB,A1,IC,terca 20:00-22:00; quinta 20:00-22:00,quinta;terca,,ic; turmas_2026_cc_si.csv,
2026-1-TCC00362-A1,2026-1,TCC00362,SISTEMAS DISTRIBUÍDOS PARA SISTEMAS DE INFORMAÇÃO,A1,IC,segunda 20:00-22:00; quarta 20:00-22:00,quarta;segunda,,ic; turmas_2026_cc_si.csv,
2026-1-TCC00363-A1,2026-1,TCC00363,GERÊNCIA DE PROJETOS E MANUT DE SOFTWARE,A1,IC,terca 20:00-22:00; quinta 20:00-22:00,quinta;terca,,ic; turmas_2026_cc_si.csv,
2026-1-TCC00365-A1,2026-1,TCC00365,QUALIDADE E TESTE DE SOFTWARE,A1,IC,segunda 18:00-20:00; quarta 18:00-20:00,quarta;segunda,,ic; turmas_2026_cc_si.csv,
2026-1-TCC00366-A1,2026-1,TCC00366,PROGRAMAÇÃO DE COMPUTADORES I,A1,IC,segunda 18:00-20:00; quarta 18:00-20:00,quarta;segunda,,ic; turmas_2026_cc_si.csv,
2026-1-TCC00366-B1,2026-1,TCC00366,PROGRAMAÇÃO DE COMPUTADORES I,B1,IC,segunda 18:00-20:00; quarta 18:00-20:00,quarta;segunda,,ic; turmas_2026_cc_si.csv,
2026-1-TCC00368-A1,2026-1,TCC00368,PESQUISA OPERACIONAL PARA SISTEMAS DE INFORMAÇÃO,A1,IC,sexta 18:00-22:00,sexta,,ic; turmas_2026_cc_si.csv,
2026-1-TCC00371-A1,2026-1,TCC00371,ÉTICA EM INT. ARTIFICIAL E CIÊNCIA DE DADOS,A1,IC,terca 09:00-11:00; quinta 09:00-11:00,quinta;terca,,ic; turmas_2026_cc_si.csv,
2026-2-TCC00194-SEM-TURMA,2026-2,TCC00194,BIOLOGIA COMPUTACIONAL (OPTATIVA),A1,IC,terca 16:00-18:00; quinta 16:00-18:00,quinta;terca,,ic; turmas_2026_cc_si.csv,
2026-2-TCC00196-SEM-TURMA,2026-2,TCC00196,PROGRAMAÇÃO LINEAR INTEIRA - OTIMIZAÇÃO COMBINATÓRIA (GRAD. E PÓS),A1,IC,sexta 14:00-18:00,sexta,,ic; turmas_2026_cc_si.csv,
2026-2-TCC00200-SEM-TURMA,2026-2,TCC00200,MINERAÇÃO DE DADOS (GRAD. E PÓS),A1,IC,segunda 16:00-18:00; quarta 16:00-18:00,quarta;segunda,,ic; turmas_2026_cc_si.csv,
2026-2-TCC00203-SEM-TURMA,2026-2,TCC00203,ANÁLISE / PROCESSAMENTO DE IMAGENS (GRAD. E PÓS),A1,IC,segunda 14:00-18:00,segunda,,ic; turmas_2026_cc_si.csv,
2026-2-TCC00222-A1,2026-2,TCC00222,COMPUTAÇÃO E SOCIEDADE PARA SI,A1,IC,quinta 18:00-22:00,quinta,,ic; turmas_2026_cc_si.csv,
2026-2-TCC00225-A1,2026-2,TCC00225,ENGENHARIA DE SOFTWARE,A1,IC,segunda 18:00-20:00; quarta 18:00-20:00,quarta;segunda,,ic; turmas_2026_cc_si.csv,
2026-2-TCC00226-A1,2026-2,TCC00226,DESENVOLVIMENTO WEB,A1,IC,segunda 09:00-11:00; quarta 09:00-11:00,quarta;segunda,,ic; turmas_2026_cc_si.csv,
2026-2-TCC00234-SEM-TURMA,2026-2,TCC00234,TÓPICOS EM ARQUITETURAS DE COMPUTADORES I (GRAD. E PÓS),A1,IC,segunda 09:00-11:00; quarta 09:00-11:00,quarta;segunda,,ic; turmas_2026_cc_si.csv,
2026-2-TCC00237-A1,2026-2,TCC00237,TÓPICOS EM AUTOMAÇÃO I - ROBÓTICA E VEÍCULOS AUTÔNOMOS (GRAD. E PÓS),A1,IC,segunda 18:00-20:00; quarta 18:00-20:00,quarta;segunda,,ic; turmas_2026_cc_si.csv,
2026-2-TCC00241-A1,2026-2,TCC00241,TÓPICOS EM COMPUTAÇÃO I - GRAFOS E SUAS APLICAÇÕES,A1,IC,terca 18:00-20:00; quinta 18:00-20:00,quinta;terca,,ic; turmas_2026_cc_si.csv,
2026-2-TCC00242-SEM-TURMA,2026-2,TCC00242,TÓPICOS EM COMPUTAÇÃO II - ÁLGEBRA LINEAR COMPUTACIONAL (GRAD. E PÓS),A1,IC,segunda 11:00-13:00; quarta 11:00-13:00,quarta;segunda,,ic; turmas_2026_cc_si.csv,
2026-2-TCC00243-SEM-TURMA,2026-2,TCC00243,TÓPICOS EM COMPUTAÇÃO III - ALGORITMOS E COMPLEXIDADE DE PROBLEMAS (GRAD. E PÓS),A1,IC,terca 09:00-11:00; quinta 09:00-11:00,quinta;terca,,ic; turmas_2026_cc_si.csv,
2026-2-TCC00245-SEM-TURMA,2026-2,TCC00245,TÓPICOS EM BANCO DE DADOS II - RASTREABILIDADE E GOVERNANÇA DE DADOS (GRAD. E PÓS),A1,IC,segunda 18:00-20:00; sexta 20:00-22:00,segunda;sexta,,ic; turmas_2026_cc_si.csv,
2026-2-TCC00252-SEM-TURMA,2026-2,TCC00252,TÓPICOS EM ENG DE SOFTWARE III - IA GENERATIVA (GRAD. E PÓS),A1,IC,segunda 16:00-18:00; quarta 16:00-18:00,quarta;segunda,,ic; turmas_2026_cc_si.csv,
2026-2-TCC00259-SEM-TURMA,2026-2,TCC00259,TÓPICOS EM IA I - APRENDIZADO PROFUNDO (GRAD. E PÓS),A1,IC,segunda 16:00-18:00; quarta 16:00-18:00,quarta;segunda,,ic; turmas_2026_cc_si.csv,
2026-2-TCC00265-SEM-TURMA,2026-2,TCC00265,TÓPICOS EM INTERFACE HOMEM MÁQUINA (GRAD. E PÓS),A1,IC,segunda 16:00-18:00; quarta 16:00-18:00,quarta;segunda,,ic; turmas_2026_cc_si.csv,
2026-2-TCC00271-SEM-TURMA,2026-2,TCC00271,TÓPICOSS EM LINGUAGEM DE PROGRAMAÇÃO I - LÓGICA NEBULOSA (GRAD. E PÓS),A1,IC,segunda 16:00-18:00; quarta 16:00-18:00,quarta;segunda,,ic; turmas_2026_cc_si.csv,
2026-2-TCC00284-A1,2026-2,TCC00284,ALGORITMOS EM GRAFOS,A1,IC,terca 09:00-11:00; quinta 09:00-11:00,quinta;terca,,ic; turmas_2026_cc_si.csv,
2026-2-TCC00285-A1,2026-2,TCC00285,ANÁLISE E PROJETO DE ALGORITMOS,A1,IC,terca 11:00-13:00; quinta 11:00-13:00,quinta;terca,,ic; turmas_2026_cc_si.csv,
2026-2-TCC00285-X1,2026-2,TCC00285,ANÁLISE E PROJETO DE ALGORITMOS,X1,IC,terca 11:00-13:00; quinta 11:00-13:00,quinta;terca,,ic; turmas_2026_cc_si.csv,
2026-2-TCC00286-A1,2026-2,TCC00286,ARQUITETURAS DE COMPUTADORES,A1,IC,terca 09:00-11:00; quinta 09:00-11:00,quinta;terca,,ic; turmas_2026_cc_si.csv,
2026-2-TCC00286-B1,2026-2,TCC00286,ARQUITETURAS DE COMPUTADORES,B1,IC,terca 09:00-11:00; quinta 09:00-11:00,quinta;terca,,ic; turmas_2026_cc_si.csv,
2026-2-TCC00287-A1,2026-2,TCC00287,BANCO DE DADOS I,A1,IC,terca 07:00-09:00; quinta 07:00-09:00,quinta;terca,,ic; turmas_2026_cc_si.csv,
2026-2-TCC00288-A1,2026-2,TCC00288,BANCO DE DADOS II,A1,IC,segunda 07:00-09:00; quarta 07:00-09:00,quarta;segunda,,ic; turmas_2026_cc_si.csv,
2026-2-TCC00289-A1,2026-2,TCC00289,COMPILADORES,A1,IC,segunda 09:00-11:00; quarta 09:00-11:00,quarta;segunda,,ic; turmas_2026_cc_si.csv,
2026-2-TCC00290-A1,2026-2,TCC00290,COMPUTAÇÃO E SOCIEDADE,A1,IC,quinta 11:00-13:00,quinta,,ic; turmas_2026_cc_si.csv,
2026-2-TCC00291-A1,2026-2,TCC00291,COMPUTAÇÃO GRÁFICA,A1,IC,segunda 11:00-13:00; quarta 11:00-13:00,quarta;segunda,,ic; turmas_2026_cc_si.csv,
2026-2-TCC00292-A1,2026-2,TCC00292,ENGENHARIA DE SOFTWARE I,A1,IC,segunda 09:00-11:00; quarta 09:00-11:00,quarta;segunda,,ic; turmas_2026_cc_si.csv,
2026-2-TCC00293-A1,2026-2,TCC00293,ENGENHARIA DE SOFTWARE II,A1,IC,segunda 07:00-09:00; quarta 07:00-09:00,quarta;segunda,,ic; turmas_2026_cc_si.csv,
2026-2-TCC00296-A1,2026-2,TCC00296,FUNDAMENTOS DE ARQUITETURAS DE COMPUTADORES,A1,IC,terca 07:00-09:00; quinta 07:00-09:00,quinta;terca,,ic; turmas_2026_cc_si.csv,
2026-2-TCC00296-B1,2026-2,TCC00296,FUNDAMENTOS DE ARQUITETURAS DE COMPUTADORES,B1,IC,terca 14:00-16:00; quinta 14:00-16:00,quinta;terca,,ic; turmas_2026_cc_si.csv,
2026-2-TCC00297-A1,2026-2,TCC00297,INTELIGÊNCIA ARTIFICIAL,A1,IC,terca 11:00-13:00; quinta 11:00-13:00,quinta;terca,,ic; turmas_2026_cc_si.csv,
2026-2-TCC00298-A1,2026-2,TCC00298,INTERFACE HOMEM MAQUINA,A1,IC,segunda 11:00-13:00; quarta 11:00-13:00,quarta;segunda,,ic; turmas_2026_cc_si.csv,
2026-2-TCC00301-AA,2026-2,TCC00301,LAB. DE PROGRAMAÇÃO DE JOGOS,AA,IC,terca 11:00-13:00,terca,,ic; turmas_2026_cc_si.csv,
2026-2-TCC00301-BA,2026-2,TCC00301,LAB. DE PROGRAMAÇÃO DE JOGOS,BA,IC,quinta 11:00-13:00,quinta,,ic; turmas_2026_cc_si.csv,
2026-2-TCC00304-A1,2026-2,TCC00304,LINGUAGENS DE PROGRAMAÇÃO,A1,IC,segunda 11:00-13:00; quarta 11:00-13:00,quarta;segunda,,ic; turmas_2026_cc_si.csv,
2026-2-TCC00305-A1,2026-2,TCC00305,LINGUAGENS FORMAIS E TEORIA DA COMPUTAÇÃO,A1,IC,segunda 09:00-11:00; quarta 09:00-11:00,quarta;segunda,,ic; turmas_2026_cc_si.csv,
2026-2-TCC00305-X1,2026-2,TCC00305,LINGUAGENS FORMAIS E TEORIA DA COMPUTAÇÃO,X1,IC,segunda 09:00-11:00; quarta 09:00-11:00,quarta;segunda,,ic; turmas_2026_cc_si.csv,
2026-2-TCC00306-A1,2026-2,TCC00306,METODOS NUMERICOS,A1,IC,terca 09:00-11:00; quinta 09:00-11:00,quinta;terca,,ic; turmas_2026_cc_si.csv,
2026-2-TCC00307-A1,2026-2,TCC00307,PROGRAMAÇÃO CIENTÍFICA,A1,IC,terca 07:00-09:00; quinta 07:00-09:00,quinta;terca,,ic; turmas_2026_cc_si.csv,
2026-2-TCC00308-A1,2026-2,TCC00308,PROGRAMAÇÃO DE COMPUTADORES I,A1,IC,segunda 16:00-18:00; quarta 16:00-18:00,quarta;segunda,,ic; turmas_2026_cc_si.csv,
2026-2-TCC00308-B1,2026-2,TCC00308,PROGRAMAÇÃO DE COMPUTADORES I,B1,IC,segunda 16:00-18:00; quarta 16:00-18:00,quarta;segunda,,ic; turmas_2026_cc_si.csv,
2026-2-TCC00312-A1,2026-2,TCC00312,PROJETO DE SOFTWARE,A1,IC,segunda 11:00-13:00; quarta 11:00-13:00,quarta;segunda,,ic; turmas_2026_cc_si.csv,
2026-2-TCC00313-A1,2026-2,TCC00313,REDES DE COMPUTADORES I,A1,IC,terca 09:00-11:00; quinta 09:00-11:00,quinta;terca,,ic; turmas_2026_cc_si.csv,
2026-2-TCC00314-A1,2026-2,TCC00314,REDES DE COMPUTADORES II,A1,IC,terca 11:00-13:00; quinta 11:00-13:00,quinta;terca,,ic; turmas_2026_cc_si.csv,
2026-2-TCC00315-A1,2026-2,TCC00315,SISTEMAS DISTRIBUÍDOS,A1,IC,terca 09:00-11:00; quinta 09:00-11:00,quinta;terca,,ic; turmas_2026_cc_si.csv,
2026-2-TCC00316-A1,2026-2,TCC00316,SISTEMAS OPERACIONAIS,A1,IC,terca 11:00-13:00; quinta 11:00-13:00,quinta;terca,,ic; turmas_2026_cc_si.csv,
2026-2-TCC00318-A1,2026-2,TCC00318,PESQUISA OPERACIONAL,A1,IC,terca 07:00-09:00; quinta 07:00-09:00,quinta;terca,,ic; turmas_2026_cc_si.csv,
2026-2-TCC00324-A1,2026-2,TCC00324,GOVERNANÇA EM TECNOLOGIA DA INFORMAÇÃO,A1,IC,sexta 18:00-22:00,sexta,,ic; turmas_2026_cc_si.csv,
2026-2-TCC00328-A1,2026-2,TCC00328,PROG. ORIENTADA A OBJETOS,A1,IC,segunda 11:00-13:00; quarta 11:00-13:00,quarta;segunda,,ic; turmas_2026_cc_si.csv,
2026-2-TCC00328-B1,2026-2,TCC00328,PROG. ORIENTADA A OBJETOS,B1,IC,segunda 11:00-13:00; quarta 11:00-13:00,quarta;segunda,,ic; turmas_2026_cc_si.csv,
2026-2-TCC00330-A1,2026-2,TCC00330,MODELAGEM DE PROCESSO DE NEGÓCIOS,A1,IC,sexta 18:00-22:00,sexta,,ic; turmas_2026_cc_si.csv,
2026-2-TCC00331-A1,2026-2,TCC00331,ESTRUTURAS DE DADOS PARA SI,A1,IC,segunda 18:00-20:00; quarta 18:00-20:00,quarta;segunda,,ic; turmas_2026_cc_si.csv,
2026-2-TCC00331-B1,2026-2,TCC00331,ESTRUTURAS DE DADOS PARA SI,B1,IC,segunda 18:00-20:00; quarta 18:00-20:00,quarta;segunda,,ic; turmas_2026_cc_si.csv,
2026-2-TCC00332-A1,2026-2,TCC00332,FUNDAMENTOS DE SISTEMAS DE INFORMAÇÃO,A1,IC,terca 20:00-22:00; quinta 20:00-22:00,quinta;terca,,ic; turmas_2026_cc_si.csv,
2026-2-TCC00332-B1,2026-2,TCC00332,FUNDAMENTOS DE SISTEMAS DE INFORMAÇÃO,B1,IC,terca 18:00-20:00; quinta 18:00-20:00,quinta;terca,,ic; turmas_2026_cc_si.csv,
2026-2-TCC00334-A1,2026-2,TCC00334,PRINCIPIO DE BANCO DE DADOS,A1,IC,quarta 18:00-20:00; sexta 18:00-20:00,quarta;sexta,,ic; turmas_2026_cc_si.csv,
2026-2-TCC00335-A1,2026-2,TCC00335,PROJETO DE BANCO DE DADOS,A1,IC,segunda 20:00-22:00; quarta 20:00-22:00,quarta;segunda,,ic; turmas_2026_cc_si.csv,
2026-2-TCC00336-A1,2026-2,TCC00336,BANCO DE DADOS NÃO CONVENCIONAIS,A1,IC,segunda 20:00-22:00; quarta 20:00-22:00,quarta;segunda,,ic; turmas_2026_cc_si.csv,
2026-2-TCC00337-A1,2026-2,TCC00337,INTRODUÇÃO A INTERAÇÃO HUMANO-COMPUTADOR,A1,IC,quinta 18:00-22:00,quinta,,ic; turmas_2026_cc_si.csv,
2026-2-TCC00338-A1,2026-2,TCC00338,PROJETO DE SOFTWARE,A1,IC,terca 20:00-22:00; quinta 20:00-22:00,quinta;terca,,ic; turmas_2026_cc_si.csv,
2026-2-TCC00341-A1,2026-2,TCC00341,SEGURANÇA DA INFORMAÇÃO,A1,IC,segunda 20:00-22:00; quarta 20:00-22:00,quarta;segunda,,ic; turmas_2026_cc_si.csv,
2026-2-TCC00344-A1,2026-2,TCC00344,LAB. DE PROGRAMAÇÃO PARALELA,AA,IC,segunda 07:00-09:00; quarta 07:00-09:00,quarta;segunda,,ic; turmas_2026_cc_si.csv,
2026-2-TCC00346-AA,2026-2,TCC00346,LAB. DE RESOLUÇÃO DE PROBLEMAS,AA,IC,terca 16:00-18:00,terca,,ic; turmas_2026_cc_si.csv,
2026-2-TCC00346-BA,2026-2,TCC00346,LAB. DE RESOLUÇÃO DE PROBLEMAS,BA,IC,quinta 16:00-18:00,quinta,,ic; turmas_2026_cc_si.csv,
2026-2-TCC00347-A1,2026-2,TCC00347,PROGRAMAÇÃO ESTRUTURADA,A1,IC,terca 09:00-11:00; quinta 09:00-11:00,quinta;terca,,ic; turmas_2026_cc_si.csv,
2026-2-TCC00347-B1,2026-2,TCC00347,PROGRAMAÇÃO ESTRUTURADA,B1,IC,terca 14:00-16:00; quinta 14:00-16:00,quinta;terca,,ic; turmas_2026_cc_si.csv,
2026-2-TCC00348-A1,2026-2,TCC00348,ESTRUTURAS DE DADOS E SEUS ALGORITMOS,A1,IC,terca 11:00-13:00; quinta 11:00-13:00,quinta;terca,,ic; turmas_2026_cc_si.csv,
2026-2-TCC00348-B1,2026-2,TCC00348,ESTRUTURAS DE DADOS E SEUS ALGORITMOS,B1,IC,terca 11:00-13:00; quinta 11:00-13:00,quinta;terca,,ic; turmas_2026_cc_si.csv,
2026-2-TCC00349-A1,2026-2,TCC00349,AVALIAÇÃO DE DESEMPENHO,A1,IC,terca 07:00-09:00; quinta 07:00-09:00,quinta;terca,,ic; turmas_2026_cc_si.csv,
2026-2-TCC00354-A1,2026-2,TCC00354,FUNDAMENTOS MATEMÁTICOS PARA COMP.,A1,IC,terca 18:00-20:00; quinta 18:00-20:00,quinta;terca,,ic; turmas_2026_cc_si.csv,
2026-2-TCC00354-B1,2026-2,TCC00354,FUNDAMENTOS MATEMÁTICOS PARA COMP.,B1,IC,terca 20:00-22:00; quinta 20:00-22:00,quinta;terca,,ic; turmas_2026_cc_si.csv,
2026-2-TCC00355-E-A,2026-2,TCC00355,LABORATÓRIO DE RESOLUÇÃO DE PROBLEMAS,EA,IC,segunda 20:00-22:00; quarta 20:00-22:00,quarta;segunda,,ic; turmas_2026_cc_si.csv,
2026-2-TCC00355-F-A,2026-2,TCC00355,LABORATÓRIO DE RESOLUÇÃO DE PROBLEMAS,FA,IC,segunda 20:00-22:00; quarta 20:00-22:00,quarta;segunda,,ic; turmas_2026_cc_si.csv,
2026-2-TCC00356-A1,2026-2,TCC00356,PROGRAMAÇÃO DE COMPUTADORES II,A1,IC,segunda 20:00-22:00; quarta 20:00-22:00,quarta;segunda,,ic; turmas_2026_cc_si.csv,
2026-2-TCC00356-B1,2026-2,TCC00356,PROGRAMAÇÃO DE COMPUTADORES II,B1,IC,segunda 18:00-20:00; quarta 18:00-20:00,quarta;segunda,,ic; turmas_2026_cc_si.csv,
2026-2-TCC00357-A1,2026-2,TCC00357,PROG. ORIENTADA A OBJETOS I,A1,IC,segunda 18:00-22:00,segunda,,ic; turmas_2026_cc_si.csv,
2026-2-TCC00358-A1,2026-2,TCC00358,SISTEMAS COMPUTACIONAIS,A1,IC,quinta 18:00-22:00,quinta,,ic; turmas_2026_cc_si.csv,
2026-2-TCC00358-B1,2026-2,TCC00358,SISTEMAS COMPUTACIONAIS,B1,IC,quinta 18:00-22:00,quinta,,ic; turmas_2026_cc_si.csv,
2026-2-TCC00359-A1,2026-2,TCC00359,REDES DE COMPUTADORES,A1,IC,quarta 20:00-22:00; sexta 20:00-22:00,quarta;sexta,,ic; turmas_2026_cc_si.csv,
2026-2-TCC00360-A1,2026-2,TCC00360,VISUALIZAÇÃO DE DADOS,A1,IC,segunda 18:00-20:00; quarta 18:00-20:00,quarta;segunda,,ic; turmas_2026_cc_si.csv,
2026-2-TCC00361-A1,2026-2,TCC00361,INTRODUÇÃO AO DESENVOLVIMENTO WEB,A1,IC,sexta 18:00-22:00,sexta,,ic; turmas_2026_cc_si.csv,
2026-2-TCC00362-A1,2026-2,TCC00362,SISTEMAS DISTRIBUÍDOS PARA SI,A1,IC,terca 18:00-22:00,terca,,ic; turmas_2026_cc_si.csv,
2026-2-TCC00363-A1,2026-2,TCC00363,GERÊNCIA DE PROJETOS E MANUT DE SOFTWARE,A1,IC,terca 18:00-20:00; quinta 18:00-20:00,quinta;terca,,ic; turmas_2026_cc_si.csv,
2026-2-TCC00365-A1,2026-2,TCC00365,QUALIDADE E TESTE DE SOFTWARE,A1,IC,segunda 18:00-20:00; quarta 18:00-20:00,quarta;segunda,,ic; turmas_2026_cc_si.csv,
2026-2-TCC00366-A1,2026-2,TCC00366,PROGRAMAÇÃO DE COMPUTADORES I,A1,IC,segunda 18:00-20:00; quarta 18:00-20:00,quarta;segunda,,ic; turmas_2026_cc_si.csv,
2026-2-TCC00366-B1,2026-2,TCC00366,PROGRAMAÇÃO DE COMPUTADORES I,B1,IC,segunda 18:00-20:00; quarta 18:00-20:00,quarta;segunda,,ic; turmas_2026_cc_si.csv,
2026-2-TCC00368-A1,2026-2,TCC00368,P.O. PARA S.I. (WEB AVANC.),A1,IC,terca 20:00-22:00; quinta 20:00-22:00,quinta;terca,,ic; turmas_2026_cc_si.csv,
2026-2-TCC00371-A1,2026-2,TCC00371,ÉTICA EM INT. ARTIFICIAL E CIÊNCIA DE DADOS,A1,IC,terca 09:00-11:00; quinta 09:00-11:00,quinta;terca,,ic; turmas_2026_cc_si.csv,
