codigo,disciplina,usou_sala_comum,usou_laboratorio,alternou_tipo_de_sala,salas_observadas,requer_laboratorio,recursos_requeridos,fonte,validado
CGI00004,SEMINÁRIOS EM SISTEMAS DE INFORMAÇÃO,True,False,False,215,,,horarios_2026_cc_si.csv,
TCC00194,BIOLOGIA COMPUTACIONAL (OPTATIVA),True,False,False,206,,,horarios_2026_cc_si.csv,
TCC00195,METAHEURÍSTICAS Pós: Inteligência Computacional,True,False,False,315,,,horarios_2026_cc_si.csv,
TCC00196,PROGRAMAÇÃO LINEAR INTEIRA - OTIMIZAÇÃO COMBINATÓRIA (GRAD. E PÓS),True,False,False,206,,,horarios_2026_cc_si.csv,
TCC00200,MINERAÇÃO DE DADOS (GRAD. E PÓS),True,False,False,321,,,horarios_2026_cc_si.csv,
TCC00203,ANÁLISE / PROCESSAMENTO DE IMAGENS (GRAD. E PÓS),True,False,False,319,,,horarios_2026_cc_si.csv,
TCC00205,LINGUAGENS DE PROGRAMAÇÃO EM LÓGICA Pós: Lógica,True,False,False,306,,,horarios_2026_cc_si.csv,
TCC00222,COMPUTAÇÃO E SOCIEDADE PARA SI,True,False,False,213,,,horarios_2026_cc_si.csv,
TCC00225,ENGENHARIA DE SOFTWARE,True,False,False,204;302,,,horarios_2026_cc_si.csv,
TCC00226,DESENVOLVIMENTO WEB,False,True,False,L302;L306,,,horarios_2026_cc_si.csv,
TCC00230,TÓPICOS ESPECIAIS EM SEGURANÇA DA INFORMAÇÃO Pós: Criptografia,True,False,False,217,,,horarios_2026_cc_si.csv,
TCC00234,TÓPICOS EM ARQUITETURAS DE COMPUTADORES I (GRAD. E PÓS),True,False,False,302,,,horarios_2026_cc_si.csv,
TCC00237,TÓPICOS EM AUTOMAÇÃO I - ROBÓTICA E VEÍCULOS AUTÔNOMOS (GRAD. E PÓS),False,True,False,L305,,,horarios_2026_cc_si.csv,
TCC00241,TÓPICOS EM COMPUTAÇÃO I - GRAFOS E SUAS APLICAÇÕES,True,False,False,217,,,horarios_2026_cc_si.csv,
TCC00241,TÓPICOS EM COMPUTAÇÃO I Pós: Visão Computacional,True,False,False,313,,,horarios_2026_cc_si.csv,
TCC00242,TÓPICOS EM COMPUTAÇÃO II,True,False,False,308,,,horarios_2026_cc_si.csv,
TCC00242,TÓPICOS EM COMPUTAÇÃO II - ÁLGEBRA LINEAR COMPUTACIONAL (GRAD. E PÓS),True,False,False,313,,,horarios_2026_cc_si.csv,
TCC00243,TÓPICOS EM COMPUTAÇÃO III - ALGORITMOS E COMPLEXIDADE DE PROBLEMAS (GRAD. E PÓS),True,False,False,304,,,horarios_2026_cc_si.csv,
TCC00244,TÓPICOS EM BANCO DE DADOS I Pós: eScience,True,False,False,204,,,horarios_2026_cc_si.csv,
TCC00245,TÓPICOS EM BANCO DE DADOS II - RASTREABILIDADE E GOVERNANÇA DE DADOS (GRAD. E PÓS),True,False,False,217,,,horarios_2026_cc_si.csv,
TCC00250,TÓPICOS EM ENGENHARIA DE SOFWARE I Pós: Game Analytics,True,False,False,302,,,horarios_2026_cc_si.csv,
TCC00251,TÓPICOS EM ENGENHARIA DE SOFWARE II Pós: Controle de Versão,True,False,False,215,,,horarios_2026_cc_si.csv,
TCC00252,TÓPICOS EM ENG DE SOFTWARE III - IA GENERATIVA (GRAD. E PÓS),True,False,False,204;302,,,horarios_2026_cc_si.csv,
TCC00253,TÓPICOS ESPECIAIS EM SISTEMAS DE PROGRAMAÇÃO I,True,False,False,204,,,horarios_2026_cc_si.csv,
TCC00259,TÓPICOS EM INTELIGÊNCIA ARTIFICIAL I Aprendizado Profundo,True,False,False,306,,,horarios_2026_cc_si.csv,
TCC00259,TÓPICOS EM IA I - APRENDIZADO PROFUNDO (GRAD. E PÓS),True,False,False,313,,,horarios_2026_cc_si.csv,
TCC00260,TÓPICOS EM INTELIGÊNCIA ARTIFICIAL II Pós: Aprendizado de Máquina,True,False,False,304,,,horarios_2026_cc_si.csv,
TCC00265,TÓPICOS EM INTERFACE HOMEM MÁQUINA (GRAD. E PÓS),True,False,False,317,,,horarios_2026_cc_si.csv,
TCC00271,TÓPICOS EM LINGUAGEM DE PROGRAMAÇÃO I,True,True,True,317;L303,,,horarios_2026_cc_si.csv,
TCC00271,TÓPICOSS EM LINGUAGEM DE PROGRAMAÇÃO I - LÓGICA NEBULOSA (GRAD. E PÓS),True,False,False,404B,,,horarios_2026_cc_si.csv,
TCC00280,COMPUTAÇÃO E MEIO AMBIENTE,True,False,False,215,,,horarios_2026_cc_si.csv,
TCC00284,ALGORITMOS EM GRAFOS,True,False,False,206;321,,,horarios_2026_cc_si.csv,
TCC00285,ANÁLISE E PROJETO DE ALGORITMOS,True,False,False,213;217;313,,,horarios_2026_cc_si.csv,
TCC00286,ARQUITETURAS DE COMPUTADORES,True,False,False,204;206;319,,,horarios_2026_cc_si.csv,
TCC00287,BANCO DE DADOS I,True,False,False,217,,,horarios_2026_cc_si.csv,
TCC00288,BANCO DE DADOS II,True,False,False,321;404B,,,horarios_2026_cc_si.csv,
TCC00289,COMPILADORES,True,False,False,206;321,,,horarios_2026_cc_si.csv,
TCC00290,COMPUTAÇÃO E SOCIEDADE,True,False,False,215,,,horarios_2026_cc_si.csv,
TCC00291,COMPUTAÇÃO GRÁFICA,True,False,False,202;321,,,horarios_2026_cc_si.csv,
TCC00292,ENGENHARIA DE SOFTWARE I,True,False,False,215,,,horarios_2026_cc_si.csv,
TCC00293,ENGENHARIA DE SOFTWARE II,True,False,False,213;215,,,horarios_2026_cc_si.csv,
TCC00296,FUNDAMENTOS DE ARQUITETURAS DE COMPUTADORES,True,False,False,202;204;213,,,horarios_2026_cc_si.csv,
TCC00297,INTELIGÊNCIA ARTIFICIAL,True,False,False,213;302,,,horarios_2026_cc_si.csv,
TCC00298,INTERFACE HOMEM MAQUINA,True,False,False,217,,,horarios_2026_cc_si.csv,
TCC00298,INTERFACE HOMEM-MÁQUINA,True,False,False,217,,,horarios_2026_cc_si.csv,
TCC00301,LAB. DE PROGRAMAÇÃO DE JOGOS,False,True,False,L305,,,horarios_2026_cc_si.csv,
TCC00301,LABORATÓRIO DE PROGRAMAÇÃO DE JOGOS,False,True,False,L305,,,horarios_2026_cc_si.csv,
TCC00304,LINGUAGENS DE PROGRAMAÇÃO,True,False,False,206,,,horarios_2026_cc_si.csv,
TCC00305,LINGUAGENS FORMAIS E TEORIA DA COMPUTAÇÃO,True,False,False,206;217,,,horarios_2026_cc_si.csv,
TCC00306,MÉTODOS NUMÉRICOS,True,False,False,302,,,horarios_2026_cc_si.csv,
TCC00306,METODOS NUMERICOS,True,False,False,206,,,horarios_2026_cc_si.csv,
TCC00307,PROGRAMAÇÃO CIENTÍFICA,True,False,False,206;404B,,,horarios_2026_cc_si.csv,
TCC00308,PROGRAMAÇÃO DE COMPUTADORES I,True,True,True,202;302;308;L306;L307,,,horarios_2026_cc_si.csv,
TCC00312,PROJETO DE SOFTWARE,True,False,False,213,,,horarios_2026_cc_si.csv,
TCC00313,REDES DE COMPUTADORES I,True,False,False,215;404B,,,horarios_2026_cc_si.csv,
TCC00314,REDES DE COMPUTADORES II,True,False,False,215;404B,,,horarios_2026_cc_si.csv,
TCC00315,SISTEMAS DISTRIBUÍDOS,True,False,False,215;319,,,horarios_2026_cc_si.csv,
TCC00316,SISTEMAS OPERACIONAIS,True,False,False,204;321,,,horarios_2026_cc_si.csv,
TCC00318,PESQUISA OPERACIONAL,True,False,False,217;302,,,horarios_2026_cc_si.csv,
TCC00324,GOVERNANÇA EM TECNOLOGIA DA INFORMAÇÃO,True,False,False,217;302,,,horarios_2026_cc_si.csv,
TCC00328,PROG. ORIENTADA A OBJETOS,True,True,True,306;L305;L306,,,horarios_2026_cc_si.csv,
TCC00328,PROGRAMAÇÃO ORIENTADA A OBJETOS,True,True,True,302;L302;L304,,,horarios_2026_cc_si.csv,
TCC00330,MODELAGEM DE PROCESSOS DE NEGÓCIOS,True,False,False,215,,,horarios_2026_cc_si.csv,
TCC00330,MODELAGEM DE PROCESSO DE NEGÓCIOS,True,False,False,321,,,horarios_2026_cc_si.csv,
TCC00331,ESTRUTURAS DE DADOS PARA SI,True,True,True,202;204;206;302;L307,,,horarios_2026_cc_si.csv,
TCC00332,FUNDAMENTOS DE SISTEMAS DE INFORMAÇÃO,True,False,False,317,,,horarios_2026_cc_si.csv,
TCC00334,PRINCIPIO DE BANCO DE DADOS,False,True,False,L302,,,horarios_2026_cc_si.csv,
TCC00334,PRINCÍPIOS DE BANCO DE DADOS,True,False,False,321,,,horarios_2026_cc_si.csv,
TCC00335,PROJETO DE BANCO DE DADOS,True,False,False,321,,,horarios_2026_cc_si.csv,
TCC00335,PROJETO DE BANCO DE DADOS PARA SI,True,False,False,204,,,horarios_2026_cc_si.csv,
TCC00336,BANCO DE DADOS NÃO CONVENCIONAIS,False,True,False,L302,,,horarios_2026_cc_si.csv,
TCC00336,BANCOS DE DADOS NÃO CONVENCIONAIS,True,True,True,204;L302,,,horarios_2026_cc_si.csv,
TCC00337,INTRODUÇÃO A INTERAÇÃO HUMANO-COMPUTADOR,True,False,False,217;321,,,horarios_2026_cc_si.csv,
TCC00338,PROJETO DE SOFTWARE,True,False,False,202,,,horarios_2026_cc_si.csv,
TCC00341,SEGURANÇA DA INFORMAÇÃO,True,False,False,204;206,,,horarios_2026_cc_si.csv,
TCC00344,LAB. DE PROGRAMAÇÃO PARALELA,False,True,False,L306,,,horarios_2026_cc_si.csv,
TCC00344,LABORATÓRIO DE PROGRAMAÇÃO PARALELA I,False,True,False,L306,,,horarios_2026_cc_si.csv,
TCC00346,LAB. DE RESOLUÇÃO DE PROBLEMAS,False,True,False,L305,,,horarios_2026_cc_si.csv,
TCC00346,LABORATÓRIO DE RESOLUÇÃO DE PROBLEMAS,False,True,False,L305,,,horarios_2026_cc_si.csv,
TCC00347,PROGRAMAÇÃO ESTRUTURADA,True,True,True,202;204;404B;L305;L306,,,horarios_2026_cc_si.csv,
TCC00348,ESTRUTURAS DE DADOS E SEUS ALGORITMOS,True,False,False,202;204;217;313,,,horarios_2026_cc_si.csv,
TCC00349,AVALIAÇÃO DE DESEMPENHO,True,False,False,213,,,horarios_2026_cc_si.csv,
TCC00354,FUNDAMENTOS MATEMÁTICOS PARA COMP.,True,False,False,308;313,,,horarios_2026_cc_si.csv,
TCC00355,LABORATÓRIO DE RESOLUÇÃO DE PROBLEMAS,False,True,False,L304;L306;L307,,,horarios_2026_cc_si.csv,
TCC00356,PROGRAMAÇÃO DE COMPUTADORES II,True,True,True,317;L303,,,horarios_2026_cc_si.csv,
TCC00357,PROGRAMAÇÃO ORIENTADA A OBJETOS I,True,False,False,206,,,horarios_2026_cc_si.csv,
TCC00357,PROG. ORIENTADA A OBJETOS I,True,False,False,215,,,horarios_2026_cc_si.csv,
TCC00358,SISTEMAS COMPUTACIONAIS,True,False,False,306;319,,,horarios_2026_cc_si.csv,
TCC00359,REDES DE COMPUTADORES,True,False,False,215;319,,,horarios_2026_cc_si.csv,
TCC00360,VISUALIZAÇÃO DE DADOS,True,False,False,206;319,,,horarios_2026_cc_si.csv,
TCC00361,INTRODUÇÃO AO DESENVOLVIMENTO WEB,True,False,False,302;404B,,,horarios_2026_cc_si.csv,
TCC00362,SISTEMAS DISTRIBUÍDOS PARA SI,True,False,False,204,,,horarios_2026_cc_si.csv,
TCC00362,SISTEMAS DISTRIBUÍDOS PARA SISTEMAS DE INFORMAÇÃO,True,False,False,321,,,horarios_2026_cc_si.csv,
TCC00363,GERÊNCIA DE PROJETOS E MANUT DE SOFTWARE,True,False,False,202;302,,,horarios_2026_cc_si.csv,
TCC00365,QUALIDADE E TESTE DE SOFTWARE,True,True,True,302;L304,,,horarios_2026_cc_si.csv,
TCC00366,PROGRAMAÇÃO DE COMPUTADORES I,True,True,True,306;308;404B;L302;L306,,,horarios_2026_cc_si.csv,
TCC00368,PESQUISA OPERACIONAL PARA SISTEMAS DE INFORMAÇÃO,True,False,False,217,,,horarios_2026_cc_si.csv,
TCC00368,P.O. PARA S.I. (WEB AVANC.),True,False,False,217,,,horarios_2026_cc_si.csv,
TCC00371,ÉTICA EM INT. ARTIFICIAL E CIÊNCIA DE DADOS,True,False,False,308,,,horarios_2026_cc_si.csv,
