id,semestre,codigo,codigo_original,codigo_interno,disciplina,turma,turma_original,origem_codigo,categoria_observada,alocacao,professores,professores_qtd,alocacao_original,normalizacao_docente_verificada,status,pendencias,pagina_pdf,posicao_y,arquivo_origem
2026-1-TCC00284-A1,2026-1,TCC00284,TCC00284,TCC00284,ALGORITMOS EM GRAFOS,A1,A1,IC,nao_informada,Luis Felipe,Luis Felipe,1,LUIS FELIPE,True,ativa,,1,75.295,dados/brutos/QH-2026-1.pdf
2026-1-TCC00285-A1,2026-1,TCC00285,TCC00285,TCC00285,ANÁLISE E PROJETO DE ALGORITMOS,A1,A1,IC,nao_informada,Fabio,Fabio,1,FABIO PROTTI,True,ativa,,1,103.855,dados/brutos/QH-2026-1.pdf
2026-1-TCC00285-B1,2026-1,TCC00285,TCC00285,TCC00285,ANÁLISE E PROJETO DE ALGORITMOS,B1,B1,IC,nao_informada,Loana,Loana,1,LOANA TITO NOGUEIRA,True,ativa,,1,132.415,dados/brutos/QH-2026-1.pdf
2026-1-TCC00286-A1,2026-1,TCC00286,TCC00286,TCC00286,ARQUITETURAS DE COMPUTADORES,A1,A1,IC,nao_informada,Vinod,Vinod,1,EUGENE VINOD,True,ativa,,1,160.975,dados/brutos/QH-2026-1.pdf
2026-1-TCC00349-A1,2026-1,TCC00349,TCC00349,TCC00349,AVALIAÇÃO DE DESEMPENHO,A1,A1,IC,nao_informada,Guto,Guto,1,ANTONIO AUGUSTO,True,ativa,,1,189.535,dados/brutos/QH-2026-1.pdf
2026-1-TCC00287-A1,2026-1,TCC00287,TCC00287,TCC00287,BANCO DE DADOS I,A1,A1,IC,nao_informada,Luiz Andre,Luiz Andre,1,LUIZ ANDRE,True,ativa,,1,218.095,dados/brutos/QH-2026-1.pdf
2026-1-TCC00288-A1,2026-1,TCC00288,TCC00288,TCC00288,BANCO DE DADOS II,A1,A1,IC,nao_informada,Rodrigo,Rodrigo,1,RODRIGO SALVADOR,True,ativa,,1,246.655,dados/brutos/QH-2026-1.pdf
2026-1-TCC00336-A1,2026-1,TCC00336,TCC00336,TCC00336,BANCOS DE DADOS NÃO CONVENCIONAIS,A1,A1,IC,nao_informada,Daniel,Daniel,1,DANIEL CARDOSO,True,ativa,,1,275.215,dados/brutos/QH-2026-1.pdf
2026-1-TCC00336-Z1,2026-1,TCC00336,TCC00336,TCC00336,BANCOS DE DADOS NÃO CONVENCIONAIS,Z1,Z1,IC,nao_informada,Marcos Bedo,Marcos Bedo,1,MARCOS BEDO,True,ativa,,1,303.775,dados/brutos/QH-2026-1.pdf
2026-1-TCC00289-A1,2026-1,TCC00289,TCC00289,TCC00289,COMPILADORES,A1,A1,IC,nao_informada,Bruno,Bruno,1,BRUNO LOPES VIEIRA,True,ativa,,1,332.335,dados/brutos/QH-2026-1.pdf
2026-1-TCC00290-A1,2026-1,TCC00290,TCC00290,TCC00290,COMPUTAÇÃO E SOCIEDADE,A1,A1,IC,nao_informada,Jose Raphael,Jose Raphael,1,JOSE RAPHAEL BOKEHI,True,ativa,,1,360.895,dados/brutos/QH-2026-1.pdf
2026-1-TCC00222-A1,2026-1,TCC00222,TCC00222,TCC00222,COMPUTAÇÃO E SOCIEDADE PARA SI,A1,A1,IC,nao_informada,Marcelo Fornazin,Marcelo Fornazin,1,MARCELO FORNAZIN,True,ativa,,1,389.455,dados/brutos/QH-2026-1.pdf
2026-1-TCC00291-A1,2026-1,TCC00291,TCC00291,TCC00291,COMPUTAÇÃO GRÁFICA,A1,A1,IC,nao_informada,Aura,Aura,1,AURA CONCI,True,ativa,,1,418.015,dados/brutos/QH-2026-1.pdf
2026-1-TCC00226-A1,2026-1,TCC00226,TCC00226,TCC00226,DESENVOLVIMENTO WEB,A1,A1,IC,nao_informada,Carlos Ribeiro,Carlos Ribeiro,1,CARLOS ALBERTO SOARES,True,ativa,,1,446.575,dados/brutos/QH-2026-1.pdf
2026-1-TCC00225-A1,2026-1,TCC00225,TCC00225,TCC00225,ENGENHARIA DE SOFTWARE,A1,A1,IC,nao_informada,Rebeca,Rebeca,1,REBECA CAMPOS MOTTA,True,ativa,,1,475.135,dados/brutos/QH-2026-1.pdf
2026-1-TCC00292-A1,2026-1,TCC00292,TCC00292,TCC00292,ENGENHARIA DE SOFTWARE I,A1,A1,IC,nao_informada,Leo Murta,Leo Murta,1,LEONARDO GRESTA MURTA,True,ativa,,1,503.695,dados/brutos/QH-2026-1.pdf
2026-1-TCC00293-A1,2026-1,TCC00293,TCC00293,TCC00293,ENGENHARIA DE SOFTWARE II,A1,A1,IC,nao_informada,Troy,Troy,1,TROY COSTA KOHWALTER,True,ativa,,1,532.255,dados/brutos/QH-2026-1.pdf
2026-1-TCC00348-A1,2026-1,TCC00348,TCC00348,TCC00348,ESTRUTURAS DE DADOS E SEUS ALGORITMOS,A1,A1,IC,nao_informada,Rosseti,Rosseti,1,ISABEL ROSSETI,True,ativa,,2,52.735,dados/brutos/QH-2026-1.pdf
2026-1-TCC00348-B1,2026-1,TCC00348,TCC00348,TCC00348,ESTRUTURAS DE DADOS E SEUS ALGORITMOS,B1,B1,IC,nao_informada,Vanessa,Vanessa,1,VANESSA BRAGANHOLO,True,ativa,,2,81.295,dados/brutos/QH-2026-1.pdf
2026-1-TCC00331-A1,2026-1,TCC00331,TCC00331,TCC00331,ESTRUTURAS DE DADOS PARA SI,A1,A1,IC,nao_informada,Igor Machado,Igor Machado,1,IGOR COELHO,True,ativa,,2,109.855,dados/brutos/QH-2026-1.pdf
2026-1-TCC00331-B1,2026-1,TCC00331,TCC00331,TCC00331,ESTRUTURAS DE DADOS PARA SI,B1,B1,IC,nao_informada,Raphael Machado,Raphael Machado,1,RAPHAEL MACHADO,True,ativa,,2,138.415,dados/brutos/QH-2026-1.pdf
2026-1-TCC00371-A1,2026-1,TCC00371,TCC00371,TCC00371,ÉTICA EM INT. ARTIFICIAL E CIÊNCIA DE DADOS,A1,A1,IC,nao_informada,Mariza,Mariza,1,MARIZA FERRO,True,ativa,,2,166.975,dados/brutos/QH-2026-1.pdf
2026-1-TCC00296-A1,2026-1,TCC00296,TCC00296,TCC00296,FUNDAMENTOS DE ARQUITETURAS DE COMPUTADORES,A1,A1,IC,nao_informada,Vinod,Vinod,1,EUGENE FRANCIS VINOD,True,ativa,,2,195.535,dados/brutos/QH-2026-1.pdf
2026-1-TCC00296-B1,2026-1,TCC00296,TCC00296,TCC00296,FUNDAMENTOS DE ARQUITETURAS DE COMPUTADORES,B1,B1,IC,nao_informada,Aline Nascimento,Aline Nascimento,1,ALINE NASCIMENTO,True,ativa,,2,224.095,dados/brutos/QH-2026-1.pdf
2026-1-TCC00332-A1,2026-1,TCC00332,TCC00332,TCC00332,FUNDAMENTOS DE SISTEMAS DE INFORMAÇÃO,A1,A1,IC,nao_informada,Leo Cruz,Leo Cruz,1,LEONARDO CRUZ,True,ativa,,2,252.655,dados/brutos/QH-2026-1.pdf
2026-1-TCC00332-B1,2026-1,TCC00332,TCC00332,TCC00332,FUNDAMENTOS DE SISTEMAS DE INFORMAÇÃO,B1,B1,IC,nao_informada,Leo Cruz,Leo Cruz,1,LEONARDO CRUZ,True,ativa,,2,281.215,dados/brutos/QH-2026-1.pdf
2026-1-TCC00354-A1,2026-1,TCC00354,TCC00354,TCC00354,FUNDAMENTOS MATEMÁTICOS PARA COMP.,A1,A1,IC,nao_informada,Raquel,Raquel,1,RAQUEL BRAVO,True,ativa,,2,309.775,dados/brutos/QH-2026-1.pdf
2026-1-TCC00354-B1,2026-1,TCC00354,TCC00354,TCC00354,FUNDAMENTOS MATEMÁTICOS PARA COMP.,B1,B1,IC,nao_informada,Martinhon,Martinhon,1,CARLOS MARTINHON,True,ativa,,2,338.335,dados/brutos/QH-2026-1.pdf
2026-1-TCC00363-A1,2026-1,TCC00363,TCC00363,TCC00363,GERÊNCIA DE PROJETOS E MANUT DE SOFTWARE,A1,A1,IC,nao_informada,Joao Pimentel,Joao Pimentel,1,JOÃO PIMENTEL,True,ativa,,2,366.895,dados/brutos/QH-2026-1.pdf
2026-1-TCC00324-A1,2026-1,TCC00324,TCC00324,TCC00324,GOVERNANÇA EM TECNOLOGIA DA INFORMAÇÃO,A1,A1,IC,nao_informada,Luciana,Luciana,1,LUCIANA SALGADO,True,ativa,,2,395.455,dados/brutos/QH-2026-1.pdf
2026-1-TCC00297-A1,2026-1,TCC00297,TCC00297,TCC00297,INTELIGÊNCIA ARTIFICIAL,A1,A1,IC,nao_informada,Taiane,Taiane,1,TAIANE COELHO,True,ativa,,2,424.015,dados/brutos/QH-2026-1.pdf
2026-1-TCC00298-A1,2026-1,TCC00298,TCC00298,TCC00298,INTERFACE HOMEM-MÁQUINA,A1,A1,IC,nao_informada,Daniela,Daniela,1,DANIELA TREVISAN,True,ativa,,2,452.575,dados/brutos/QH-2026-1.pdf
2026-1-TCC00337-A1,2026-1,TCC00337,TCC00337,TCC00337,INTRODUÇÃO A INTERAÇÃO HUMANO-COMPUTADOR,A1,A1,IC,nao_informada,Luciana,Luciana,1,LUCIANA SALGADO,True,ativa,,2,481.135,dados/brutos/QH-2026-1.pdf
2026-1-TCC00361-A1,2026-1,TCC00361,TCC00361,TCC00361,INTRODUÇÃO AO DESENVOLVIMENTO WEB,A1,A1,IC,nao_informada,Paulo Pires,Paulo Pires,1,PAULO PIRES,True,ativa,,2,509.695,dados/brutos/QH-2026-1.pdf
2026-1-TCC00301-AA,2026-1,TCC00301,TCC00301,TCC00301,LABORATÓRIO DE PROGRAMAÇÃO DE JOGOS,AA,AA,IC,nao_informada,Esteban,Esteban,1,ESTEBAN CLUA,True,ativa,,3,52.735,dados/brutos/QH-2026-1.pdf
2026-1-TCC00301-BA,2026-1,TCC00301,TCC00301,TCC00301,LABORATÓRIO DE PROGRAMAÇÃO DE JOGOS,BA,BA,IC,nao_informada,Esteban,Esteban,1,ESTEBAN CLUA,True,ativa,,3,81.295,dados/brutos/QH-2026-1.pdf
2026-1-TCC00344-AA,2026-1,TCC00344,TCC00344,TCC00344,LABORATÓRIO DE PROGRAMAÇÃO PARALELA I,AA,AA,IC,nao_informada,Lucia,Lucia,1,LUCIA DRUMMOND,True,ativa,,3,109.855,dados/brutos/QH-2026-1.pdf
2026-1-TCC00346-AA,2026-1,TCC00346,TCC00346,TCC00346,LABORATÓRIO DE RESOLUÇÃO DE PROBLEMAS,AA,AA,IC,nao_informada,Leandro Fernandes,Leandro Fernandes,1,LEANDRO FERNANDES,True,ativa,,3,138.415,dados/brutos/QH-2026-1.pdf
2026-1-TCC00346-BA,2026-1,TCC00346,TCC00346,TCC00346,LABORATÓRIO DE RESOLUÇÃO DE PROBLEMAS,BA,BA,IC,nao_informada,Leandro Fernandes,Leandro Fernandes,1,LEANDRO FERNANDES,True,ativa,,3,166.975,dados/brutos/QH-2026-1.pdf
2026-1-TCC00355-EA,2026-1,TCC00355,TCC00355,TCC00355,LABORATÓRIO DE RESOLUÇÃO DE PROBLEMAS,EA,EA,IC,nao_informada,Mauricio,Mauricio,1,MAURICIO PIRES,True,ativa,,3,195.535,dados/brutos/QH-2026-1.pdf
2026-1-TCC00355-FA,2026-1,TCC00355,TCC00355,TCC00355,LABORATÓRIO DE RESOLUÇÃO DE PROBLEMAS,FA,FA,IC,nao_informada,Andre Silveira,Andre Silveira,1,ANDRÉ SILVEIRA,True,ativa,,3,224.095,dados/brutos/QH-2026-1.pdf
2026-1-TCC00304-A1,2026-1,TCC00304,TCC00304,TCC00304,LINGUAGENS DE PROGRAMAÇÃO,A1,A1,IC,nao_informada,Bruno,Bruno,1,BRUNO LOPES,True,ativa,,3,252.655,dados/brutos/QH-2026-1.pdf
2026-1-TCC00305-A1,2026-1,TCC00305,TCC00305,TCC00305,LINGUAGENS FORMAIS E TEORIA DA COMPUTAÇÃO,A1,A1,IC,nao_informada,Luis Felipe,Luis Felipe,1,LUIS FELIPE,True,ativa,,3,281.215,dados/brutos/QH-2026-1.pdf
2026-1-TCC00306-A1,2026-1,TCC00306,TCC00306,TCC00306,MÉTODOS NUMÉRICOS,A1,A1,IC,nao_informada,Andre Brabo,Andre Brabo,1,ANDRE MAUES,True,ativa,,3,309.775,dados/brutos/QH-2026-1.pdf
2026-1-TCC00330-A1,2026-1,TCC00330,TCC00330,TCC00330,MODELAGEM DE PROCESSOS DE NEGÓCIOS,A1,A1,IC,nao_informada,Flavio Seixas,Flavio Seixas,1,FLAVIO SEIXAS,True,ativa,,3,338.335,dados/brutos/QH-2026-1.pdf
2026-1-TCC00318-A1,2026-1,TCC00318,TCC00318,TCC00318,PESQUISA OPERACIONAL,A1,A1,IC,nao_informada,Satoru,Satoru,1,LUIZ SATORU,True,ativa,,3,366.895,dados/brutos/QH-2026-1.pdf
2026-1-TCC00368-A1,2026-1,TCC00368,TCC00368,TCC00368,PESQUISA OPERACIONAL PARA SISTEMAS DE INFORMAÇÃO,A1,A1,IC,nao_informada,Yuri,Yuri,1,YURI ABITBOL DE MENEZES,True,ativa,,3,395.455,dados/brutos/QH-2026-1.pdf
2026-1-TCC00334-A1,2026-1,TCC00334,TCC00334,TCC00334,PRINCÍPIOS DE BANCO DE DADOS,A1,A1,IC,nao_informada,Daniel,Daniel,1,DANIEL CARDOSO,True,ativa,,3,424.015,dados/brutos/QH-2026-1.pdf
2026-1-TCC00307-B1A1,2026-1,TCC00307,TCC00307,TCC00307,PROGRAMAÇÃO CIENTÍFICA,B1A1,B1A1,IC,nao_informada,Ricardo,Ricardo,1,RICARDO LEIDERMAN,True,ativa,,3,452.575,dados/brutos/QH-2026-1.pdf
2026-1-TCC00366-A1,2026-1,TCC00366,TCC00366,TCC00366,PROGRAMAÇÃO DE COMPUTADORES I,A1,A1,IC,nao_informada,Andre Renato,Andre Renato,1,ANDRE RENATO,True,ativa,,3,481.135,dados/brutos/QH-2026-1.pdf
2026-1-TCC00366-B1,2026-1,TCC00366,TCC00366,TCC00366,PROGRAMAÇÃO DE COMPUTADORES I,B1,B1,IC,nao_informada,Leo Cruz,Leo Cruz,1,LEONARDO CRUZ,True,ativa,,3,509.695,dados/brutos/QH-2026-1.pdf
2026-1-TCC00308-A1,2026-1,TCC00308,TCC00308,TCC00308,PROGRAMAÇÃO DE COMPUTADORES I,A1,A1,IC,nao_informada,Anselmo,Anselmo,1,ANSELMO ANTUNES,True,ativa,,4,52.735,dados/brutos/QH-2026-1.pdf
2026-1-TCC00308-B1,2026-1,TCC00308,TCC00308,TCC00308,PROGRAMAÇÃO DE COMPUTADORES I,B1,B1,IC,nao_informada,Igor Machado,Igor Machado,1,IGOR COELHO,True,ativa,,4,81.295,dados/brutos/QH-2026-1.pdf
2026-1-TCC00356-A1,2026-1,TCC00356,TCC00356,TCC00356,PROGRAMAÇÃO DE COMPUTADORES II,A1,A1,IC,nao_informada,Patrick,Patrick,1,PATRICK,True,ativa,,4,109.855,dados/brutos/QH-2026-1.pdf
2026-1-TCC00356-B1,2026-1,TCC00356,TCC00356,TCC00356,PROGRAMAÇÃO DE COMPUTADORES II,B1,B1,IC,nao_informada,Patrick,Patrick,1,PATRICK,True,ativa,,4,138.415,dados/brutos/QH-2026-1.pdf
2026-1-TCC00347-X1,2026-1,TCC00347,TCC00347,TCC00347,PROGRAMAÇÃO ESTRUTURADA,X1,X1,IC,nao_informada,Cristina Boeres,Cristina Boeres,1,MARIA BOERES,True,ativa,,4,166.975,dados/brutos/QH-2026-1.pdf
2026-1-TCC00347-A1,2026-1,TCC00347,TCC00347,TCC00347,PROGRAMAÇÃO ESTRUTURADA,A1,A1,IC,nao_informada,Yuri,Yuri,1,YURI ABITBOL,True,ativa,,4,195.535,dados/brutos/QH-2026-1.pdf
2026-1-TCC00347-B1,2026-1,TCC00347,TCC00347,TCC00347,PROGRAMAÇÃO ESTRUTURADA,B1,B1,IC,nao_informada,Aline Nascimento,Aline Nascimento,1,ALINE NASCIMENTO,True,ativa,,4,224.095,dados/brutos/QH-2026-1.pdf
2026-1-TCC00328-A1,2026-1,TCC00328,TCC00328,TCC00328,PROGRAMAÇÃO ORIENTADA A OBJETOS,A1,A1,IC,nao_informada,Rebeca,Rebeca,1,REBECA,True,ativa,,4,252.655,dados/brutos/QH-2026-1.pdf
2026-1-TCC00328-B1,2026-1,TCC00328,TCC00328,TCC00328,PROGRAMAÇÃO ORIENTADA A OBJETOS,B1,B1,IC,nao_informada,Rebeca,Rebeca,1,REBECA,True,ativa,,4,281.215,dados/brutos/QH-2026-1.pdf
2026-1-TCC00357-A1,2026-1,TCC00357,TCC00357,TCC00357,PROGRAMAÇÃO ORIENTADA A OBJETOS I,A1,A1,IC,nao_informada,Andre Renato,Andre Renato,1,ANDRE RENATO,True,ativa,,4,309.775,dados/brutos/QH-2026-1.pdf
2026-1-TCC00335-A1,2026-1,TCC00335,TCC00335,TCC00335,PROJETO DE BANCO DE DADOS PARA SI,A1,A1,IC,nao_informada,Marcos Bedo,Marcos Bedo,1,MARCOS BEDO,True,ativa,,4,338.335,dados/brutos/QH-2026-1.pdf
2026-1-TCC00312-A1,2026-1,TCC00312,TCC00312,TCC00312,PROJETO DE SOFTWARE,A1,A1,IC,nao_informada,Vania,Vania,1,VANIA NEVES,True,ativa,,4,366.895,dados/brutos/QH-2026-1.pdf
2026-1-TCC00338-A1,2026-1,TCC00338,TCC00338,TCC00338,PROJETO DE SOFTWARE,A1,A1,IC,nao_informada,Joao Pimentel,Joao Pimentel,1,JOÃO PIMENTEL,True,ativa,,4,395.455,dados/brutos/QH-2026-1.pdf
2026-1-TCC00311-A1,2026-1,TCC00311,TCC00311,TCC00311,PROJETO FINAL II,A1,A1,IC,nao_informada,Troy,Troy,1,TROY,True,incompleta,horario_ausente,4,424.015,dados/brutos/QH-2026-1.pdf
2026-1-TCC00365-A1,2026-1,TCC00365,TCC00365,TCC00365,QUALIDADE E TESTE DE SOFTWARE,A1,A1,IC,nao_informada,Vania,Vania,1,VANIA NEVES,True,ativa,,4,452.575,dados/brutos/QH-2026-1.pdf
2026-1-TCC00359-A1,2026-1,TCC00359,TCC00359,TCC00359,REDES DE COMPUTADORES,A1,A1,IC,nao_informada,Flavio Seixas,Flavio Seixas,1,FLAVIO SEIXAS,True,ativa,,4,481.135,dados/brutos/QH-2026-1.pdf
2026-1-TCC00359-Z1,2026-1,TCC00359,TCC00359,TCC00359,REDES DE COMPUTADORES,Z1,Z1,IC,nao_informada,Igor Moraes,Igor Moraes,1,IGOR MONTEIRO,True,ativa,,4,509.695,dados/brutos/QH-2026-1.pdf
2026-1-TCC00313-A1,2026-1,TCC00313,TCC00313,TCC00313,REDES DE COMPUTADORES I,A1,A1,IC,nao_informada,Celio,Celio,1,CELIO VINICIUS,True,ativa,,5,52.735,dados/brutos/QH-2026-1.pdf
2026-1-TCC00314-A1,2026-1,TCC00314,TCC00314,TCC00314,REDES DE COMPUTADORES II,A1,A1,IC,nao_informada,Celio,Celio,1,CELIO VINICIUS,True,ativa,,5,81.295,dados/brutos/QH-2026-1.pdf
2026-1-TCC00341-A1,2026-1,TCC00341,TCC00341,TCC00341,SEGURANÇA DA INFORMAÇÃO,A1,A1,IC,nao_informada,Raphael Machado,Raphael Machado,1,RAPHAEL MACHADO,True,ativa,,5,109.855,dados/brutos/QH-2026-1.pdf
2026-1-CGI00004-A1,2026-1,CGI00004,CGI00004,CGI00004,SEMINÁRIOS EM SISTEMAS DE INFORMAÇÃO,A1,A1,externa,nao_informada,Raphael Guerra,Raphael Guerra,1,RAPHAEL GUERRA,True,ativa,,5,138.415,dados/brutos/QH-2026-1.pdf
2026-1-TCC00358-A1,2026-1,TCC00358,TCC00358,TCC00358,SISTEMAS COMPUTACIONAIS,A1,A1,IC,nao_informada,Raphael Guerra,Raphael Guerra,1,RAPHAEL GUERRA,True,ativa,,5,166.975,dados/brutos/QH-2026-1.pdf
2026-1-TCC00358-B1,2026-1,TCC00358,TCC00358,TCC00358,SISTEMAS COMPUTACIONAIS,B1,B1,IC,nao_informada,Aline Nascimento,Aline Nascimento,1,ALINE NASCIMENTO,True,ativa,,5,195.535,dados/brutos/QH-2026-1.pdf
2026-1-TCC00315-A1,2026-1,TCC00315,TCC00315,TCC00315,SISTEMAS DISTRIBUÍDOS,A1,A1,IC,nao_informada,Flavia Delicato,Flavia Delicato,1,FLAVIA DELICATO,True,ativa,,5,224.095,dados/brutos/QH-2026-1.pdf
2026-1-TCC00362-A1,2026-1,TCC00362,TCC00362,TCC00362,SISTEMAS DISTRIBUÍDOS PARA SISTEMAS DE INFORMAÇÃO,A1,A1,IC,nao_informada,Flavia Delicato,Flavia Delicato,1,FLAVIA DELICATO,True,ativa,,5,252.655,dados/brutos/QH-2026-1.pdf
2026-1-TCC00316-A1,2026-1,TCC00316,TCC00316,TCC00316,SISTEMAS OPERACIONAIS,A1,A1,IC,nao_informada,Cristina Boeres,Cristina Boeres,1,MARIA BOERES,True,ativa,,5,281.215,dados/brutos/QH-2026-1.pdf
2026-1-TCC00242-A1,2026-1,TCC00242,TCC00242,TCC00242,TÓPICOS EM COMPUTAÇÃO II,A1,A1,IC,nao_informada,Martinhon,Martinhon,1,CARLOS MARTINHON,True,ativa,,5,309.775,dados/brutos/QH-2026-1.pdf
2026-1-TCC00253-A1,2026-1,TCC00253,TCC00253,TCC00253,TÓPICOS ESPECIAIS EM SISTEMAS DE PROGRAMAÇÃO I,A1,A1,IC,nao_informada,Marcelo Fornazin,Marcelo Fornazin,1,MARCELO FORNAZIN,True,ativa,,5,338.335,dados/brutos/QH-2026-1.pdf
2026-1-TCC00360-A1,2026-1,TCC00360,TCC00360,TCC00360,VISUALIZAÇÃO DE DADOS,A1,A1,IC,nao_informada,Marcos Lage,Marcos Lage,1,MARCOS LAGE,True,ativa,,5,366.895,dados/brutos/QH-2026-1.pdf
2026-1-TCC00205-A1,2026-1,TCC00205,TCC00205,TCC00205,LINGUAGENS DE PROGRAMAÇÃO EM LÓGICA Pós: Lógica,A1,A1,IC,obrigatoria_pos,Mario,Mario,1,MARIO BENEVIDES,True,ativa,,5,434.455,dados/brutos/QH-2026-1.pdf
2026-1-SEM-CODIGO-001-SEM-TURMA,2026-1,,,SEM-CODIGO-001,Pós: Algebra Linear Computacional,,,nao_identificada,obrigatoria_pos,Pedro,Pedro,1,PEDRO CORTEZ,True,ativa,codigo_ausente,5,469.975,dados/brutos/QH-2026-1.pdf
2026-1-TIC10001-SEM-TURMA,2026-1,TIC10001,TIC10001,TIC10001,Pós: Análise e Síntese de Algoritmos,,,IC,obrigatoria_pos,Luis Felipe,Luis Felipe,1,LUÍS FELIPE,True,ativa,,5,505.495,dados/brutos/QH-2026-1.pdf
2026-1-TIC10002-SEM-TURMA,2026-1,TIC10002,TIC10002,TIC10002,Pós: Estrutura de Dados e Algoritmos,,,IC,obrigatoria_pos,Rosseti,Rosseti,1,ISABEL ROSSETI,True,ativa,,6,56.215,dados/brutos/QH-2026-1.pdf
2026-1-TIC10003-SEM-TURMA,2026-1,TIC10003,TIC10003,TIC10003,Pós: Sistemas de Computação,,,IC,obrigatoria_pos,Lucia,Lucia,1,LÚCIA DRUMMOND,True,ativa,,6,91.735,dados/brutos/QH-2026-1.pdf
2026-1-TIC10005-SEM-TURMA,2026-1,TIC10005,TIC10005,TIC10005,Pós: Tratamento de Incertezas,,,IC,obrigatoria_pos,Guto,Guto,1,ANTONIO AUGUSTO,True,ativa,,6,127.255,dados/brutos/QH-2026-1.pdf
2026-1-TCC00319-A1,2026-1,TCC00319,TCC00319,TCC00319,ESTRUTURAS DE DADOS,A1,A1,IC,obrigatoria_outros_institutos,Mario,Mario,1,MARIO BENEVIDES,True,ativa,,6,198.295,dados/brutos/QH-2026-1.pdf
2026-1-TCC00319-B1,2026-1,TCC00319,TCC00319,TCC00319,ESTRUTURAS DE DADOS,B1,B1,IC,obrigatoria_outros_institutos,Pedro,Pedro,1,PEDRO CORTEZ,True,ativa,,6,233.815,dados/brutos/QH-2026-1.pdf
2026-1-TCC00320-A1,2026-1,TCC00320,TCC00320,TCC00320,INTRODUÇÃO A PROJETO DE BANCO DE DADOS,A1,A1,IC,obrigatoria_outros_institutos,Rodrigo,Rodrigo,1,RODRIGO SALVADOR,True,ativa,,6,269.335,dados/brutos/QH-2026-1.pdf
2026-1-TCC00320-B1,2026-1,TCC00320,TCC00320,TCC00320,INTRODUÇÃO A PROJETO DE BANCO DE DADOS,B1,B1,IC,obrigatoria_outros_institutos,Luiz Andre,Luiz Andre,1,LUIZ ANDRE,True,ativa,,6,304.855,dados/brutos/QH-2026-1.pdf
2026-1-TCC00328-C1,2026-1,TCC00328,TCC00328,TCC00328,PROGRAMAÇÃO ORIENTADA A OBJETOS,C1,C1,IC,obrigatoria_outros_institutos,Carlos Ribeiro,Carlos Ribeiro,1,CARLOS RIBEIRO,True,ativa,,6,340.375,dados/brutos/QH-2026-1.pdf
2026-1-TCC00325-A1,2026-1,TCC00325,TCC00325,TCC00325,MÉTODOS NUMÉRICOS,A1,A1,IC,servico,Aura,Aura,1,AURA CONCI,True,ativa,,6,411.415,dados/brutos/QH-2026-1.pdf
2026-1-TCC00325-B1,2026-1,TCC00325,TCC00325,TCC00325,MÉTODOS NUMÉRICOS,B1,B1,IC,servico,Andre Brabo,Andre Brabo,1,ANDRE MAUES,True,ativa,,6,446.935,dados/brutos/QH-2026-1.pdf
2026-1-TCC00325-C1,2026-1,TCC00325,TCC00325,TCC00325,MÉTODOS NUMÉRICOS,C1,C1,IC,servico,Ana Carolina,Ana Carolina,1,ANA CAROLINA,True,ativa,,6,482.455,dados/brutos/QH-2026-1.pdf
2026-1-TCC00325-D1,2026-1,TCC00325,TCC00325,TCC00325,MÉTODOS NUMÉRICOS,D1,D1,IC,servico,Ana Carolina,Ana Carolina,1,ANA CAROLINA,True,ativa,,6,517.975,dados/brutos/QH-2026-1.pdf
2026-1-TCC00325-E1,2026-1,TCC00325,TCC00325,TCC00325,MÉTODOS NUMÉRICOS,E1,E1,IC,servico,Helena,Helena,1,HELENA,True,ativa,,7,56.215,dados/brutos/QH-2026-1.pdf
2026-1-TCC00325-F1,2026-1,TCC00325,TCC00325,TCC00325,MÉTODOS NUMÉRICOS,F1,F1,IC,servico,Helena,Helena,1,HELENA,True,ativa,,7,91.735,dados/brutos/QH-2026-1.pdf
2026-1-TCC00325-G1,2026-1,TCC00325,TCC00325,TCC00325,MÉTODOS NUMÉRICOS,G1,G1,IC,servico,Helena,Helena,1,HELENA,True,ativa,,7,127.255,dados/brutos/QH-2026-1.pdf
2026-1-TCC00326-D1,2026-1,TCC00326,TCC00326,TCC00326,PROGRAMAÇÃO DE COMPUTADORES,D1,D1,IC,servico,Mauricio,Mauricio,1,MAURICIO PIRES,True,ativa,,7,162.775,dados/brutos/QH-2026-1.pdf
2026-1-TCC00326-D2,2026-1,TCC00326,TCC00326,TCC00326,PROGRAMAÇÃO DE COMPUTADORES,D2,D2,IC,servico,Andre Renato,Andre Renato,1,ANDRE RENATO,True,ativa,,7,198.295,dados/brutos/QH-2026-1.pdf
2026-1-TCC00326-E1,2026-1,TCC00326,TCC00326,TCC00326,PROGRAMAÇÃO DE COMPUTADORES,E1,E1,IC,servico,Andre Silveira,Andre Silveira,1,ANDRÉ SILVEIRA,True,ativa,,7,233.815,dados/brutos/QH-2026-1.pdf
2026-1-TCC00326-F1,2026-1,TCC00326,TCC00326,TCC00326,PROGRAMAÇÃO DE COMPUTADORES,F1,F1,IC,servico,John,John,1,JOHN REED,True,ativa,,7,269.335,dados/brutos/QH-2026-1.pdf
2026-1-TCC00326-F2,2026-1,TCC00326,TCC00326,TCC00326,PROGRAMAÇÃO DE COMPUTADORES,F2,F2,IC,servico,Kowada,Kowada,1,LUIS KOWADA,True,ativa,,7,304.855,dados/brutos/QH-2026-1.pdf
2026-1-TCC00326-F3,2026-1,TCC00326,TCC00326,TCC00326,PROGRAMAÇÃO DE COMPUTADORES,F3,F3,IC,servico,Lauro,Lauro,1,LAURO,True,ativa,,7,340.375,dados/brutos/QH-2026-1.pdf
2026-1-TCC00326-G1,2026-1,TCC00326,TCC00326,TCC00326,PROGRAMAÇÃO DE COMPUTADORES,G1,G1,IC,servico,John,John,1,JOHN REED,True,ativa,,7,375.895,dados/brutos/QH-2026-1.pdf
2026-1-TCC00326-G2,2026-1,TCC00326,TCC00326,TCC00326,PROGRAMAÇÃO DE COMPUTADORES,G2,G2,IC,servico,Christiano,Christiano,1,CHRISTIANO BRAGA,True,ativa,,7,411.415,dados/brutos/QH-2026-1.pdf
2026-1-TCC00326-G3,2026-1,TCC00326,TCC00326,TCC00326,PROGRAMAÇÃO DE COMPUTADORES,G3,G3,IC,servico,Paulo Pires,Paulo Pires,1,PAULO PIRES,True,ativa,,7,446.935,dados/brutos/QH-2026-1.pdf
2026-1-TCC00326-G4,2026-1,TCC00326,TCC00326,TCC00326,PROGRAMAÇÃO DE COMPUTADORES,G4,G4,IC,servico,Mariza,Mariza,1,MARIZA FERRO,True,ativa,,7,482.455,dados/brutos/QH-2026-1.pdf
2026-1-TCC00326-H1,2026-1,TCC00326,TCC00326,TCC00326,PROGRAMAÇÃO DE COMPUTADORES,H1,H1,IC,servico,Loana,Loana,1,LOANA TITO,True,ativa,,7,517.975,dados/brutos/QH-2026-1.pdf
2026-1-TCC00326-H2,2026-1,TCC00326,TCC00326,TCC00326,PROGRAMAÇÃO DE COMPUTADORES,H2,H2,IC,servico,Christiano,Christiano,1,CHRISTIANO BRAGA,True,ativa,,8,56.215,dados/brutos/QH-2026-1.pdf
2026-1-TCC00326-H3,2026-1,TCC00326,TCC00326,TCC00326,PROGRAMAÇÃO DE COMPUTADORES,H3,H3,IC,servico,Lauro,Lauro,1,LAURO,True,ativa,,8,91.735,dados/brutos/QH-2026-1.pdf
2026-1-TCC00326-H4,2026-1,TCC00326,TCC00326,TCC00326,PROGRAMAÇÃO DE COMPUTADORES,H4,H4,IC,servico,Martinhon,Martinhon,1,CARLOS MARTINHON,True,ativa,,8,127.255,dados/brutos/QH-2026-1.pdf
2026-1-TCC00326-J1,2026-1,TCC00326,TCC00326,TCC00326,PROGRAMAÇÃO DE COMPUTADORES,J1,J1,IC,servico,,,0,----,False,incompleta,professor_ausente,8,162.775,dados/brutos/QH-2026-1.pdf
2026-1-TCC00326-J2,2026-1,TCC00326,TCC00326,TCC00326,PROGRAMAÇÃO DE COMPUTADORES,J2,J2,IC,servico,Christiano,Christiano,1,CHRISTIANO BRAGA,True,ativa,,8,198.295,dados/brutos/QH-2026-1.pdf
2026-1-TCC00280-A1,2026-1,TCC00280,TCC00280,TCC00280,COMPUTAÇÃO E MEIO AMBIENTE,A1,A1,IC,optativa,Jose Raphael,Jose Raphael,1,JOSE RAPHAEL,True,ativa,,8,245.095,dados/brutos/QH-2026-1.pdf
2026-1-TCC00195-A1,2026-1,TCC00195,TCC00195,TCC00195,METAHEURÍSTICAS Pós: Inteligência Computacional,A1,A1,IC,optativa,Satoru,Satoru,1,LUIZ SATORU,True,ativa,,8,280.615,dados/brutos/QH-2026-1.pdf
2026-1-SEM-CODIGO-002-SEM-TURMA,2026-1,,,SEM-CODIGO-002,Pós: Aprendizado Profundo e Física Computacional,,,nao_identificada,optativa,Andre Brabo,Andre Brabo,1,ANDRÉ MAUES,True,ativa,codigo_ausente,8,316.255,dados/brutos/QH-2026-1.pdf
2026-1-SEM-CODIGO-003-SEM-TURMA,2026-1,,,SEM-CODIGO-003,Pós: Ciência Aberta,,,nao_identificada,optativa,Viterbo,Viterbo,1,JOSE VITERBO,True,ativa,codigo_ausente,8,351.655,dados/brutos/QH-2026-1.pdf
2026-1-SEM-CODIGO-004-SEM-TURMA,2026-1,,,SEM-CODIGO-004,Pós: Desenvolvimento de jogos e realidade virtual,,,nao_identificada,optativa,Esteban,Esteban,1,ESTEBAN CLUA,True,ativa,codigo_ausente,8,387.175,dados/brutos/QH-2026-1.pdf
2026-1-SEM-CODIGO-005-SEM-TURMA,2026-1,,,SEM-CODIGO-005,Pós: Métodos Computacionais para a Propagação de Ondas,,,nao_identificada,optativa,Ricardo,Ricardo,1,RICARDO LEIDERMAN,True,ativa,codigo_ausente,8,422.815,dados/brutos/QH-2026-1.pdf
2026-1-SEM-CODIGO-006-SEM-TURMA,2026-1,,,SEM-CODIGO-006,Pós: Otimização em Grafos,,,nao_identificada,optativa,Fabio,Fabio,1,FÁBIO PROTTI,True,ativa,codigo_ausente,8,458.215,dados/brutos/QH-2026-1.pdf
2026-1-SEM-CODIGO-007-SEM-TURMA,2026-1,,,SEM-CODIGO-007,Pós: Redes de Computadores,,,nao_identificada,optativa,Igor Moraes,Igor Moraes,1,IGOR MONTEIRO,True,ativa,codigo_ausente,8,493.735,dados/brutos/QH-2026-1.pdf
2026-1-SEM-CODIGO-008-SEM-TURMA,2026-1,,,SEM-CODIGO-008,Pós: UX Design - Aplicando IA no Processo Criativo Centrado no Humano,,,nao_identificada,optativa,Daniela,Daniela,1,DANIELA TREVISAN,True,ativa,codigo_ausente,8,529.375,dados/brutos/QH-2026-1.pdf
2026-1-SEM-CODIGO-009-SEM-TURMA,2026-1,,,SEM-CODIGO-009,Pós: Visualização de Dados,,,nao_identificada,optativa,Marcos Lage,Marcos Lage,1,MARCOS LAGE,True,ativa,codigo_ausente,9,56.215,dados/brutos/QH-2026-1.pdf
2026-1-TCC00244-A1,2026-1,TCC00244,TCC00244,TCC00244,TÓPICOS EM BANCO DE DADOS I Pós: eScience,A1,A1,IC,optativa,Vanessa,Vanessa,1,VANESSA BRAGANHOLO,True,ativa,,9,91.735,dados/brutos/QH-2026-1.pdf
2026-1-TCC00241-A1,2026-1,TCC00241,TCC00241,TCC00241,TÓPICOS EM COMPUTAÇÃO I Pós: Visão Computacional,A1,A1,IC,optativa,Leandro Fernandes,Leandro Fernandes,1,LEANDRO FERNANDES,True,ativa,,9,127.255,dados/brutos/QH-2026-1.pdf
2026-1-TCC00250-A1,2026-1,TCC00250,TCC00250,TCC00250,TÓPICOS EM ENGENHARIA DE SOFWARE I Pós: Game Analytics,A1,A1,IC,optativa,Troy,Troy,1,TROY,True,ativa,,9,162.775,dados/brutos/QH-2026-1.pdf
2026-1-TCC00251-A1,2026-1,TCC00251,TCC00251,TCC00251,TÓPICOS EM ENGENHARIA DE SOFWARE II Pós: Controle de Versão,A1,A1,IC,optativa,Leo Murta,Leo Murta,1,LEONARDO MURTA,True,ativa,,9,198.295,dados/brutos/QH-2026-1.pdf
2026-1-TCC00259-A1,2026-1,TCC00259,TCC00259,TCC00259,TÓPICOS EM INTELIGÊNCIA ARTIFICIAL I Aprendizado Profundo,A1,A1,IC,optativa,Luiz Bez,Luiz Bez,1,LUIZ BEZ,True,ativa,,9,233.815,dados/brutos/QH-2026-1.pdf
2026-1-TCC00260-A1,2026-1,TCC00260,TCC00260,TCC00260,TÓPICOS EM INTELIGÊNCIA ARTIFICIAL II Pós: Aprendizado de Máquina,A1,A1,IC,optativa,Taiane,Taiane,1,TAIANE COELHO,True,ativa,,9,269.335,dados/brutos/QH-2026-1.pdf
2026-1-TCC00271-A1,2026-1,TCC00271,TCC00271,TCC00271,TÓPICOS EM LINGUAGEM DE PROGRAMAÇÃO I,A1,A1,IC,optativa,Patrick,Patrick,1,PATRICK,True,ativa,,9,304.855,dados/brutos/QH-2026-1.pdf
2026-1-TCC00230-A1,2026-1,TCC00230,TCC00230,TCC00230,TÓPICOS ESPECIAIS EM SEGURANÇA DA INFORMAÇÃO Pós: Criptografia,A1,A1,IC,optativa,Kowada,Kowada,1,LUIS KOWADA,True,ativa,,9,340.375,dados/brutos/QH-2026-1.pdf
2026-2-TCC00265-SEM-TURMA,2026-2,TCC00265,TCC00265,TCC00265,TÓPICOS EM INTERFACE HOMEM MÁQUINA (GRAD. E PÓS),,--,IC,graduacao_pos_explicita_no_nome,Luciana,Luciana,1,Luciana Salgado,True,ativa,,1,68.216,dados/brutos/QH-2026-2.pdf
2026-2-TCC00284-A1,2026-2,TCC00284,TCC00284,TCC00284,ALGORITMOS EM GRAFOS,A1,A1,IC,nao_informada,Fabio,Fabio,1,Fabio,True,ativa,,1,98.336,dados/brutos/QH-2026-2.pdf
2026-2-TCC00203-SEM-TURMA,2026-2,TCC00203,TCC00203,TCC00203,ANÁLISE / PROCESSAMENTO DE IMAGENS (GRAD. E PÓS),,--,IC,graduacao_pos_explicita_no_nome,Aura,Aura,1,Aura,True,ativa,,1,128.456,dados/brutos/QH-2026-2.pdf
2026-2-SEM-CODIGO-001-SEM-TURMA,2026-2,,--,SEM-CODIGO-001,ANÁLISE COMPUTACIONAL DE SISTEMAS DE POTÊNCIA (GRAD. E PÓS),,--,nao_identificada,graduacao_pos_explicita_no_nome,Julio Stacchini,Julio Stacchini,1,Julio Stacchini,False,ativa,codigo_ausente;normalizacao_docente_nao_verificada,1,158.576,dados/brutos/QH-2026-2.pdf
2026-2-TCC00285-A1,2026-2,TCC00285,TCC00285,TCC00285,ANÁLISE E PROJETO DE ALGORITMOS,A1,A1,IC,nao_informada,,Raquel;Martinhon,2,Raquel / Martinhon,True,ativa,multiplos_professores,1,188.696,dados/brutos/QH-2026-2.pdf
2026-2-TCC00285-X1,2026-2,TCC00285,TCC00285,TCC00285,ANÁLISE E PROJETO DE ALGORITMOS,X1,X1,IC,nao_informada,Luis Felipe,Luis Felipe,1,Luis Felipe,True,ativa,,1,218.816,dados/brutos/QH-2026-2.pdf
2026-2-TIC10001-SEM-TURMA,2026-2,TIC10001,TIC10001,TIC10001,ANÁLISE E SÍNTESE DE ALGORITMOS (GRAD. E PÓS),,--,IC,graduacao_pos_explicita_no_nome,Fabio,Fabio,1,Fabio,True,ativa,,1,248.936,dados/brutos/QH-2026-2.pdf
2026-2-TCC00286-A1,2026-2,TCC00286,TCC00286,TCC00286,ARQUITETURAS DE COMPUTADORES,A1,A1,IC,nao_informada,Vinod,Vinod,1,Vinod,True,ativa,,1,279.056,dados/brutos/QH-2026-2.pdf
2026-2-TCC00286-B1,2026-2,TCC00286,TCC00286,TCC00286,ARQUITETURAS DE COMPUTADORES,B1,B1,IC,nao_informada,Cristina Boeres,Cristina Boeres,1,Cristina Boeres,True,ativa,,1,309.176,dados/brutos/QH-2026-2.pdf
2026-2-TCC00349-A1,2026-2,TCC00349,TCC00349,TCC00349,AVALIAÇÃO DE DESEMPENHO,A1,A1,IC,nao_informada,Guto,Guto,1,Guto,True,ativa,,1,339.296,dados/brutos/QH-2026-2.pdf
2026-2-TCC00287-A1,2026-2,TCC00287,TCC00287,TCC00287,BANCO DE DADOS I,A1,A1,IC,nao_informada,Vanessa,Vanessa,1,Vanessa,True,ativa,,1,369.416,dados/brutos/QH-2026-2.pdf
2026-2-TCC00288-A1,2026-2,TCC00288,TCC00288,TCC00288,BANCO DE DADOS II,A1,A1,IC,nao_informada,Rodrigo,Rodrigo,1,Rodrigo,True,ativa,,1,399.536,dados/brutos/QH-2026-2.pdf
2026-2-TCC00336-A1,2026-2,TCC00336,TCC00336,TCC00336,BANCO DE DADOS NÃO CONVENCIONAIS,A1,A1,IC,nao_informada,Daniel,Daniel,1,Daniel,True,ativa,,1,429.656,dados/brutos/QH-2026-2.pdf
2026-2-TCC00194-SEM-TURMA,2026-2,TCC00194,TCC00194,TCC00194,BIOLOGIA COMPUTACIONAL (OPTATIVA),,--,IC,optativa_explicita_no_nome,Helena,Helena,1,Helena,True,ativa,,1,459.776,dados/brutos/QH-2026-2.pdf
2026-2-TCC00289-A1,2026-2,TCC00289,TCC00289,TCC00289,COMPILADORES,A1,A1,IC,nao_informada,Flavia Bernardini,Flavia Bernardini,1,Flavia Bernardini,True,ativa,,1,489.896,dados/brutos/QH-2026-2.pdf
2026-2-TCC00290-A1,2026-2,TCC00290,TCC00290,TCC00290,COMPUTAÇÃO E SOCIEDADE,A1,A1,IC,nao_informada,Jose Raphael,Jose Raphael,1,José Raphael,True,ativa,,1,520.016,dados/brutos/QH-2026-2.pdf
2026-2-TCC00222-A1,2026-2,TCC00222,TCC00222,TCC00222,COMPUTAÇÃO E SOCIEDADE PARA SI,A1,A1,IC,nao_informada,Marcelo Fornazin,Marcelo Fornazin,1,Fornazin,True,ativa,,2,53.096,dados/brutos/QH-2026-2.pdf
2026-2-TCC00291-A1,2026-2,TCC00291,TCC00291,TCC00291,COMPUTAÇÃO GRÁFICA,A1,A1,IC,nao_informada,Marcos Lage,Marcos Lage,1,Marcos Lage,True,ativa,,2,83.216,dados/brutos/QH-2026-2.pdf
2026-2-SEM-CODIGO-002-SEM-TURMA,2026-2,,--,SEM-CODIGO-002,COMPUTAÇÃO MÓVEL,,--,nao_identificada,nao_informada,Celio,Celio,1,Célio,True,ativa,codigo_ausente,2,113.336,dados/brutos/QH-2026-2.pdf
2026-2-TCC00226-A1,2026-2,TCC00226,TCC00226,TCC00226,DESENVOLVIMENTO WEB,A1,A1,IC,nao_informada,Carlos Ribeiro,Carlos Ribeiro,1,Carlos Ribeiro,True,ativa,,2,143.456,dados/brutos/QH-2026-2.pdf
2026-2-TCC00225-A1,2026-2,TCC00225,TCC00225,TCC00225,ENGENHARIA DE SOFTWARE,A1,A1,IC,nao_informada,Rebeca,Rebeca,1,Rebeca,True,ativa,,2,173.576,dados/brutos/QH-2026-2.pdf
2026-2-TCC00292-A1,2026-2,TCC00292,TCC00292,TCC00292,ENGENHARIA DE SOFTWARE I,A1,A1,IC,nao_informada,Leo Murta,Leo Murta,1,Leo Murta,True,ativa,,2,203.696,dados/brutos/QH-2026-2.pdf
2026-2-TCC00293-A1,2026-2,TCC00293,TCC00293,TCC00293,ENGENHARIA DE SOFTWARE II,A1,A1,IC,nao_informada,Leo Murta,Leo Murta,1,Leo Murta,True,ativa,,2,233.816,dados/brutos/QH-2026-2.pdf
2026-2-TIC10002-SEM-TURMA,2026-2,TIC10002,TIC10002,TIC10002,ESTRUTURA DE DADOS E ALGORITMOS (GRAD. E PÓS),,--,IC,graduacao_pos_explicita_no_nome,Igor Machado,Igor Machado,1,Igor Machado,True,ativa,,2,263.936,dados/brutos/QH-2026-2.pdf
2026-2-TCC00319-S1,2026-2,TCC00319,TCC00319,TCC00319,ESTRUTURAS DE DADOS (p/ Eng. de Telecom.),S1,S1,IC,nao_informada,Taiane,Taiane,1,Taiane,True,ativa,,2,294.056,dados/brutos/QH-2026-2.pdf
2026-2-TCC00319-T1,2026-2,TCC00319,TCC00319,TCC00319,ESTRUTURAS DE DADOS (p/ Eng. Elétrica),T1,T1,IC,nao_informada,Pedro,Pedro,1,Pedro,True,ativa,,2,324.176,dados/brutos/QH-2026-2.pdf
2026-2-TCC00348-A1,2026-2,TCC00348,TCC00348,TCC00348,ESTRUTURAS DE DADOS E SEUS ALGORITMOS,A1,A1,IC,nao_informada,Rosseti,Rosseti,1,Isabel Rosseti,True,ativa,,2,354.296,dados/brutos/QH-2026-2.pdf
2026-2-TCC00348-B1,2026-2,TCC00348,TCC00348,TCC00348,ESTRUTURAS DE DADOS E SEUS ALGORITMOS,B1,B1,IC,nao_informada,Vanessa,Vanessa,1,Vanessa,True,ativa,,2,384.416,dados/brutos/QH-2026-2.pdf
2026-2-TCC00331-A1,2026-2,TCC00331,TCC00331,TCC00331,ESTRUTURAS DE DADOS PARA SI,A1,A1,IC,nao_informada,Raphael Machado,Raphael Machado,1,Raphael Machado,True,ativa,,2,414.536,dados/brutos/QH-2026-2.pdf
2026-2-TCC00331-B1,2026-2,TCC00331,TCC00331,TCC00331,ESTRUTURAS DE DADOS PARA SI,B1,B1,IC,nao_informada,Taiane,Taiane,1,Taiane,True,ativa,,2,444.656,dados/brutos/QH-2026-2.pdf
2026-2-TCC00371-A1,2026-2,TCC00371,TCC00371,TCC00371,ÉTICA EM INT. ARTIFICIAL E CIÊNCIA DE DADOS,A1,A1,IC,nao_informada,Mariza,Mariza,1,Mariza,True,ativa,,2,474.776,dados/brutos/QH-2026-2.pdf
2026-2-SEM-CODIGO-003-SEM-TURMA,2026-2,,--,SEM-CODIGO-003,ÉTICA EM INTELIGÊNCIA ARTIFICIAL,,--,nao_identificada,nao_informada,Mariza,Mariza,1,Mariza,True,ativa,codigo_ausente,2,504.896,dados/brutos/QH-2026-2.pdf
2026-2-TCC00296-A1,2026-2,TCC00296,TCC00296,TCC00296,FUNDAMENTOS DE ARQUITETURAS DE COMPUTADORES,A1,A1,IC,nao_informada,Aline Nascimento,Aline Nascimento,1,Aline Nascimento,True,ativa,,3,53.096,dados/brutos/QH-2026-2.pdf
2026-2-TCC00296-B1,2026-2,TCC00296,TCC00296,TCC00296,FUNDAMENTOS DE ARQUITETURAS DE COMPUTADORES,B1,B1,IC,nao_informada,Vinod,Vinod,1,Vinod,True,ativa,,3,83.216,dados/brutos/QH-2026-2.pdf
2026-2-TCC00332-A1,2026-2,TCC00332,TCC00332,TCC00332,FUNDAMENTOS DE SISTEMAS DE INFORMAÇÃO,A1,A1,IC,nao_informada,Leo Cruz,Leo Cruz,1,Leo Cruz,True,ativa,,3,113.336,dados/brutos/QH-2026-2.pdf
2026-2-TCC00332-B1,2026-2,TCC00332,TCC00332,TCC00332,FUNDAMENTOS DE SISTEMAS DE INFORMAÇÃO,B1,B1,IC,nao_informada,Leo Cruz,Leo Cruz,1,Leo Cruz,True,ativa,,3,143.456,dados/brutos/QH-2026-2.pdf
2026-2-TCC00354-A1,2026-2,TCC00354,TCC00354,TCC00354,FUNDAMENTOS MATEMÁTICOS PARA COMP.,A1,A1,IC,nao_informada,,Martinhon;Raquel,2,Martinhon / Raquel,True,ativa,multiplos_professores,3,173.576,dados/brutos/QH-2026-2.pdf
2026-2-TCC00354-B1,2026-2,TCC00354,TCC00354,TCC00354,FUNDAMENTOS MATEMÁTICOS PARA COMP.,B1,B1,IC,nao_informada,Thiago,Thiago,1,Thiago,False,ativa,normalizacao_docente_nao_verificada,3,203.696,dados/brutos/QH-2026-2.pdf
2026-2-TCC00363-A1,2026-2,TCC00363,TCC00363,TCC00363,GERÊNCIA DE PROJETOS E MANUT DE SOFTWARE,A1,A1,IC,nao_informada,Rebeca,Rebeca,1,Rebeca,True,ativa,,3,233.816,dados/brutos/QH-2026-2.pdf
2026-2-TCC00324-A1,2026-2,TCC00324,TCC00324,TCC00324,GOVERNANÇA EM TECNOLOGIA DA INFORMAÇÃO,A1,A1,IC,nao_informada,Marcelo Fornazin,Marcelo Fornazin,1,Fornazin,True,ativa,,3,263.936,dados/brutos/QH-2026-2.pdf
2026-2-TCC00297-A1,2026-2,TCC00297,TCC00297,TCC00297,INTELIGÊNCIA ARTIFICIAL,A1,A1,IC,nao_informada,Flavia Bernardini,Flavia Bernardini,1,Flavia Bernardini,True,ativa,,3,294.056,dados/brutos/QH-2026-2.pdf
2026-2-SEM-CODIGO-004-SEM-TURMA,2026-2,,--,SEM-CODIGO-004,INTELIGÊNCIA COMPUTACIONAL (GRAD. E PÓS),,--,nao_identificada,graduacao_pos_explicita_no_nome,Satoru,Satoru,1,Satoru,True,ativa,codigo_ausente,3,324.176,dados/brutos/QH-2026-2.pdf
2026-2-TCC00298-A1,2026-2,TCC00298,TCC00298,TCC00298,INTERFACE HOMEM MAQUINA,A1,A1,IC,nao_informada,Luciana,Luciana,1,Luciana,True,ativa,,3,354.296,dados/brutos/QH-2026-2.pdf
2026-2-TCC00337-A1,2026-2,TCC00337,TCC00337,TCC00337,INTRODUÇÃO A INTERAÇÃO HUMANO-COMPUTADOR,A1,A1,IC,nao_informada,Daniela,Daniela,1,Daniela,True,ativa,,3,384.416,dados/brutos/QH-2026-2.pdf
2026-2-TCC00320-S1,2026-2,TCC00320,TCC00320,TCC00320,INTRODUÇÃO A PROJETO DE BANCO DE DADOS,S1,S1,IC,nao_informada,Rodrigo,Rodrigo,1,Rodrigo,True,ativa,,3,414.536,dados/brutos/QH-2026-2.pdf
2026-2-TCC00320-T1,2026-2,TCC00320,TCC00320,TCC00320,INTRODUÇÃO A PROJETO DE BANCO DE DADOS,T1,T1,IC,nao_informada,Luiz Andre,Luiz Andre,1,Luiz André,True,ativa,,3,444.656,dados/brutos/QH-2026-2.pdf
2026-2-TCC00361-A1,2026-2,TCC00361,TCC00361,TCC00361,INTRODUÇÃO AO DESENVOLVIMENTO WEB,A1,A1,IC,nao_informada,Viterbo,Viterbo,1,Viterbo,True,ativa,,3,474.776,dados/brutos/QH-2026-2.pdf
2026-2-TCC00301-A-A/B-A,2026-2,TCC00301,TCC00301,TCC00301,LAB. DE PROGRAMAÇÃO DE JOGOS,A-A/B-A,A-A/B-A,IC,nao_informada,Esteban,Esteban,1,Esteban,True,ativa,,3,504.896,dados/brutos/QH-2026-2.pdf
2026-2-TCC00344-A1,2026-2,TCC00344,TCC00344,TCC00344,LAB. DE PROGRAMAÇÃO PARALELA,A1,A1,IC,nao_informada,Lucia,Lucia,1,Lúcia Drummond,True,ativa,,4,53.096,dados/brutos/QH-2026-2.pdf
2026-2-TCC00346-A-A/C-A,2026-2,TCC00346,TCC00346,TCC00346,LAB. DE RESOLUÇÃO DE PROBLEMAS,A-A/C-A,A-A/C-A,IC,nao_informada,Andre Renato,Andre Renato,1,Andre Renato,True,ativa,,4,83.216,dados/brutos/QH-2026-2.pdf
2026-2-TCC00355-E-A,2026-2,TCC00355,TCC00355,TCC00355,LABORATÓRIO DE RESOLUÇÃO DE PROBLEMAS,E-A,E-A,IC,nao_informada,Miguel,Miguel,1,Miguel,False,ativa,normalizacao_docente_nao_verificada,4,113.336,dados/brutos/QH-2026-2.pdf
2026-2-TCC00355-F-A,2026-2,TCC00355,TCC00355,TCC00355,LABORATÓRIO DE RESOLUÇÃO DE PROBLEMAS,F-A,F-A,IC,nao_informada,Andre Silveira,Andre Silveira,1,André Silveira,True,ativa,,4,143.456,dados/brutos/QH-2026-2.pdf
2026-2-TCC00304-A1,2026-2,TCC00304,TCC00304,TCC00304,LINGUAGENS DE PROGRAMAÇÃO,A1,A1,IC,nao_informada,Bruno,Bruno,1,Bruno,True,ativa,,4,173.576,dados/brutos/QH-2026-2.pdf
2026-2-TCC00305-A1,2026-2,TCC00305,TCC00305,TCC00305,LINGUAGENS FORMAIS E TEORIA DA COMPUTAÇÃO,A1,A1,IC,nao_informada,Mario,Mario,1,Mario,True,ativa,,4,203.696,dados/brutos/QH-2026-2.pdf
2026-2-TCC00305-X1,2026-2,TCC00305,TCC00305,TCC00305,LINGUAGENS FORMAIS E TEORIA DA COMPUTAÇÃO,X1,X1,IC,nao_informada,Kowada,Kowada,1,Kowada,True,ativa,,4,233.816,dados/brutos/QH-2026-2.pdf
2026-2-SEM-CODIGO-005-SEM-TURMA,2026-2,,--,SEM-CODIGO-005,LÓGICA (GRAD. E PÓS),,--,nao_identificada,graduacao_pos_explicita_no_nome,Bruno,Bruno,1,Bruno,True,ativa,codigo_ausente,4,263.936,dados/brutos/QH-2026-2.pdf
2026-2-TCC00325-A1,2026-2,TCC00325,TCC00325,TCC00325,MÉTODOS NUMÉRICOS,A1,A1,IC,nao_informada,Aura,Aura,1,Aura,True,ativa,,4,294.056,dados/brutos/QH-2026-2.pdf
2026-2-TCC00325-B1,2026-2,TCC00325,TCC00325,TCC00325,MÉTODOS NUMÉRICOS,B1,B1,IC,nao_informada,Ricardo,Ricardo,1,Ricardo,True,ativa,,4,324.176,dados/brutos/QH-2026-2.pdf
2026-2-TCC00325-C1,2026-2,TCC00325,TCC00325,TCC00325,MÉTODOS NUMÉRICOS,C1,C1,IC,nao_informada,Ana Carolina,Ana Carolina,1,Ana Carolina,True,ativa,,4,354.296,dados/brutos/QH-2026-2.pdf
2026-2-TCC00325-D1,2026-2,TCC00325,TCC00325,TCC00325,MÉTODOS NUMÉRICOS,D1,D1,IC,nao_informada,Ana Carolina,Ana Carolina,1,Ana Carolina,True,ativa,,4,384.416,dados/brutos/QH-2026-2.pdf
2026-2-TCC00325-E1,2026-2,TCC00325,TCC00325,TCC00325,MÉTODOS NUMÉRICOS,E1,E1,IC,nao_informada,Helena,Helena,1,Helena,True,ativa,,4,414.536,dados/brutos/QH-2026-2.pdf
2026-2-TCC00325-F1,2026-2,TCC00325,TCC00325,TCC00325,MÉTODOS NUMÉRICOS,F1,F1,IC,nao_informada,Helena,Helena,1,Helena,True,ativa,,4,444.656,dados/brutos/QH-2026-2.pdf
2026-2-TCC00325-G1,2026-2,TCC00325,TCC00325,TCC00325,MÉTODOS NUMÉRICOS,G1,G1,IC,nao_informada,Luiz Bez,Luiz Bez,1,Luiz Bez,True,ativa,,4,474.776,dados/brutos/QH-2026-2.pdf
2026-2-TCC00306-A1,2026-2,TCC00306,TCC00306,TCC00306,METODOS NUMERICOS,A1,A1,IC,nao_informada,Ricardo,Ricardo,1,Ricardo,True,ativa,,4,504.896,dados/brutos/QH-2026-2.pdf
2026-2-TCC00200-SEM-TURMA,2026-2,TCC00200,TCC00200,TCC00200,MINERAÇÃO DE DADOS (GRAD. E PÓS),,--,IC,graduacao_pos_explicita_no_nome,Marcos Bedo,Marcos Bedo,1,Marcos Bedo,True,ativa,,5,53.096,dados/brutos/QH-2026-2.pdf
2026-2-TCC00330-A1,2026-2,TCC00330,TCC00330,TCC00330,MODELAGEM DE PROCESSO DE NEGÓCIOS,A1,A1,IC,nao_informada,Flavio Seixas,Flavio Seixas,1,Flavio Seixas,True,ativa,,5,83.216,dados/brutos/QH-2026-2.pdf
2026-2-TCC00368-A1,2026-2,TCC00368,TCC00368,TCC00368,P.O. PARA S.I. (WEB AVANC.),A1,A1,IC,nao_informada,Andre Renato,Andre Renato,1,Andre Renato,True,ativa,,5,113.336,dados/brutos/QH-2026-2.pdf
2026-2-TCC00318-A1,2026-2,TCC00318,TCC00318,TCC00318,PESQUISA OPERACIONAL,A1,A1,IC,nao_informada,Satoru,Satoru,1,Satoru,True,ativa,,5,143.456,dados/brutos/QH-2026-2.pdf
2026-2-TCC00334-A1,2026-2,TCC00334,TCC00334,TCC00334,PRINCIPIO DE BANCO DE DADOS,A1,A1,IC,nao_informada,Daniel,Daniel,1,Daniel,True,ativa,,5,173.576,dados/brutos/QH-2026-2.pdf
2026-2-TCC00328-A1,2026-2,TCC00328,TCC00328,TCC00328,PROG. ORIENTADA A OBJETOS,A1,A1,IC,nao_informada,Anselmo,Anselmo,1,Anselmo,True,ativa,,5,203.696,dados/brutos/QH-2026-2.pdf
2026-2-TCC00328-B1,2026-2,TCC00328,TCC00328,TCC00328,PROG. ORIENTADA A OBJETOS,B1,B1,IC,nao_informada,Carlos Ribeiro,Carlos Ribeiro,1,Carlos Ribeiro,True,ativa,,5,233.816,dados/brutos/QH-2026-2.pdf
2026-2-TCC00328-S1,2026-2,TCC00328,TCC00328,TCC00328,PROG. ORIENTADA A OBJETOS (Tele),S1,S1,IC,nao_informada,Luiz Andre,Luiz Andre,1,Luiz André,True,ativa,,5,263.936,dados/brutos/QH-2026-2.pdf
2026-2-TCC00357-A1,2026-2,TCC00357,TCC00357,TCC00357,PROG. ORIENTADA A OBJETOS I,A1,A1,IC,nao_informada,Igor Machado,Igor Machado,1,Igor Machado,True,ativa,,5,294.056,dados/brutos/QH-2026-2.pdf
2026-2-TCC00307-A1,2026-2,TCC00307,TCC00307,TCC00307,PROGRAMAÇÃO CIENTÍFICA,A1,A1,IC,nao_informada,Andre Brabo,Andre Brabo,1,Andre Brabo,True,ativa,,5,324.176,dados/brutos/QH-2026-2.pdf
2026-2-TCC00326-D1,2026-2,TCC00326,TCC00326,TCC00326,PROGRAMAÇÃO DE COMPUTADORES,D1,D1,IC,nao_informada,Leandro Fernandes,Leandro Fernandes,1,Leandro Fernandes,True,ativa,,5,354.296,dados/brutos/QH-2026-2.pdf
2026-2-TCC00326-D2,2026-2,TCC00326,TCC00326,TCC00326,PROGRAMAÇÃO DE COMPUTADORES,D2,D2,IC,nao_informada,Jose Raphael,Jose Raphael,1,J. Raphael,True,ativa,,5,384.416,dados/brutos/QH-2026-2.pdf
2026-2-TCC00326-D3,2026-2,TCC00326,TCC00326,TCC00326,PROGRAMAÇÃO DE COMPUTADORES,D3,D3,IC,nao_informada,Kowada,Kowada,1,Kowada,True,ativa,,5,414.536,dados/brutos/QH-2026-2.pdf
2026-2-TCC00326-E1,2026-2,TCC00326,TCC00326,TCC00326,PROGRAMAÇÃO DE COMPUTADORES,E1,E1,IC,nao_informada,Andre Silveira,Andre Silveira,1,André Silveira,True,ativa,,5,444.656,dados/brutos/QH-2026-2.pdf
2026-2-TCC00326-E2,2026-2,TCC00326,TCC00326,TCC00326,PROGRAMAÇÃO DE COMPUTADORES,E2,E2,IC,nao_informada,Miguel,Miguel,1,Miguel,False,ativa,normalizacao_docente_nao_verificada,5,474.776,dados/brutos/QH-2026-2.pdf
2026-2-TCC00326-F1,2026-2,TCC00326,TCC00326,TCC00326,PROGRAMAÇÃO DE COMPUTADORES,F1,F1,IC,nao_informada,Leandro Fernandes,Leandro Fernandes,1,Leandro Fernandes,True,ativa,,5,504.896,dados/brutos/QH-2026-2.pdf
2026-2-TCC00326-F2,2026-2,TCC00326,TCC00326,TCC00326,PROGRAMAÇÃO DE COMPUTADORES,F2,F2,IC,nao_informada,,Martinhon;Loana,2,Martinhon/Loana,True,ativa,multiplos_professores,6,53.096,dados/brutos/QH-2026-2.pdf
2026-2-TCC00326-F3,2026-2,TCC00326,TCC00326,TCC00326,PROGRAMAÇÃO DE COMPUTADORES,F3,F3,IC,nao_informada,Lauro,Lauro,1,Lauro,True,ativa,,6,83.216,dados/brutos/QH-2026-2.pdf
2026-2-TCC00326-G1,2026-2,TCC00326,TCC00326,TCC00326,PROGRAMAÇÃO DE COMPUTADORES,G1,G1,IC,nao_informada,Aline Paes,Aline Paes,1,Aline Paes,True,ativa,,6,113.336,dados/brutos/QH-2026-2.pdf
2026-2-TCC00326-G2,2026-2,TCC00326,TCC00326,TCC00326,PROGRAMAÇÃO DE COMPUTADORES,G2,G2,IC,nao_informada,Troy,Troy,1,Troy,True,ativa,,6,143.456,dados/brutos/QH-2026-2.pdf
2026-2-TCC00326-G3,2026-2,TCC00326,TCC00326,TCC00326,PROGRAMAÇÃO DE COMPUTADORES,G3,G3,IC,nao_informada,Loana,Loana,1,Loana,True,ativa,,6,173.576,dados/brutos/QH-2026-2.pdf
2026-2-TCC00326-H1,2026-2,TCC00326,TCC00326,TCC00326,PROGRAMAÇÃO DE COMPUTADORES,H1,H1,IC,nao_informada,Lauro,Lauro,1,Lauro,True,ativa,,6,203.696,dados/brutos/QH-2026-2.pdf
2026-2-TCC00326-H2,2026-2,TCC00326,TCC00326,TCC00326,PROGRAMAÇÃO DE COMPUTADORES (CANCELADA),H2,H2,IC,nao_informada,,,0,--,False,cancelada,horario_ausente;professor_ausente,6,233.816,dados/brutos/QH-2026-2.pdf
2026-2-TCC00326-H3,2026-2,TCC00326,TCC00326,TCC00326,PROGRAMAÇÃO DE COMPUTADORES,H3,H3,IC,nao_informada,,Martinhon;Loana,2,Martinhon/Loana,True,ativa,multiplos_professores,6,263.936,dados/brutos/QH-2026-2.pdf
2026-2-TCC00326-J1,2026-2,TCC00326,TCC00326,TCC00326,PROGRAMAÇÃO DE COMPUTADORES,J1,J1,IC,nao_informada,Daniela,Daniela,1,Daniela,True,ativa,,6,294.056,dados/brutos/QH-2026-2.pdf
2026-2-TCC00326-J2,2026-2,TCC00326,TCC00326,TCC00326,PROGRAMAÇÃO DE COMPUTADORES,J2,J2,IC,nao_informada,Luiz Andre,Luiz Andre,1,Luiz André,True,ativa,,6,324.176,dados/brutos/QH-2026-2.pdf
2026-2-TCC00326-J3,2026-2,TCC00326,TCC00326,TCC00326,PROGRAMAÇÃO DE COMPUTADORES,J3,J3,IC,nao_informada,Thiago,Thiago,1,Thiago,False,ativa,normalizacao_docente_nao_verificada,6,354.296,dados/brutos/QH-2026-2.pdf
2026-2-TCC00308-A1,2026-2,TCC00308,TCC00308,TCC00308,PROGRAMAÇÃO DE COMPUTADORES I,A1,A1,IC,nao_informada,Mario,Mario,1,Mario,True,ativa,,6,384.416,dados/brutos/QH-2026-2.pdf
2026-2-TCC00366-A1,2026-2,TCC00366,TCC00366,TCC00366,PROGRAMAÇÃO DE COMPUTADORES I,A1,A1,IC,nao_informada,Yuri,Yuri,1,Yuri,True,ativa,,6,414.536,dados/brutos/QH-2026-2.pdf
2026-2-TCC00308-B1,2026-2,TCC00308,TCC00308,TCC00308,PROGRAMAÇÃO DE COMPUTADORES I,B1,B1,IC,nao_informada,Luiz Bez,Luiz Bez,1,Luiz Bez,True,ativa,,6,444.656,dados/brutos/QH-2026-2.pdf
2026-2-TCC00366-B1,2026-2,TCC00366,TCC00366,TCC00366,PROGRAMAÇÃO DE COMPUTADORES I,B1,B1,IC,nao_informada,Leo Cruz,Leo Cruz,1,Leo Cruz,True,ativa,,6,474.776,dados/brutos/QH-2026-2.pdf
2026-2-TCC00356-A1,2026-2,TCC00356,TCC00356,TCC00356,PROGRAMAÇÃO DE COMPUTADORES II,A1,A1,IC,nao_informada,Patrick,Patrick,1,Patrick,True,ativa,,6,504.896,dados/brutos/QH-2026-2.pdf
2026-2-TCC00356-B1,2026-2,TCC00356,TCC00356,TCC00356,PROGRAMAÇÃO DE COMPUTADORES II,B1,B1,IC,nao_informada,Patrick,Patrick,1,Patrick,True,ativa,,7,53.096,dados/brutos/QH-2026-2.pdf
2026-2-TCC00347-A1,2026-2,TCC00347,TCC00347,TCC00347,PROGRAMAÇÃO ESTRUTURADA,A1,A1,IC,nao_informada,Aline Paes,Aline Paes,1,Aline Paes,True,ativa,,7,83.216,dados/brutos/QH-2026-2.pdf
2026-2-TCC00347-B1,2026-2,TCC00347,TCC00347,TCC00347,PROGRAMAÇÃO ESTRUTURADA,B1,B1,IC,nao_informada,Rosseti,Rosseti,1,Isabel Rosseti,True,ativa,,7,113.336,dados/brutos/QH-2026-2.pdf
2026-2-TCC00196-SEM-TURMA,2026-2,TCC00196,TCC00196,TCC00196,PROGRAMAÇÃO LINEAR INTEIRA - OTIMIZAÇÃO COMBINATÓRIA (GRAD. E PÓS),,--,IC,graduacao_pos_explicita_no_nome,Yuri,Yuri,1,Yuri,True,ativa,,7,143.456,dados/brutos/QH-2026-2.pdf
2026-2-TCC00335-A1,2026-2,TCC00335,TCC00335,TCC00335,PROJETO DE BANCO DE DADOS,A1,A1,IC,nao_informada,Marcos Bedo,Marcos Bedo,1,Marcos Bedo,True,ativa,,7,173.576,dados/brutos/QH-2026-2.pdf
2026-2-TCC00312-A1,2026-2,TCC00312,TCC00312,TCC00312,PROJETO DE SOFTWARE,A1,A1,IC,nao_informada,Troy,Troy,1,Troy,True,ativa,,7,203.696,dados/brutos/QH-2026-2.pdf
2026-2-TCC00338-A1,2026-2,TCC00338,TCC00338,TCC00338,PROJETO DE SOFTWARE,A1,A1,IC,nao_informada,Paulo Pires,Paulo Pires,1,Paulo Pires,True,ativa,,7,233.816,dados/brutos/QH-2026-2.pdf
2026-2-TCC00311-B1,2026-2,TCC00311,TCC00311,TCC00311,PROJETO FINAL II,B1,B1,IC,nao_informada,,,0,,False,incompleta,horario_ausente;professor_ausente,7,263.936,dados/brutos/QH-2026-2.pdf
2026-2-TCC00365-A1,2026-2,TCC00365,TCC00365,TCC00365,QUALIDADE E TESTE DE SOFTWARE,A1,A1,IC,nao_informada,Vania,Vania,1,Vânia,True,ativa,,7,294.056,dados/brutos/QH-2026-2.pdf
2026-2-TCC00359-A1,2026-2,TCC00359,TCC00359,TCC00359,REDES DE COMPUTADORES,A1,A1,IC,nao_informada,Igor Moraes,Igor Moraes,1,Igor Moraes,True,ativa,,7,324.176,dados/brutos/QH-2026-2.pdf
2026-2-TCC00313-A1,2026-2,TCC00313,TCC00313,TCC00313,REDES DE COMPUTADORES I,A1,A1,IC,nao_informada,Celio,Celio,1,Célio,True,ativa,,7,354.296,dados/brutos/QH-2026-2.pdf
2026-2-TCC00314-A1,2026-2,TCC00314,TCC00314,TCC00314,REDES DE COMPUTADORES II,A1,A1,IC,nao_informada,Celio,Celio,1,Célio,True,ativa,,7,384.416,dados/brutos/QH-2026-2.pdf
2026-2-SEM-CODIGO-006-SEM-TURMA,2026-2,,--,SEM-CODIGO-006,SEMINÁRIOS DE S.I.,,--,nao_identificada,nao_informada,Raphael Guerra,Raphael Guerra,1,Raphael Guerra,True,ativa,codigo_ausente,7,414.536,dados/brutos/QH-2026-2.pdf
2026-2-TCC00341-A1,2026-2,TCC00341,TCC00341,TCC00341,SEGURANÇA DA INFORMAÇÃO,A1,A1,IC,nao_informada,Raphael Machado,Raphael Machado,1,Raphael Machado,True,ativa,,7,444.656,dados/brutos/QH-2026-2.pdf
2026-2-TCC00358-A1,2026-2,TCC00358,TCC00358,TCC00358,SISTEMAS COMPUTACIONAIS,A1,A1,IC,nao_informada,Aline Nascimento,Aline Nascimento,1,Aline Nascimento,True,ativa,,7,474.776,dados/brutos/QH-2026-2.pdf
2026-2-TCC00358-B1,2026-2,TCC00358,TCC00358,TCC00358,SISTEMAS COMPUTACIONAIS,B1,B1,IC,nao_informada,Cristina Boeres,Cristina Boeres,1,Cristina Boeres,True,ativa,,7,504.896,dados/brutos/QH-2026-2.pdf
2026-2-TCC00315-A1,2026-2,TCC00315,TCC00315,TCC00315,SISTEMAS DISTRIBUÍDOS,A1,A1,IC,nao_informada,Flavia Delicato,Flavia Delicato,1,Flavia Delicato,True,ativa,,8,53.096,dados/brutos/QH-2026-2.pdf
2026-2-SEM-CODIGO-007-SEM-TURMA,2026-2,,--,SEM-CODIGO-007,SISTEMAS DISTRIBUÍDOS (GRAD. E PÓS),,--,nao_identificada,graduacao_pos_explicita_no_nome,Flavia Delicato,Flavia Delicato,1,Flavia Delicato,True,ativa,codigo_ausente,8,83.216,dados/brutos/QH-2026-2.pdf
2026-2-TCC00362-A1,2026-2,TCC00362,TCC00362,TCC00362,SISTEMAS DISTRIBUÍDOS PARA SI,A1,A1,IC,nao_informada,Raphael Guerra,Raphael Guerra,1,Raphael Guerra,True,ativa,,8,113.336,dados/brutos/QH-2026-2.pdf
2026-2-TCC00316-A1,2026-2,TCC00316,TCC00316,TCC00316,SISTEMAS OPERACIONAIS,A1,A1,IC,nao_informada,Aline Nascimento,Aline Nascimento,1,Aline Nascimento,True,ativa,,8,143.456,dados/brutos/QH-2026-2.pdf
2026-2-SEM-CODIGO-008-SEM-TURMA,2026-2,,--,SEM-CODIGO-008,TÓPICOS ARQUITETURA DE SISTEMAS PARA INFERÊNCIA DDE LLMs LOCAIS (GRAD. E PÓS),,--,nao_identificada,graduacao_pos_explicita_no_nome,Paulo Pires,Paulo Pires,1,Paulo Pires,True,ativa,codigo_ausente,8,173.576,dados/brutos/QH-2026-2.pdf
2026-2-SEM-CODIGO-009-SEM-TURMA,2026-2,,--,SEM-CODIGO-009,TÓPICOS AVANÇADOS (DESAPRENDIZADO DE MÁQUINAS) (GRAD. E PÓS),,--,nao_identificada,graduacao_pos_explicita_no_nome,Guto,Guto,1,Guto,True,ativa,codigo_ausente,8,203.696,dados/brutos/QH-2026-2.pdf
2026-2-TCC00234-SEM-TURMA,2026-2,TCC00234,TCC00234,TCC00234,TÓPICOS EM ARQUITETURAS DE COMPUTADORES I (GRAD. E PÓS),,--,IC,graduacao_pos_explicita_no_nome,Lucia,Lucia,1,Lúcia Drummond,True,ativa,,8,233.816,dados/brutos/QH-2026-2.pdf
2026-2-TCC00237-A1,2026-2,TCC00237,TCC00237,TCC00237,TÓPICOS EM AUTOMAÇÃO I - ROBÓTICA E VEÍCULOS AUTÔNOMOS (GRAD. E PÓS),A1,A1,IC,graduacao_pos_explicita_no_nome,Esteban,Esteban,1,Esteban,True,ativa,,8,263.936,dados/brutos/QH-2026-2.pdf
2026-2-TCC00245-SEM-TURMA,2026-2,TCC00245,TCC00245,TCC00245,TÓPICOS EM BANCO DE DADOS II - RASTREABILIDADE E GOVERNANÇA DE DADOS (GRAD. E PÓS),,--,IC,graduacao_pos_explicita_no_nome,Daniel,Daniel,1,Daniel,True,ativa,,8,294.056,dados/brutos/QH-2026-2.pdf
2026-2-TCC00241-A1,2026-2,TCC00241,TCC00241,TCC00241,TÓPICOS EM COMPUTAÇÃO I - GRAFOS E SUAS APLICAÇÕES,A1,A1,IC,nao_informada,Andre Renato,Andre Renato,1,Andre Renato,True,ativa,,8,324.176,dados/brutos/QH-2026-2.pdf
2026-2-TCC00242-SEM-TURMA,2026-2,TCC00242,TCC00242,TCC00242,TÓPICOS EM COMPUTAÇÃO II - ÁLGEBRA LINEAR COMPUTACIONAL (GRAD. E PÓS),,--,IC,graduacao_pos_explicita_no_nome,Pedro,Pedro,1,Pedro,True,ativa,,8,354.296,dados/brutos/QH-2026-2.pdf
2026-2-TCC00243-SEM-TURMA,2026-2,TCC00243,TCC00243,TCC00243,TÓPICOS EM COMPUTAÇÃO III - ALGORITMOS E COMPLEXIDADE DE PROBLEMAS (GRAD. E PÓS),,--,IC,graduacao_pos_explicita_no_nome,Luis Felipe,Luis Felipe,1,Luis Felipe,True,ativa,,8,384.416,dados/brutos/QH-2026-2.pdf
2026-2-TCC00252-SEM-TURMA,2026-2,TCC00252,TCC00252,TCC00252,TÓPICOS EM ENG DE SOFTWARE III - IA GENERATIVA (GRAD. E PÓS),,--,IC,graduacao_pos_explicita_no_nome,Vania,Vania,1,Vânia,True,ativa,,8,414.536,dados/brutos/QH-2026-2.pdf
2026-2-TCC00259-SEM-TURMA,2026-2,TCC00259,TCC00259,TCC00259,TÓPICOS EM IA I - APRENDIZADO PROFUNDO (GRAD. E PÓS),,--,IC,graduacao_pos_explicita_no_nome,Anselmo,Anselmo,1,Anselmo,True,ativa,,8,444.656,dados/brutos/QH-2026-2.pdf
2026-2-TCC00367-SEM-TURMA,2026-2,TCC00367,TCC00367,TCC00367,TÓPICOS INTRODUÇÃO AO APREND DE MÁQUINA P/ SAÚDE (GRAD. E PÓS),,--,IC,graduacao_pos_explicita_no_nome,Flavio Seixas,Flavio Seixas,1,Flavio Seixas,True,ativa,,8,474.776,dados/brutos/QH-2026-2.pdf
2026-2-TCC00271-SEM-TURMA,2026-2,TCC00271,TCC00271,TCC00271,TÓPICOSS EM LINGUAGEM DE PROGRAMAÇÃO I - LÓGICA NEBULOSA (GRAD. E PÓS),,--,IC,graduacao_pos_explicita_no_nome,Patrick,Patrick,1,Patrick,True,ativa,,8,504.896,dados/brutos/QH-2026-2.pdf
2026-2-TIC10005-SEM-TURMA,2026-2,TIC10005,TIC10005,TIC10005,TRATAMENTO DE INCERTEZAS (GRAD. E PÓS),,--,IC,graduacao_pos_explicita_no_nome,Andre Brabo,Andre Brabo,1,Andre Brabo,True,ativa,,9,53.096,dados/brutos/QH-2026-2.pdf
2026-2-TCC00360-A1,2026-2,TCC00360,TCC00360,TCC00360,VISUALIZAÇÃO DE DADOS,A1,A1,IC,nao_informada,Marcos Lage,Marcos Lage,1,Marcos Lage,True,ativa,,9,83.216,dados/brutos/QH-2026-2.pdf
