id,semestre,curso,periodo,grupos_curriculares,codigo,disciplina,turma,turma_pdf,origem,alocacao,professores,capacidade,inscritos,obrigatoria,compartilhada_cc_si,compartilhada_vagas_cc_si,turma_url,metodo_vinculo
2026-1-CGI00004-A1,2026-1,SI,,SI-P1,CGI00004,SEMINÁRIOS EM SISTEMAS DE INFORMAÇÃO,A1,A1,externa,Raphael Guerra,Raphael Guerra,71,64,True,False,True,/graduacao/quadrodehorarios/turmas/100000451007,turma_exata
2026-1-TCC00195-A1,2026-1,CC,,CC-OPT,TCC00195,METAHEURÍSTICAS Pós: Inteligência Computacional,A1,A1,IC,Satoru,Satoru,15,6,False,False,True,/graduacao/quadrodehorarios/turmas/100000447684,turma_e_encontros_exatos
2026-1-TCC00205-A1,2026-1,CC,,CC-OPT,TCC00205,LINGUAGENS DE PROGRAMAÇÃO EM LÓGICA Pós: Lógica,A1,A1,IC,Mario,Mario,20,9,False,False,True,/graduacao/quadrodehorarios/turmas/100000447676,turma_e_encontros_exatos
2026-1-TCC00222-A1,2026-1,SI,,SI-P8,TCC00222,COMPUTAÇÃO E SOCIEDADE PARA SI,A1,A1,IC,Marcelo Fornazin,Marcelo Fornazin,48,34,True,False,True,/graduacao/quadrodehorarios/turmas/100000447046,turma_e_encontros_exatos
2026-1-TCC00225-A1,2026-1,SI,,SI-P5,TCC00225,ENGENHARIA DE SOFTWARE,A1,A1,IC,Rebeca,Rebeca,54,51,True,False,False,/graduacao/quadrodehorarios/turmas/100000447051,turma_e_encontros_exatos
2026-1-TCC00226-A1,2026-1,CC,,CC-P5,TCC00226,DESENVOLVIMENTO WEB,A1,A1,IC,Carlos Ribeiro,Carlos Ribeiro,60,56,True,False,False,/graduacao/quadrodehorarios/turmas/100000447049,turma_e_encontros_exatos
2026-1-TCC00230-A1,2026-1,CC;SI,,CC-OPT;SI-OPT,TCC00230,TÓPICOS ESPECIAIS EM SEGURANÇA DA INFORMAÇÃO Pós: Criptografia,A1,A1,IC,Kowada,Kowada,59,47,False,True,True,/graduacao/quadrodehorarios/turmas/100000447675,turma_e_encontros_exatos
2026-1-TCC00241-A1,2026-1,CC;SI,,CC-OPT;SI-OPT,TCC00241,TÓPICOS EM COMPUTAÇÃO I Pós: Visão Computacional,A1,A1,IC,Leandro Fernandes,Leandro Fernandes,21,9,False,True,True,/graduacao/quadrodehorarios/turmas/100000447294,turma_e_encontros_exatos
2026-1-TCC00242-A1,2026-1,CC;SI,,CC-OPT;SI-OPT,TCC00242,TÓPICOS EM COMPUTAÇÃO II,A1,A1,IC,Martinhon,Martinhon,43,9,False,True,True,/graduacao/quadrodehorarios/turmas/100000448424,turma_e_encontros_exatos
2026-1-TCC00244-A1,2026-1,CC;SI,,CC-OPT;SI-OPT,TCC00244,TÓPICOS EM BANCO DE DADOS I Pós: eScience,A1,A1,IC,Vanessa,Vanessa,40,36,False,True,True,/graduacao/quadrodehorarios/turmas/100000447305,turma_e_encontros_exatos
2026-1-TCC00250-A1,2026-1,CC;SI,,CC-OPT;SI-OPT,TCC00250,TÓPICOS EM ENGENHARIA DE SOFWARE I Pós: Game Analytics,A1,A1,IC,Troy,Troy,39,27,False,True,True,/graduacao/quadrodehorarios/turmas/100000447308,turma_e_encontros_exatos
2026-1-TCC00251-A1,2026-1,CC;SI,,CC-OPT;SI-OPT,TCC00251,TÓPICOS EM ENGENHARIA DE SOFWARE II Pós: Controle de Versão,A1,A1,IC,Leo Murta,Leo Murta,10,3,False,True,True,/graduacao/quadrodehorarios/turmas/100000447674,turma_e_encontros_exatos
2026-1-TCC00253-A1,2026-1,CC;SI,,CC-OPT;SI-OPT,TCC00253,TÓPICOS ESPECIAIS EM SISTEMAS DE PROGRAMAÇÃO I,A1,A1,IC,Marcelo Fornazin,Marcelo Fornazin,46,43,False,True,True,/graduacao/quadrodehorarios/turmas/100000447809,turma_e_encontros_exatos
2026-1-TCC00259-A1,2026-1,CC;SI,,CC-OPT;SI-OPT,TCC00259,TÓPICOS EM INTELIGÊNCIA ARTIFICIAL I Aprendizado Profundo,A1,A1,IC,Luiz Bez,Luiz Bez,30,11,False,True,False,/graduacao/quadrodehorarios/turmas/100000447679,turma_e_encontros_exatos
2026-1-TCC00260-A1,2026-1,CC;SI,,CC-OPT;SI-OPT,TCC00260,TÓPICOS EM INTELIGÊNCIA ARTIFICIAL II Pós: Aprendizado de Máquina,A1,A1,IC,Taiane,Taiane,24,20,False,True,True,/graduacao/quadrodehorarios/turmas/100000447681,turma_e_encontros_exatos
2026-1-TCC00271-A1,2026-1,CC;SI,,CC-OPT;SI-OPT,TCC00271,TÓPICOS EM LINGUAGEM DE PROGRAMAÇÃO I,A1,A1,IC,Patrick,Patrick,36,31,False,True,True,/graduacao/quadrodehorarios/turmas/100000447240,turma_e_encontros_exatos
2026-1-TCC00280-A1,2026-1,CC;SI,,CC-OPT;SI-OPT,TCC00280,COMPUTAÇÃO E MEIO AMBIENTE,A1,A1,IC,Jose Raphael,Jose Raphael,35,29,False,True,True,/graduacao/quadrodehorarios/turmas/100000447680,turma_e_encontros_exatos
2026-1-TCC00284-A1,2026-1,CC,,CC-P6,TCC00284,ALGORITMOS EM GRAFOS,A1,A1,IC,Luis Felipe,Luis Felipe,60,31,True,False,False,/graduacao/quadrodehorarios/turmas/100000446962,turma_e_encontros_exatos
2026-1-TCC00285-A1,2026-1,CC,,CC-P5,TCC00285,ANÁLISE E PROJETO DE ALGORITMOS,A1,A1,IC,Fabio,Fabio,58,54,True,False,False,/graduacao/quadrodehorarios/turmas/100000447035,turma_e_encontros_exatos
2026-1-TCC00285-B1,2026-1,CC,,CC-P5,TCC00285,ANÁLISE E PROJETO DE ALGORITMOS,B1,B1,IC,Loana,Loana,58,48,True,False,False,/graduacao/quadrodehorarios/turmas/100000447036,turma_e_encontros_exatos
2026-1-TCC00286-A1,2026-1,CC,,CC-P3,TCC00286,ARQUITETURAS DE COMPUTADORES,A1,A1,IC,Vinod,Vinod,66,63,True,False,False,/graduacao/quadrodehorarios/turmas/100000447037,turma_e_encontros_exatos
2026-1-TCC00287-A1,2026-1,CC,,CC-P4,TCC00287,BANCO DE DADOS I,A1,A1,IC,Luiz Andre,Luiz Andre,63,22,True,False,False,/graduacao/quadrodehorarios/turmas/100000447042,turma_e_encontros_exatos
2026-1-TCC00288-A1,2026-1,CC,,CC-P5,TCC00288,BANCO DE DADOS II,A1,A1,IC,Rodrigo,Rodrigo,84,78,True,False,True,/graduacao/quadrodehorarios/turmas/100000447043,turma_e_encontros_exatos
2026-1-TCC00289-A1,2026-1,CC,,CC-P7,TCC00289,COMPILADORES,A1,A1,IC,Bruno,Bruno,61,54,True,False,True,/graduacao/quadrodehorarios/turmas/100000447044,turma_e_encontros_exatos
2026-1-TCC00290-A1,2026-1,CC,,CC-P8,TCC00290,COMPUTAÇÃO E SOCIEDADE,A1,A1,IC,Jose Raphael,Jose Raphael,50,47,True,False,False,/graduacao/quadrodehorarios/turmas/100000447045,turma_e_encontros_exatos
2026-1-TCC00291-A1,2026-1,CC,,CC-P6,TCC00291,COMPUTAÇÃO GRÁFICA,A1,A1,IC,Aura,Aura,51,40,True,False,False,/graduacao/quadrodehorarios/turmas/100000447047,turma_e_encontros_exatos
2026-1-TCC00292-A1,2026-1,CC,,CC-P4,TCC00292,ENGENHARIA DE SOFTWARE I,A1,A1,IC,Leo Murta,Leo Murta,66,37,True,False,True,/graduacao/quadrodehorarios/turmas/100000447052,turma_e_encontros_exatos
2026-1-TCC00293-A1,2026-1,CC,,CC-P6,TCC00293,ENGENHARIA DE SOFTWARE II,A1,A1,IC,Troy,Troy,61,59,True,False,False,/graduacao/quadrodehorarios/turmas/100000447053,turma_e_encontros_exatos
2026-1-TCC00296-A1,2026-1,CC,,CC-P1,TCC00296,FUNDAMENTOS DE ARQUITETURAS DE COMPUTADORES,A1,A1,IC,Vinod,Vinod,63,55,True,False,False,/graduacao/quadrodehorarios/turmas/100000447059,turma_e_encontros_exatos
2026-1-TCC00296-B1,2026-1,CC,,CC-P1,TCC00296,FUNDAMENTOS DE ARQUITETURAS DE COMPUTADORES,B1,B1,IC,Aline Nascimento,Aline Nascimento,52,34,True,False,False,/graduacao/quadrodehorarios/turmas/100000447060,turma_e_encontros_exatos
2026-1-TCC00297-A1,2026-1,CC,,CC-P7,TCC00297,INTELIGÊNCIA ARTIFICIAL,A1,A1,IC,Taiane,Taiane,68,64,True,False,False,/graduacao/quadrodehorarios/turmas/100000447070,turma_e_encontros_exatos
2026-1-TCC00298-A1,2026-1,CC,,CC-P7,TCC00298,INTERFACE HOMEM-MÁQUINA,A1,A1,IC,Daniela,Daniela,62,53,True,False,True,/graduacao/quadrodehorarios/turmas/100000447071,turma_e_encontros_exatos
2026-1-TCC00301-AA,2026-1,CC;SI,,CC-OPT;CC-P2;SI-OPT,TCC00301,LABORATÓRIO DE PROGRAMAÇÃO DE JOGOS,AA,AA,IC,Esteban,Esteban,35,33,True,True,False,/graduacao/quadrodehorarios/turmas/100000447210,turma_e_encontros_exatos
2026-1-TCC00301-BA,2026-1,CC;SI,,CC-OPT;CC-P2;SI-OPT,TCC00301,LABORATÓRIO DE PROGRAMAÇÃO DE JOGOS,BA,BA,IC,Esteban,Esteban,44,32,True,True,True,/graduacao/quadrodehorarios/turmas/100000447212,turma_e_encontros_exatos
2026-1-TCC00304-A1,2026-1,CC,,CC-P4,TCC00304,LINGUAGENS DE PROGRAMAÇÃO,A1,A1,IC,Bruno,Bruno,68,66,True,False,False,/graduacao/quadrodehorarios/turmas/100000447074,turma_e_encontros_exatos
2026-1-TCC00305-A1,2026-1,CC,,CC-P6,TCC00305,LINGUAGENS FORMAIS E TEORIA DA COMPUTAÇÃO,A1,A1,IC,Luis Felipe,Luis Felipe,70,49,True,False,False,/graduacao/quadrodehorarios/turmas/100000447075,turma_e_encontros_exatos
2026-1-TCC00306-A1,2026-1,CC,,CC-P4,TCC00306,MÉTODOS NUMÉRICOS,A1,A1,IC,Andre Brabo,Andre Brabo,46,34,True,False,False,/graduacao/quadrodehorarios/turmas/100000447076,turma_e_encontros_exatos
2026-1-TCC00307-B1A1,2026-1,CC,,CC-P6,TCC00307,PROGRAMAÇÃO CIENTÍFICA,A1,B1A1,IC,Ricardo,Ricardo,59,53,True,False,False,/graduacao/quadrodehorarios/turmas/100000447080,turma_contida_e_encontros_contidos
2026-1-TCC00308-A1,2026-1,CC,,CC-P1,TCC00308,PROGRAMAÇÃO DE COMPUTADORES I,A1,A1,IC,Anselmo,Anselmo,47,33,True,False,False,/graduacao/quadrodehorarios/turmas/100000447085,turma_e_encontros_exatos
2026-1-TCC00308-B1,2026-1,CC,,CC-P1,TCC00308,PROGRAMAÇÃO DE COMPUTADORES I,B1,B1,IC,Igor Machado,Igor Machado,49,40,True,False,False,/graduacao/quadrodehorarios/turmas/100000447084,turma_e_encontros_exatos
2026-1-TCC00312-A1,2026-1,CC,,CC-P5,TCC00312,PROJETO DE SOFTWARE,A1,A1,IC,Vania,Vania,61,57,True,False,False,/graduacao/quadrodehorarios/turmas/100000447095,turma_e_encontros_exatos
2026-1-TCC00313-A1,2026-1,CC,,CC-P5,TCC00313,REDES DE COMPUTADORES I,A1,A1,IC,Celio,Celio,62,59,True,False,True,/graduacao/quadrodehorarios/turmas/100000447100,turma_e_encontros_exatos
2026-1-TCC00314-A1,2026-1,CC,,CC-P6,TCC00314,REDES DE COMPUTADORES II,A1,A1,IC,Celio,Celio,56,53,True,False,True,/graduacao/quadrodehorarios/turmas/100000447101,turma_e_encontros_exatos
2026-1-TCC00315-A1,2026-1,CC,,CC-P7,TCC00315,SISTEMAS DISTRIBUÍDOS,A1,A1,IC,Flavia Delicato,Flavia Delicato,60,41,True,False,False,/graduacao/quadrodehorarios/turmas/100000447105,turma_e_encontros_exatos
2026-1-TCC00316-A1,2026-1,CC,,CC-P4,TCC00316,SISTEMAS OPERACIONAIS,A1,A1,IC,Cristina Boeres,Cristina Boeres,60,44,True,False,False,/graduacao/quadrodehorarios/turmas/100000447107,turma_e_encontros_exatos
2026-1-TCC00318-A1,2026-1,CC,,CC-P7,TCC00318,PESQUISA OPERACIONAL,A1,A1,IC,Satoru,Satoru,60,54,True,False,False,/graduacao/quadrodehorarios/turmas/100000447078,turma_e_encontros_exatos
2026-1-TCC00324-A1,2026-1,SI,,SI-P8,TCC00324,GOVERNANÇA EM TECNOLOGIA DA INFORMAÇÃO,A1,A1,IC,Luciana,Luciana,54,33,True,False,False,/graduacao/quadrodehorarios/turmas/100000447069,turma_e_encontros_exatos
2026-1-TCC00328-A1,2026-1,CC,,CC-P3,TCC00328,PROGRAMAÇÃO ORIENTADA A OBJETOS,A1,A1,IC,Rebeca,Rebeca,60,42,True,False,True,/graduacao/quadrodehorarios/turmas/100000447092,turma_e_encontros_exatos
2026-1-TCC00328-B1,2026-1,CC,,CC-P3,TCC00328,PROGRAMAÇÃO ORIENTADA A OBJETOS,B1,B1,IC,Rebeca,Rebeca,62,55,True,False,True,/graduacao/quadrodehorarios/turmas/100000447090,turma_e_encontros_exatos
2026-1-TCC00328-C1,2026-1,CC,,CC-P3,TCC00328,PROGRAMAÇÃO ORIENTADA A OBJETOS,C1,C1,IC,Carlos Ribeiro,Carlos Ribeiro,50,18,True,False,False,/graduacao/quadrodehorarios/turmas/100000447091,turma_e_encontros_exatos
2026-1-TCC00330-A1,2026-1,SI,,SI-P7,TCC00330,MODELAGEM DE PROCESSOS DE NEGÓCIOS,A1,A1,IC,Flavio Seixas,Flavio Seixas,51,47,True,False,False,/graduacao/quadrodehorarios/turmas/100000447077,turma_e_encontros_exatos
2026-1-TCC00331-A1,2026-1,SI,,SI-P3,TCC00331,ESTRUTURAS DE DADOS PARA SI,A1,A1,IC,Igor Machado,Igor Machado,45,33,True,False,False,/graduacao/quadrodehorarios/turmas/100000447057,turma_e_encontros_exatos
2026-1-TCC00331-B1,2026-1,SI,,SI-P3,TCC00331,ESTRUTURAS DE DADOS PARA SI,B1,B1,IC,Raphael Machado,Raphael Machado,45,37,True,False,False,/graduacao/quadrodehorarios/turmas/100000447056,turma_e_encontros_exatos
2026-1-TCC00332-A1,2026-1,SI,,SI-P1,TCC00332,FUNDAMENTOS DE SISTEMAS DE INFORMAÇÃO,A1,A1,IC,Leo Cruz,Leo Cruz,43,37,True,False,True,/graduacao/quadrodehorarios/turmas/100000447061,turma_e_encontros_exatos
2026-1-TCC00332-B1,2026-1,SI,,SI-P1,TCC00332,FUNDAMENTOS DE SISTEMAS DE INFORMAÇÃO,B1,B1,IC,Leo Cruz,Leo Cruz,40,31,True,False,False,/graduacao/quadrodehorarios/turmas/100000447062,turma_e_encontros_exatos
2026-1-TCC00334-A1,2026-1,SI,,SI-P4,TCC00334,PRINCÍPIOS DE BANCO DE DADOS,A1,A1,IC,Daniel,Daniel,63,61,True,False,True,/graduacao/quadrodehorarios/turmas/100000447079,turma_e_encontros_exatos
2026-1-TCC00335-A1,2026-1,SI,,SI-P5,TCC00335,PROJETO DE BANCO DE DADOS PARA SI,A1,A1,IC,Marcos Bedo,Marcos Bedo,58,47,True,False,True,/graduacao/quadrodehorarios/turmas/100000447094,turma_e_encontros_exatos
2026-1-TCC00336-A1,2026-1,SI,,SI-P6,TCC00336,BANCOS DE DADOS NÃO CONVENCIONAIS,A1,A1,IC,Daniel,Daniel,54,54,True,False,True,/graduacao/quadrodehorarios/turmas/100000447040,turma_e_encontros_exatos
2026-1-TCC00336-Z1,2026-1,SI,,SI-P6,TCC00336,BANCOS DE DADOS NÃO CONVENCIONAIS,Z1,Z1,IC,Marcos Bedo,Marcos Bedo,59,34,True,False,True,/graduacao/quadrodehorarios/turmas/100000447041,turma_e_encontros_exatos
2026-1-TCC00337-A1,2026-1,SI,,SI-P5,TCC00337,INTRODUÇÃO A INTERAÇÃO HUMANO-COMPUTADOR,A1,A1,IC,Luciana,Luciana,57,57,True,False,True,/graduacao/quadrodehorarios/turmas/100000447072,turma_e_encontros_exatos
2026-1-TCC00338-A1,2026-1,SI,,SI-P6,TCC00338,PROJETO DE SOFTWARE,A1,A1,IC,Joao Pimentel,Joao Pimentel,52,48,True,False,True,/graduacao/quadrodehorarios/turmas/100000447096,turma_e_encontros_exatos
2026-1-TCC00341-A1,2026-1,SI,,SI-P7,TCC00341,SEGURANÇA DA INFORMAÇÃO,A1,A1,IC,Raphael Machado,Raphael Machado,53,53,True,False,False,/graduacao/quadrodehorarios/turmas/100000447102,turma_e_encontros_exatos
2026-1-TCC00344-AA,2026-1,CC,,CC-P7,TCC00344,LABORATÓRIO DE PROGRAMAÇÃO PARALELA I,AA,AA,IC,Lucia,Lucia,60,48,True,False,False,/graduacao/quadrodehorarios/turmas/100000447218,turma_e_encontros_exatos
2026-1-TCC00346-AA,2026-1,CC,,CC-P1,TCC00346,LABORATÓRIO DE RESOLUÇÃO DE PROBLEMAS,AA,AA,IC,Leandro Fernandes,Leandro Fernandes,35,34,True,False,False,/graduacao/quadrodehorarios/turmas/100000447214,turma_e_encontros_exatos
2026-1-TCC00346-BA,2026-1,CC,,CC-P1,TCC00346,LABORATÓRIO DE RESOLUÇÃO DE PROBLEMAS,BA,BA,IC,Leandro Fernandes,Leandro Fernandes,35,25,True,False,False,/graduacao/quadrodehorarios/turmas/100000447215,turma_e_encontros_exatos
2026-1-TCC00347-A1,2026-1,CC,,CC-P2,TCC00347,PROGRAMAÇÃO ESTRUTURADA,A1,A1,IC,Yuri,Yuri,45,43,True,False,False,/graduacao/quadrodehorarios/turmas/100000447088,turma_e_encontros_exatos
2026-1-TCC00347-B1,2026-1,CC,,CC-P2,TCC00347,PROGRAMAÇÃO ESTRUTURADA,B1,B1,IC,Aline Nascimento,Aline Nascimento,47,46,True,False,False,/graduacao/quadrodehorarios/turmas/100000447089,turma_e_encontros_exatos
2026-1-TCC00347-X1,2026-1,CC,,CC-P2,TCC00347,PROGRAMAÇÃO ESTRUTURADA,X1,X1,IC,Cristina Boeres,Cristina Boeres,47,33,True,False,False,/graduacao/quadrodehorarios/turmas/100000451291,turma_e_encontros_exatos
2026-1-TCC00348-A1,2026-1,CC,,CC-P3,TCC00348,ESTRUTURAS DE DADOS E SEUS ALGORITMOS,A1,A1,IC,Rosseti,Rosseti,52,28,True,False,False,/graduacao/quadrodehorarios/turmas/100000447054,turma_e_encontros_exatos
2026-1-TCC00348-B1,2026-1,CC,,CC-P3,TCC00348,ESTRUTURAS DE DADOS E SEUS ALGORITMOS,B1,B1,IC,Vanessa,Vanessa,41,40,True,False,False,/graduacao/quadrodehorarios/turmas/100000447055,turma_e_encontros_exatos
2026-1-TCC00349-A1,2026-1,CC,,CC-P5,TCC00349,AVALIAÇÃO DE DESEMPENHO,A1,A1,IC,Guto,Guto,60,48,True,False,False,/graduacao/quadrodehorarios/turmas/100000447039,turma_e_encontros_exatos
2026-1-TCC00354-A1,2026-1,SI,,SI-P1,TCC00354,FUNDAMENTOS MATEMÁTICOS PARA COMP.,A1,A1,IC,Raquel,Raquel,50,42,True,False,False,/graduacao/quadrodehorarios/turmas/100000447067,turma_e_encontros_exatos
2026-1-TCC00354-B1,2026-1,SI,,SI-P1,TCC00354,FUNDAMENTOS MATEMÁTICOS PARA COMP.,B1,B1,IC,Martinhon,Martinhon,46,35,True,False,False,/graduacao/quadrodehorarios/turmas/100000447066,turma_e_encontros_exatos
2026-1-TCC00355-EA,2026-1,SI,,SI-P1,TCC00355,LABORATÓRIO DE RESOLUÇÃO DE PROBLEMAS,EA,EA,IC,Mauricio,Mauricio,45,38,True,False,False,/graduacao/quadrodehorarios/turmas/100000447231,turma_e_encontros_exatos
2026-1-TCC00355-FA,2026-1,SI,,SI-P1,TCC00355,LABORATÓRIO DE RESOLUÇÃO DE PROBLEMAS,FA,FA,IC,Andre Silveira,Andre Silveira,45,35,True,False,False,/graduacao/quadrodehorarios/turmas/100000447232,turma_e_encontros_exatos
2026-1-TCC00356-A1,2026-1,SI,,SI-P2,TCC00356,PROGRAMAÇÃO DE COMPUTADORES II,A1,A1,IC,Patrick,Patrick,46,35,True,False,False,/graduacao/quadrodehorarios/turmas/100000447086,turma_e_encontros_exatos
2026-1-TCC00356-B1,2026-1,SI,,SI-P2,TCC00356,PROGRAMAÇÃO DE COMPUTADORES II,B1,B1,IC,Patrick,Patrick,46,34,True,False,False,/graduacao/quadrodehorarios/turmas/100000447087,turma_e_encontros_exatos
2026-1-TCC00357-A1,2026-1,SI,,SI-P4,TCC00357,PROGRAMAÇÃO ORIENTADA A OBJETOS I,A1,A1,IC,Andre Renato,Andre Renato,66,41,True,False,False,/graduacao/quadrodehorarios/turmas/100000447093,turma_e_encontros_exatos
2026-1-TCC00358-A1,2026-1,SI,,SI-P3,TCC00358,SISTEMAS COMPUTACIONAIS,A1,A1,IC,Raphael Guerra,Raphael Guerra,50,46,True,False,True,/graduacao/quadrodehorarios/turmas/100000447103,turma_e_encontros_exatos
2026-1-TCC00358-B1,2026-1,SI,,SI-P3,TCC00358,SISTEMAS COMPUTACIONAIS,B1,B1,IC,Aline Nascimento,Aline Nascimento,50,39,True,False,False,/graduacao/quadrodehorarios/turmas/100000447104,turma_e_encontros_exatos
2026-1-TCC00359-A1,2026-1,SI,,SI-P4,TCC00359,REDES DE COMPUTADORES,A1,A1,IC,Flavio Seixas,Flavio Seixas,70,69,True,False,False,/graduacao/quadrodehorarios/turmas/100000447099,turma_e_encontros_exatos
2026-1-TCC00359-Z1,2026-1,SI,,SI-P4,TCC00359,REDES DE COMPUTADORES,Z1,Z1,IC,Igor Moraes,Igor Moraes,21,12,True,False,False,/graduacao/quadrodehorarios/turmas/100000448455,turma_e_encontros_exatos
2026-1-TCC00360-A1,2026-1,SI,,SI-P6,TCC00360,VISUALIZAÇÃO DE DADOS,A1,A1,IC,Marcos Lage,Marcos Lage,60,57,True,False,False,/graduacao/quadrodehorarios/turmas/100000447108,turma_e_encontros_exatos
2026-1-TCC00361-A1,2026-1,SI,,SI-P6,TCC00361,INTRODUÇÃO AO DESENVOLVIMENTO WEB,A1,A1,IC,Paulo Pires,Paulo Pires,41,41,True,False,False,/graduacao/quadrodehorarios/turmas/100000447073,turma_e_encontros_exatos
2026-1-TCC00362-A1,2026-1,SI,,SI-P5,TCC00362,SISTEMAS DISTRIBUÍDOS PARA SISTEMAS DE INFORMAÇÃO,A1,A1,IC,Flavia Delicato,Flavia Delicato,57,50,True,False,True,/graduacao/quadrodehorarios/turmas/100000447106,turma_e_encontros_exatos
2026-1-TCC00363-A1,2026-1,SI,,SI-P7,TCC00363,GERÊNCIA DE PROJETOS E MANUT DE SOFTWARE,A1,A1,IC,Joao Pimentel,Joao Pimentel,54,50,True,False,False,/graduacao/quadrodehorarios/turmas/100000447068,turma_e_encontros_exatos
2026-1-TCC00365-A1,2026-1,SI,,SI-P8,TCC00365,QUALIDADE E TESTE DE SOFTWARE,A1,A1,IC,Vania,Vania,56,54,True,False,False,/graduacao/quadrodehorarios/turmas/100000447098,turma_e_encontros_exatos
2026-1-TCC00366-A1,2026-1,SI,,SI-P1,TCC00366,PROGRAMAÇÃO DE COMPUTADORES I,A1,A1,IC,Andre Renato,Andre Renato,46,27,True,False,False,/graduacao/quadrodehorarios/turmas/100000447082,turma_e_encontros_exatos
2026-1-TCC00366-B1,2026-1,SI,,SI-P1,TCC00366,PROGRAMAÇÃO DE COMPUTADORES I,B1,B1,IC,Leo Cruz,Leo Cruz,45,36,True,False,False,/graduacao/quadrodehorarios/turmas/100000447083,turma_e_encontros_exatos
2026-1-TCC00368-A1,2026-1,SI,,,TCC00368,PESQUISA OPERACIONAL PARA SISTEMAS DE INFORMAÇÃO,A1,A1,IC,Yuri,Yuri,61,58,,False,True,/graduacao/quadrodehorarios/turmas/100000447050,turma_e_encontros_exatos
2026-1-TCC00371-A1,2026-1,CC,,,TCC00371,ÉTICA EM INT. ARTIFICIAL E CIÊNCIA DE DADOS,A1,A1,IC,Mariza,Mariza,31,31,,False,False,/graduacao/quadrodehorarios/turmas/100000447058,turma_e_encontros_exatos
2026-2-TCC00194-SEM-TURMA,2026-2,CC,,CC-OPT,TCC00194,BIOLOGIA COMPUTACIONAL (OPTATIVA),A1,,IC,Helena,Helena,32,32,False,False,False,/graduacao/quadrodehorarios/turmas/100000462594,encontros_exatos
2026-2-TCC00196-SEM-TURMA,2026-2,CC,,CC-OPT,TCC00196,PROGRAMAÇÃO LINEAR INTEIRA - OTIMIZAÇÃO COMBINATÓRIA (GRAD. E PÓS),A1,,IC,Yuri,Yuri,17,12,False,False,False,/graduacao/quadrodehorarios/turmas/100000462774,encontros_exatos
2026-2-TCC00200-SEM-TURMA,2026-2,CC,,CC-OPT,TCC00200,MINERAÇÃO DE DADOS (GRAD. E PÓS),A1,,IC,Marcos Bedo,Marcos Bedo,15,10,False,False,True,/graduacao/quadrodehorarios/turmas/100000462775,encontros_exatos
2026-2-TCC00203-SEM-TURMA,2026-2,CC,,CC-OPT,TCC00203,ANÁLISE / PROCESSAMENTO DE IMAGENS (GRAD. E PÓS),A1,,IC,Aura,Aura,19,12,False,False,True,/graduacao/quadrodehorarios/turmas/100000462780,encontros_exatos
2026-2-TCC00222-A1,2026-2,SI,,SI-P8,TCC00222,COMPUTAÇÃO E SOCIEDADE PARA SI,A1,A1,IC,Marcelo Fornazin,Marcelo Fornazin,50,39,True,False,True,/graduacao/quadrodehorarios/turmas/100000457762,turma_e_encontros_exatos
2026-2-TCC00225-A1,2026-2,SI,,SI-P5,TCC00225,ENGENHARIA DE SOFTWARE,A1,A1,IC,Rebeca,Rebeca,61,56,True,False,False,/graduacao/quadrodehorarios/turmas/100000462001,turma_e_encontros_exatos
2026-2-TCC00226-A1,2026-2,CC,,CC-P5,TCC00226,DESENVOLVIMENTO WEB,A1,A1,IC,Carlos Ribeiro,Carlos Ribeiro,62,62,True,False,False,/graduacao/quadrodehorarios/turmas/100000457764,turma_e_encontros_exatos
2026-2-TCC00234-SEM-TURMA,2026-2,CC;SI,,CC-OPT;SI-OPT,TCC00234,TÓPICOS EM ARQUITETURAS DE COMPUTADORES I (GRAD. E PÓS),A1,,IC,Lucia,Lucia,10,10,False,True,False,/graduacao/quadrodehorarios/turmas/100000457760,encontros_exatos
2026-2-TCC00237-A1,2026-2,CC;SI,,CC-OPT;SI-OPT,TCC00237,TÓPICOS EM AUTOMAÇÃO I - ROBÓTICA E VEÍCULOS AUTÔNOMOS (GRAD. E PÓS),A1,A1,IC,Esteban,Esteban,43,27,False,True,True,/graduacao/quadrodehorarios/turmas/100000462596,turma_e_encontros_exatos
2026-2-TCC00241-A1,2026-2,CC;SI,,CC-OPT;SI-OPT,TCC00241,TÓPICOS EM COMPUTAÇÃO I - GRAFOS E SUAS APLICAÇÕES,A1,A1,IC,Andre Renato,Andre Renato,39,35,False,True,True,/graduacao/quadrodehorarios/turmas/100000462767,turma_e_encontros_exatos
2026-2-TCC00242-SEM-TURMA,2026-2,CC;SI,,CC-OPT;SI-OPT,TCC00242,TÓPICOS EM COMPUTAÇÃO II - ÁLGEBRA LINEAR COMPUTACIONAL (GRAD. E PÓS),A1,,IC,Pedro,Pedro,21,16,False,True,False,/graduacao/quadrodehorarios/turmas/100000462772,encontros_exatos
2026-2-TCC00243-SEM-TURMA,2026-2,CC;SI,,CC-OPT;SI-OPT,TCC00243,TÓPICOS EM COMPUTAÇÃO III - ALGORITMOS E COMPLEXIDADE DE PROBLEMAS (GRAD. E PÓS),A1,,IC,Luis Felipe,Luis Felipe,18,7,False,True,True,/graduacao/quadrodehorarios/turmas/100000462773,encontros_exatos
2026-2-TCC00245-SEM-TURMA,2026-2,CC;SI,,CC-OPT;SI-OPT,TCC00245,TÓPICOS EM BANCO DE DADOS II - RASTREABILIDADE E GOVERNANÇA DE DADOS (GRAD. E PÓS),A1,,IC,Daniel,Daniel,19,16,False,True,True,/graduacao/quadrodehorarios/turmas/100000462771,encontros_exatos
2026-2-TCC00252-SEM-TURMA,2026-2,CC;SI,,CC-OPT;SI-OPT,TCC00252,TÓPICOS EM ENG DE SOFTWARE III - IA GENERATIVA (GRAD. E PÓS),A1,,IC,Vania,Vania,16,15,False,True,True,/graduacao/quadrodehorarios/turmas/100000462770,encontros_exatos
2026-2-TCC00259-SEM-TURMA,2026-2,CC;SI,,CC-OPT;SI-OPT,TCC00259,TÓPICOS EM IA I - APRENDIZADO PROFUNDO (GRAD. E PÓS),A1,,IC,Anselmo,Anselmo,40,17,False,True,False,/graduacao/quadrodehorarios/turmas/100000462769,encontros_exatos
2026-2-TCC00265-SEM-TURMA,2026-2,CC;SI,,CC-OPT;SI-OPT,TCC00265,TÓPICOS EM INTERFACE HOMEM MÁQUINA (GRAD. E PÓS),A1,,IC,Luciana,Luciana,10,5,False,True,True,/graduacao/quadrodehorarios/turmas/100000462768,encontros_exatos
2026-2-TCC00271-SEM-TURMA,2026-2,CC;SI,,CC-OPT;SI-OPT,TCC00271,TÓPICOSS EM LINGUAGEM DE PROGRAMAÇÃO I - LÓGICA NEBULOSA (GRAD. E PÓS),A1,,IC,Patrick,Patrick,30,30,False,True,True,/graduacao/quadrodehorarios/turmas/100000462779,encontros_exatos
2026-2-TCC00284-A1,2026-2,CC,,CC-P6,TCC00284,ALGORITMOS EM GRAFOS,A1,A1,IC,Fabio,Fabio,60,60,True,False,False,/graduacao/quadrodehorarios/turmas/100000457653,turma_e_encontros_exatos
2026-2-TCC00285-A1,2026-2,CC,,CC-P5,TCC00285,ANÁLISE E PROJETO DE ALGORITMOS,A1,A1,IC,,Martinhon;Raquel,50,50,True,False,False,/graduacao/quadrodehorarios/turmas/100000457654,turma_e_encontros_exatos
2026-2-TCC00285-X1,2026-2,CC,,CC-P5,TCC00285,ANÁLISE E PROJETO DE ALGORITMOS,X1,X1,IC,Luis Felipe,Luis Felipe,45,25,True,False,False,/graduacao/quadrodehorarios/turmas/100000464007,turma_e_encontros_exatos
2026-2-TCC00286-A1,2026-2,CC,,CC-P3,TCC00286,ARQUITETURAS DE COMPUTADORES,A1,A1,IC,Vinod,Vinod,50,50,True,False,False,/graduacao/quadrodehorarios/turmas/100000457655,turma_e_encontros_exatos
2026-2-TCC00286-B1,2026-2,CC,,CC-P3,TCC00286,ARQUITETURAS DE COMPUTADORES,B1,B1,IC,Cristina Boeres,Cristina Boeres,50,47,True,False,False,/graduacao/quadrodehorarios/turmas/100000457656,turma_e_encontros_exatos
2026-2-TCC00287-A1,2026-2,CC,,CC-P4,TCC00287,BANCO DE DADOS I,A1,A1,IC,Vanessa,Vanessa,60,57,True,False,False,/graduacao/quadrodehorarios/turmas/100000457659,turma_e_encontros_exatos
2026-2-TCC00288-A1,2026-2,CC,,CC-P5,TCC00288,BANCO DE DADOS II,A1,A1,IC,Rodrigo,Rodrigo,61,61,True,False,False,/graduacao/quadrodehorarios/turmas/100000457660,turma_e_encontros_exatos
2026-2-TCC00289-A1,2026-2,CC,,CC-P7,TCC00289,COMPILADORES,A1,A1,IC,Flavia Bernardini,Flavia Bernardini,60,53,True,False,False,/graduacao/quadrodehorarios/turmas/100000457661,turma_e_encontros_exatos
2026-2-TCC00290-A1,2026-2,CC,,CC-P8,TCC00290,COMPUTAÇÃO E SOCIEDADE,A1,A1,IC,Jose Raphael,Jose Raphael,55,54,True,False,False,/graduacao/quadrodehorarios/turmas/100000457761,turma_e_encontros_exatos
2026-2-TCC00291-A1,2026-2,CC,,CC-P6,TCC00291,COMPUTAÇÃO GRÁFICA,A1,A1,IC,Marcos Lage,Marcos Lage,62,61,True,False,True,/graduacao/quadrodehorarios/turmas/100000457763,turma_e_encontros_exatos
2026-2-TCC00292-A1,2026-2,CC,,CC-P4,TCC00292,ENGENHARIA DE SOFTWARE I,A1,A1,IC,Leo Murta,Leo Murta,60,60,True,False,False,/graduacao/quadrodehorarios/turmas/100000462002,turma_e_encontros_exatos
2026-2-TCC00293-A1,2026-2,CC,,CC-P6,TCC00293,ENGENHARIA DE SOFTWARE II,A1,A1,IC,Leo Murta,Leo Murta,60,60,True,False,True,/graduacao/quadrodehorarios/turmas/100000462003,turma_e_encontros_exatos
2026-2-TCC00296-A1,2026-2,CC,,CC-P1,TCC00296,FUNDAMENTOS DE ARQUITETURAS DE COMPUTADORES,A1,A1,IC,Aline Nascimento,Aline Nascimento,52,38,True,False,False,/graduacao/quadrodehorarios/turmas/100000462015,turma_e_encontros_exatos
2026-2-TCC00296-B1,2026-2,CC,,CC-P1,TCC00296,FUNDAMENTOS DE ARQUITETURAS DE COMPUTADORES,B1,B1,IC,Vinod,Vinod,57,56,True,False,False,/graduacao/quadrodehorarios/turmas/100000462020,turma_e_encontros_exatos
2026-2-TCC00297-A1,2026-2,CC,,CC-P7,TCC00297,INTELIGÊNCIA ARTIFICIAL,A1,A1,IC,Flavia Bernardini,Flavia Bernardini,61,28,True,False,False,/graduacao/quadrodehorarios/turmas/100000462039,turma_e_encontros_exatos
2026-2-TCC00298-A1,2026-2,CC,,CC-P7,TCC00298,INTERFACE HOMEM MAQUINA,A1,A1,IC,Luciana,Luciana,60,50,True,False,False,/graduacao/quadrodehorarios/turmas/100000462040,turma_e_encontros_exatos
2026-2-TCC00301-AA,2026-2,CC;SI,,CC-OPT;CC-P2;SI-OPT,TCC00301,LAB. DE PROGRAMAÇÃO DE JOGOS,AA,A-A/B-A,IC,Esteban,Esteban,35,35,True,True,False,/graduacao/quadrodehorarios/turmas/100000462109,turma_contida_e_encontros_contidos
2026-2-TCC00301-BA,2026-2,CC;SI,,CC-OPT;CC-P2;SI-OPT,TCC00301,LAB. DE PROGRAMAÇÃO DE JOGOS,BA,A-A/B-A,IC,Esteban,Esteban,35,27,True,True,True,/graduacao/quadrodehorarios/turmas/100000462110,turma_contida_e_encontros_contidos
2026-2-TCC00304-A1,2026-2,CC,,CC-P4,TCC00304,LINGUAGENS DE PROGRAMAÇÃO,A1,A1,IC,Bruno,Bruno,62,61,True,False,False,/graduacao/quadrodehorarios/turmas/100000462043,turma_e_encontros_exatos
2026-2-TCC00305-A1,2026-2,CC,,CC-P6,TCC00305,LINGUAGENS FORMAIS E TEORIA DA COMPUTAÇÃO,A1,A1,IC,Mario,Mario,60,59,True,False,False,/graduacao/quadrodehorarios/turmas/100000462044,turma_e_encontros_exatos
2026-2-TCC00305-X1,2026-2,CC,,CC-P6,TCC00305,LINGUAGENS FORMAIS E TEORIA DA COMPUTAÇÃO,X1,X1,IC,Kowada,Kowada,60,60,True,False,False,/graduacao/quadrodehorarios/turmas/100000464005,turma_e_encontros_exatos
2026-2-TCC00306-A1,2026-2,CC,,CC-P4,TCC00306,METODOS NUMERICOS,A1,A1,IC,Ricardo,Ricardo,61,60,True,False,False,/graduacao/quadrodehorarios/turmas/100000462045,turma_e_encontros_exatos
2026-2-TCC00307-A1,2026-2,CC,,CC-P6,TCC00307,PROGRAMAÇÃO CIENTÍFICA,A1,A1,IC,Andre Brabo,Andre Brabo,65,65,True,False,False,/graduacao/quadrodehorarios/turmas/100000462049,turma_e_encontros_exatos
2026-2-TCC00308-A1,2026-2,CC,,CC-P1,TCC00308,PROGRAMAÇÃO DE COMPUTADORES I,A1,A1,IC,Mario,Mario,49,42,True,False,False,/graduacao/quadrodehorarios/turmas/100000462055,turma_e_encontros_exatos
2026-2-TCC00308-B1,2026-2,CC,,CC-P1,TCC00308,PROGRAMAÇÃO DE COMPUTADORES I,B1,B1,IC,Luiz Bez,Luiz Bez,49,38,True,False,False,/graduacao/quadrodehorarios/turmas/100000462054,turma_e_encontros_exatos
2026-2-TCC00312-A1,2026-2,CC,,CC-P5,TCC00312,PROJETO DE SOFTWARE,A1,A1,IC,Troy,Troy,61,61,True,False,False,/graduacao/quadrodehorarios/turmas/100000462074,turma_e_encontros_exatos
2026-2-TCC00313-A1,2026-2,CC,,CC-P5,TCC00313,REDES DE COMPUTADORES I,A1,A1,IC,Celio,Celio,62,43,True,False,True,/graduacao/quadrodehorarios/turmas/100000462084,turma_e_encontros_exatos
2026-2-TCC00314-A1,2026-2,CC,,CC-P6,TCC00314,REDES DE COMPUTADORES II,A1,A1,IC,Celio,Celio,60,49,True,False,False,/graduacao/quadrodehorarios/turmas/100000462085,turma_e_encontros_exatos
2026-2-TCC00315-A1,2026-2,CC,,CC-P7,TCC00315,SISTEMAS DISTRIBUÍDOS,A1,A1,IC,Flavia Delicato,Flavia Delicato,60,53,True,False,True,/graduacao/quadrodehorarios/turmas/100000462095,turma_e_encontros_exatos
2026-2-TCC00316-A1,2026-2,CC,,CC-P4,TCC00316,SISTEMAS OPERACIONAIS,A1,A1,IC,Aline Nascimento,Aline Nascimento,60,59,True,False,False,/graduacao/quadrodehorarios/turmas/100000462101,turma_e_encontros_exatos
2026-2-TCC00318-A1,2026-2,CC,,CC-P7,TCC00318,PESQUISA OPERACIONAL,A1,A1,IC,Satoru,Satoru,60,60,True,False,False,/graduacao/quadrodehorarios/turmas/100000462047,turma_e_encontros_exatos
2026-2-TCC00324-A1,2026-2,SI,,SI-P8,TCC00324,GOVERNANÇA EM TECNOLOGIA DA INFORMAÇÃO,A1,A1,IC,Marcelo Fornazin,Marcelo Fornazin,60,55,True,False,False,/graduacao/quadrodehorarios/turmas/100000462038,turma_e_encontros_exatos
2026-2-TCC00328-A1,2026-2,CC,,CC-P3,TCC00328,PROG. ORIENTADA A OBJETOS,A1,A1,IC,Anselmo,Anselmo,47,34,True,False,True,/graduacao/quadrodehorarios/turmas/100000462060,turma_e_encontros_exatos
2026-2-TCC00328-B1,2026-2,CC,,CC-P3,TCC00328,PROG. ORIENTADA A OBJETOS,B1,B1,IC,Carlos Ribeiro,Carlos Ribeiro,47,34,True,False,True,/graduacao/quadrodehorarios/turmas/100000463834,turma_e_encontros_exatos
2026-2-TCC00330-A1,2026-2,SI,,SI-P7,TCC00330,MODELAGEM DE PROCESSO DE NEGÓCIOS,A1,A1,IC,Flavio Seixas,Flavio Seixas,64,59,True,False,True,/graduacao/quadrodehorarios/turmas/100000462046,turma_e_encontros_exatos
2026-2-TCC00331-A1,2026-2,SI,,SI-P3,TCC00331,ESTRUTURAS DE DADOS PARA SI,A1,A1,IC,Raphael Machado,Raphael Machado,45,38,True,False,False,/graduacao/quadrodehorarios/turmas/100000462010,turma_e_encontros_exatos
2026-2-TCC00331-B1,2026-2,SI,,SI-P3,TCC00331,ESTRUTURAS DE DADOS PARA SI,B1,B1,IC,Taiane,Taiane,45,38,True,False,False,/graduacao/quadrodehorarios/turmas/100000462008,turma_e_encontros_exatos
2026-2-TCC00332-A1,2026-2,SI,,SI-P1,TCC00332,FUNDAMENTOS DE SISTEMAS DE INFORMAÇÃO,A1,A1,IC,Leo Cruz,Leo Cruz,44,37,True,False,False,/graduacao/quadrodehorarios/turmas/100000462025,turma_e_encontros_exatos
2026-2-TCC00332-B1,2026-2,SI,,SI-P1,TCC00332,FUNDAMENTOS DE SISTEMAS DE INFORMAÇÃO,B1,B1,IC,Leo Cruz,Leo Cruz,42,32,True,False,False,/graduacao/quadrodehorarios/turmas/100000462023,turma_e_encontros_exatos
2026-2-TCC00334-A1,2026-2,SI,,SI-P4,TCC00334,PRINCIPIO DE BANCO DE DADOS,A1,A1,IC,Daniel,Daniel,62,59,True,False,False,/graduacao/quadrodehorarios/turmas/100000462048,turma_e_encontros_exatos
2026-2-TCC00335-A1,2026-2,SI,,SI-P5,TCC00335,PROJETO DE BANCO DE DADOS,A1,A1,IC,Marcos Bedo,Marcos Bedo,55,50,True,False,False,/graduacao/quadrodehorarios/turmas/100000462068,turma_e_encontros_exatos
2026-2-TCC00336-A1,2026-2,SI,,SI-P6,TCC00336,BANCO DE DADOS NÃO CONVENCIONAIS,A1,A1,IC,Daniel,Daniel,52,51,True,False,False,/graduacao/quadrodehorarios/turmas/100000457658,turma_e_encontros_exatos
2026-2-TCC00337-A1,2026-2,SI,,SI-P5,TCC00337,INTRODUÇÃO A INTERAÇÃO HUMANO-COMPUTADOR,A1,A1,IC,Daniela,Daniela,62,58,True,False,True,/graduacao/quadrodehorarios/turmas/100000462041,turma_e_encontros_exatos
2026-2-TCC00338-A1,2026-2,SI,,SI-P6,TCC00338,PROJETO DE SOFTWARE,A1,A1,IC,Paulo Pires,Paulo Pires,61,48,True,False,False,/graduacao/quadrodehorarios/turmas/100000462075,turma_e_encontros_exatos
2026-2-TCC00341-A1,2026-2,SI,,SI-P7,TCC00341,SEGURANÇA DA INFORMAÇÃO,A1,A1,IC,Raphael Machado,Raphael Machado,65,61,True,False,False,/graduacao/quadrodehorarios/turmas/100000462086,turma_e_encontros_exatos
2026-2-TCC00344-A1,2026-2,CC,,CC-P7,TCC00344,LAB. DE PROGRAMAÇÃO PARALELA,AA,A1,IC,Lucia,Lucia,60,55,True,False,False,/graduacao/quadrodehorarios/turmas/100000462111,encontros_exatos
2026-2-TCC00346-AA,2026-2,CC,,CC-P1,TCC00346,LAB. DE RESOLUÇÃO DE PROBLEMAS,AA,A-A/C-A,IC,Andre Renato,Andre Renato,36,35,True,False,False,/graduacao/quadrodehorarios/turmas/100000462112,turma_contida_e_encontros_contidos
2026-2-TCC00346-BA,2026-2,CC,,CC-P1,TCC00346,LAB. DE RESOLUÇÃO DE PROBLEMAS,BA,A-A/C-A,IC,Andre Renato,Andre Renato,35,31,True,False,False,/graduacao/quadrodehorarios/turmas/100000462113,encontros_contidos
2026-2-TCC00347-A1,2026-2,CC,,CC-P2,TCC00347,PROGRAMAÇÃO ESTRUTURADA,A1,A1,IC,Aline Paes,Aline Paes,50,50,True,False,False,/graduacao/quadrodehorarios/turmas/100000462059,turma_e_encontros_exatos
2026-2-TCC00347-B1,2026-2,CC,,CC-P2,TCC00347,PROGRAMAÇÃO ESTRUTURADA,B1,B1,IC,Rosseti,Rosseti,50,46,True,False,False,/graduacao/quadrodehorarios/turmas/100000462058,turma_e_encontros_exatos
2026-2-TCC00348-A1,2026-2,CC,,CC-P3,TCC00348,ESTRUTURAS DE DADOS E SEUS ALGORITMOS,A1,A1,IC,Rosseti,Rosseti,54,50,True,False,True,/graduacao/quadrodehorarios/turmas/100000462005,turma_e_encontros_exatos
2026-2-TCC00348-B1,2026-2,CC,,CC-P3,TCC00348,ESTRUTURAS DE DADOS E SEUS ALGORITMOS,B1,B1,IC,Vanessa,Vanessa,50,50,True,False,False,/graduacao/quadrodehorarios/turmas/100000462006,turma_e_encontros_exatos
2026-2-TCC00349-A1,2026-2,CC,,CC-P5,TCC00349,AVALIAÇÃO DE DESEMPENHO,A1,A1,IC,Guto,Guto,60,35,True,False,False,/graduacao/quadrodehorarios/turmas/100000457657,turma_e_encontros_exatos
2026-2-TCC00354-A1,2026-2,SI,,SI-P1,TCC00354,FUNDAMENTOS MATEMÁTICOS PARA COMP.,A1,A1,IC,,Martinhon;Raquel,45,42,True,False,False,/graduacao/quadrodehorarios/turmas/100000462029,turma_e_encontros_exatos
2026-2-TCC00354-B1,2026-2,SI,,SI-P1,TCC00354,FUNDAMENTOS MATEMÁTICOS PARA COMP.,B1,B1,IC,Thiago,Thiago,45,43,True,False,False,/graduacao/quadrodehorarios/turmas/100000462031,turma_e_encontros_exatos
2026-2-TCC00355-E-A,2026-2,SI,,SI-P1,TCC00355,LABORATÓRIO DE RESOLUÇÃO DE PROBLEMAS,EA,E-A,IC,Miguel,Miguel,47,42,True,False,False,/graduacao/quadrodehorarios/turmas/100000462105,turma_e_encontros_exatos
2026-2-TCC00355-F-A,2026-2,SI,,SI-P1,TCC00355,LABORATÓRIO DE RESOLUÇÃO DE PROBLEMAS,FA,F-A,IC,Andre Silveira,Andre Silveira,45,39,True,False,False,/graduacao/quadrodehorarios/turmas/100000462107,turma_e_encontros_exatos
2026-2-TCC00356-A1,2026-2,SI,,SI-P2,TCC00356,PROGRAMAÇÃO DE COMPUTADORES II,A1,A1,IC,Patrick,Patrick,47,30,True,False,False,/graduacao/quadrodehorarios/turmas/100000462056,turma_e_encontros_exatos
2026-2-TCC00356-B1,2026-2,SI,,SI-P2,TCC00356,PROGRAMAÇÃO DE COMPUTADORES II,B1,B1,IC,Patrick,Patrick,45,34,True,False,False,/graduacao/quadrodehorarios/turmas/100000462057,turma_e_encontros_exatos
2026-2-TCC00357-A1,2026-2,SI,,SI-P4,TCC00357,PROG. ORIENTADA A OBJETOS I,A1,A1,IC,Igor Machado,Igor Machado,66,62,True,False,False,/graduacao/quadrodehorarios/turmas/100000462063,turma_e_encontros_exatos
2026-2-TCC00358-A1,2026-2,SI,,SI-P3,TCC00358,SISTEMAS COMPUTACIONAIS,A1,A1,IC,Aline Nascimento,Aline Nascimento,40,37,True,False,False,/graduacao/quadrodehorarios/turmas/100000462087,turma_e_encontros_exatos
2026-2-TCC00358-B1,2026-2,SI,,SI-P3,TCC00358,SISTEMAS COMPUTACIONAIS,B1,B1,IC,Cristina Boeres,Cristina Boeres,40,29,True,False,False,/graduacao/quadrodehorarios/turmas/100000462094,turma_e_encontros_exatos
2026-2-TCC00359-A1,2026-2,SI,,SI-P4,TCC00359,REDES DE COMPUTADORES,A1,A1,IC,Igor Moraes,Igor Moraes,75,71,True,False,False,/graduacao/quadrodehorarios/turmas/100000462077,turma_e_encontros_exatos
2026-2-TCC00360-A1,2026-2,SI,,SI-P6,TCC00360,VISUALIZAÇÃO DE DADOS,A1,A1,IC,Marcos Lage,Marcos Lage,60,55,True,False,False,/graduacao/quadrodehorarios/turmas/100000462103,turma_e_encontros_exatos
2026-2-TCC00361-A1,2026-2,SI,,SI-P6,TCC00361,INTRODUÇÃO AO DESENVOLVIMENTO WEB,A1,A1,IC,Viterbo,Viterbo,87,76,True,False,True,/graduacao/quadrodehorarios/turmas/100000462042,turma_e_encontros_exatos
2026-2-TCC00362-A1,2026-2,SI,,SI-P5,TCC00362,SISTEMAS DISTRIBUÍDOS PARA SI,A1,A1,IC,Raphael Guerra,Raphael Guerra,63,61,True,False,False,/graduacao/quadrodehorarios/turmas/100000462099,turma_e_encontros_exatos
2026-2-TCC00363-A1,2026-2,SI,,SI-P7,TCC00363,GERÊNCIA DE PROJETOS E MANUT DE SOFTWARE,A1,A1,IC,Rebeca,Rebeca,61,60,True,False,False,/graduacao/quadrodehorarios/turmas/100000462036,turma_e_encontros_exatos
2026-2-TCC00365-A1,2026-2,SI,,SI-P8,TCC00365,QUALIDADE E TESTE DE SOFTWARE,A1,A1,IC,Vania,Vania,54,52,True,False,False,/graduacao/quadrodehorarios/turmas/100000462076,turma_e_encontros_exatos
2026-2-TCC00366-A1,2026-2,SI,,SI-P1,TCC00366,PROGRAMAÇÃO DE COMPUTADORES I,A1,A1,IC,Yuri,Yuri,44,31,True,False,False,/graduacao/quadrodehorarios/turmas/100000462052,turma_e_encontros_exatos
2026-2-TCC00366-B1,2026-2,SI,,SI-P1,TCC00366,PROGRAMAÇÃO DE COMPUTADORES I,B1,B1,IC,Leo Cruz,Leo Cruz,48,39,True,False,False,/graduacao/quadrodehorarios/turmas/100000462053,turma_e_encontros_exatos
2026-2-TCC00368-A1,2026-2,SI,,,TCC00368,P.O. PARA S.I. (WEB AVANC.),A1,A1,IC,Andre Renato,Andre Renato,61,58,,False,False,/graduacao/quadrodehorarios/turmas/100000457765,turma_e_encontros_exatos
2026-2-TCC00371-A1,2026-2,CC,,,TCC00371,ÉTICA EM INT. ARTIFICIAL E CIÊNCIA DE DADOS,A1,A1,IC,Mariza,Mariza,52,32,,False,True,/graduacao/quadrodehorarios/turmas/100000462014,turma_e_encontros_exatos
